-- seed_data_big_2x.sql  —  large demo data for SIPMS (2x scale)
-- Generated on 2025-12-12 (Asia/Bangkok)
USE sipms;

SET FOREIGN_KEY_CHECKS = 0;

DELETE FROM audit_log;
DELETE FROM stock_movement;
DELETE FROM sales_order_item;
DELETE FROM purchase_order_item;
DELETE FROM inventory_level;
DELETE FROM sales_order;
DELETE FROM purchase_order;
DELETE FROM app_user;
DELETE FROM role;
DELETE FROM supplier;
DELETE FROM product;
DELETE FROM category;
DELETE FROM location;

-- =========================
-- Roles
-- =========================
INSERT INTO role
  (role_id, role_name, description)
VALUES
  (1, 'ADMIN', 'System administrator'), (2, 'MANAGER', 'Warehouse/store manager'), (3, 'CLERK', 'Inventory clerk');


-- =========================
-- Users
-- =========================
INSERT INTO app_user
  (user_id, username, password_hash, full_name, email, role_id, status)
VALUES
  (1, 'admin', 'demo_admin', 'System Admin', 'sys.admin@gmail.com', 1, 'ACTIVE'), (2, 'manager02', 'demo_manager', 'Ngo Van Trang', 'ngo.van.trang12@gmail.com', 2, 'ACTIVE'),
  (3, 'manager03', 'demo_manager', 'Ly Ngoc Binh', 'ly.ngoc.binh13@gmail.com', 2, 'ACTIVE'), (4, 'manager04', 'demo_manager', 'Phan Tuan Yen', 'phan.tuan.yen14@gmail.com', 2, 'ACTIVE'),
  (5, 'manager05', 'demo_manager', 'Dinh Huu Binh', 'dinh.huu.binh15@gmail.com', 2, 'ACTIVE'), (6, 'manager06', 'demo_manager', 'Phan Gia Trang', 'phan.gia.trang16@gmail.com', 2, 'ACTIVE'),
  (7, 'manager07', 'demo_manager', 'Hoang Hoai Tien', 'hoang.hoai.tien17@gmail.com', 2, 'ACTIVE'), (8, 'manager08', 'demo_manager', 'Dinh Hong Anh', 'dinh.hong.anh18@gmail.com', 2, 'ACTIVE'),
  (9, 'manager09', 'demo_manager', 'Vu Thanh Phong', 'vu.thanh.phong19@gmail.com', 2, 'ACTIVE'), (10, 'clerk010', 'demo_clerk', 'Nguyen Ngoc Cuong', 'nguyen.ngoc.cuong20@gmail.com', 3, 'ACTIVE'),
  (11, 'clerk011', 'demo_clerk', 'Pham Huu Dao', 'pham.huu.dao21@gmail.com', 3, 'ACTIVE'), (12, 'clerk012', 'demo_clerk', 'Hoang Bao Phong', 'hoang.bao.phong22@gmail.com', 3, 'ACTIVE'),
  (13, 'clerk013', 'demo_clerk', 'Vo Ngoc Quyen', 'vo.ngoc.quyen23@gmail.com', 3, 'ACTIVE'), (14, 'clerk014', 'demo_clerk', 'Vu Huu Khoa', 'vu.huu.khoa24@gmail.com', 3, 'ACTIVE'),
  (15, 'clerk015', 'demo_clerk', 'Phan Quang Chi', 'phan.quang.chi25@gmail.com', 3, 'ACTIVE'), (16, 'clerk016', 'demo_clerk', 'Duong Khanh Yen', 'duong.khanh.yen26@gmail.com', 3, 'ACTIVE'),
  (17, 'clerk017', 'demo_clerk', 'Nguyen Hoai Lan', 'nguyen.hoai.lan27@gmail.com', 3, 'ACTIVE'), (18, 'clerk018', 'demo_clerk', 'Dinh Quang Tien', 'dinh.quang.tien28@gmail.com', 3, 'ACTIVE'),
  (19, 'clerk019', 'demo_clerk', 'Do Khanh Trang', 'do.khanh.trang29@gmail.com', 3, 'ACTIVE'), (20, 'clerk020', 'demo_clerk', 'Ngo Huu Quan', 'ngo.huu.quan30@gmail.com', 3, 'ACTIVE'),
  (21, 'clerk021', 'demo_clerk', 'Vu Phuong Hoa', 'vu.phuong.hoa31@gmail.com', 3, 'ACTIVE'), (22, 'clerk022', 'demo_clerk', 'Duong Thi Quan', 'duong.thi.quan32@gmail.com', 3, 'ACTIVE'),
  (23, 'clerk023', 'demo_clerk', 'Ngo Phuong Phuong', 'ngo.phuong.phuong33@gmail.com', 3, 'ACTIVE'), (24, 'clerk024', 'demo_clerk', 'Dinh Thi Hieu', 'dinh.thi.hieu34@gmail.com', 3, 'ACTIVE'),
  (25, 'clerk025', 'demo_clerk', 'Bui Hong Nhi', 'bui.hong.nhi35@gmail.com', 3, 'ACTIVE'), (26, 'clerk026', 'demo_clerk', 'Ly Van Hieu', 'ly.van.hieu36@gmail.com', 3, 'ACTIVE'),
  (27, 'clerk027', 'demo_clerk', 'Hoang Minh Quyen', 'hoang.minh.quyen37@gmail.com', 3, 'ACTIVE'), (28, 'clerk028', 'demo_clerk', 'Vo Khanh Nhat', 'vo.khanh.nhat38@gmail.com', 3, 'ACTIVE'),
  (29, 'clerk029', 'demo_clerk', 'Le Khanh Trang', 'le.khanh.trang39@gmail.com', 3, 'ACTIVE'), (30, 'clerk030', 'demo_clerk', 'Bui Bao Khoa', 'bui.bao.khoa40@gmail.com', 3, 'INACTIVE'),
  (31, 'clerk031', 'demo_clerk', 'Le Anh Phuong', 'le.anh.phuong41@gmail.com', 3, 'ACTIVE'), (32, 'clerk032', 'demo_clerk', 'Dang Anh Cuong', 'dang.anh.cuong42@gmail.com', 3, 'ACTIVE'),
  (33, 'clerk033', 'demo_clerk', 'Pham Hong Nhi', 'pham.hong.nhi43@gmail.com', 3, 'ACTIVE'), (34, 'clerk034', 'demo_clerk', 'Dang Van Binh', 'dang.van.binh44@gmail.com', 3, 'ACTIVE');


-- =========================
-- Categories
-- =========================
INSERT INTO category
  (category_id, name, description, status)
VALUES
  (1, 'Electronics', 'Computers, peripherals, and accessories', 'ACTIVE'), (2, 'Office Supplies', 'Paper, writing tools, and office essentials', 'ACTIVE'),
  (3, 'Food & Beverage', 'Pantry items, drinks, and snacks', 'ACTIVE'), (4, 'Cleaning', 'Cleaning chemicals and tools', 'ACTIVE'),
  (5, 'Packaging', 'Boxes, tapes, and packing materials', 'ACTIVE'), (6, 'Maintenance', 'Tools and maintenance supplies', 'ACTIVE'),
  (7, 'Safety', 'PPE and safety equipment', 'ACTIVE'), (8, 'Stationery', 'Notebooks, markers, and desk items', 'ACTIVE');


-- =========================
-- Suppliers
-- =========================
INSERT INTO supplier
  (supplier_id, name, contact_name, phone, email, address, payment_terms, status)
VALUES
  (1, 'Alpha Supply', 'Tran Hoai Son', '+84-95-541-3385', 'alphasupply.vn@gmail.com', 'Hai Phong, Vietnam', 'Net 7', 'ACTIVE'),
  (2, 'Beta Trading', 'Huynh Thanh Ha', '+84-91-724-7267', 'betatrading.vn@gmail.com', 'Quy Nhon, Vietnam', 'Net 30', 'ACTIVE'),
  (3, 'Gamma Wholesale', 'Hoang Anh Tien', '+84-94-570-5183', 'gammawholesale.vn@gmail.com', 'Ha Noi, Vietnam', 'COD', 'ACTIVE'),
  (4, 'Delta Goods', 'Huynh Minh Nhi', '+84-95-701-5901', 'deltagoods.vn@gmail.com', 'Vung Tau, Vietnam', 'Net 45', 'ACTIVE'),
  (5, 'Epsilon Mart', 'Dang Duc Thai', '+84-97-209-4886', 'epsilonmart.vn@gmail.com', 'Vung Tau, Vietnam', 'Net 7', 'ACTIVE'),
  (6, 'Nova Imports', 'Dang Hoai Anh', '+84-96-381-1132', 'novaimports.vn@gmail.com', 'Quy Nhon, Vietnam', 'Net 15', 'ACTIVE'),
  (7, 'Pacific Distributors', 'Dinh Hoai Long', '+84-99-921-6772', 'pacificdistributors.vn@gmail.com', 'Hai Phong, Vietnam', 'Net 30', 'ACTIVE'),
  (8, 'Saigon Supply', 'Hoang Hong Phuong', '+84-90-416-8222', 'saigonsupply.vn@gmail.com', 'Ha Noi, Vietnam', 'Net 7', 'ACTIVE'),
  (9, 'Hanoi Trading', 'Hoang Minh Phong', '+84-95-865-7807', 'hanoitrading.vn@gmail.com', 'Da Nang, Vietnam', 'Net 30', 'ACTIVE'),
  (10, 'Mekong Wholesale', 'Do Gia Ha', '+84-94-944-8894', 'mekongwholesale.vn@gmail.com', 'Can Tho, Vietnam', 'Net 45', 'ACTIVE'),
  (11, 'VietStar Supplies', 'Ly Minh Hieu', '+84-93-980-7511', 'vietstarsupplies.vn@gmail.com', 'Hue, Vietnam', 'Net 45', 'ACTIVE'),
  (12, 'Sunrise Trading', 'Ngo Van Huong', '+84-98-226-8451', 'sunrisetrading.vn@gmail.com', 'Nha Trang, Vietnam', 'Net 45', 'ACTIVE'),
  (13, 'GreenField Goods', 'Do Hong Long', '+84-97-125-6374', 'greenfieldgoods.vn@gmail.com', 'Quy Nhon, Vietnam', 'Net 30', 'ACTIVE'),
  (14, 'Lotus Distribution', 'Ly Hoai Phuong', '+84-96-219-3290', 'lotusdistribution.vn@gmail.com', 'Ha Noi, Vietnam', 'Net 15', 'ACTIVE'),
  (15, 'RedRiver Supply', 'Dinh Hong Dung', '+84-93-650-3222', 'redriversupply.vn@gmail.com', 'Vung Tau, Vietnam', 'COD', 'ACTIVE'),
  (16, 'Oceanic Trading', 'Duong Quang Nga', '+84-91-953-9017', 'oceanictrading.vn@gmail.com', 'Quy Nhon, Vietnam', 'COD', 'ACTIVE'),
  (17, 'BlueSky Wholesale', 'Vo Thi Son', '+84-93-554-8285', 'blueskywholesale.vn@gmail.com', 'Hai Phong, Vietnam', 'Net 45', 'ACTIVE'),
  (18, 'GoldLeaf Goods', 'Do Tuan Bich', '+84-96-382-4109', 'goldleafgoods.vn@gmail.com', 'Ho Chi Minh City, Vietnam', 'COD', 'ACTIVE'),
  (19, 'SilverLine Supply', 'Phan Van Binh', '+84-95-349-3063', 'silverlinesupply.vn@gmail.com', 'Quy Nhon, Vietnam', 'Net 30', 'ACTIVE'),
  (20, 'TanPhat Trading', 'Phan Duc Hoa', '+84-95-892-3417', 'tanphattrading.vn@gmail.com', 'Quy Nhon, Vietnam', 'Net 15', 'ACTIVE'),
  (21, 'An Phu Supplies', 'Hoang Quang Khoa', '+84-94-917-3858', 'anphusupplies.vn@gmail.com', 'Ho Chi Minh City, Vietnam', 'Net 15', 'ACTIVE'),
  (22, 'Minh Chau Wholesale', 'Do Anh Van', '+84-95-116-3854', 'minhchauwholesale.vn@gmail.com', 'Can Tho, Vietnam', 'Net 15', 'ACTIVE'),
  (23, 'Khanh Linh Distribution', 'Duong Hong Cuong', '+84-97-559-6931', 'khanhlinhdistribution.vn@gmail.com', 'Hue, Vietnam', 'Net 7', 'ACTIVE'),
  (24, 'Thien Long Trading', 'Vu Thi Thao', '+84-94-569-1510', 'thienlongtrading.vn@gmail.com', 'Ha Noi, Vietnam', 'COD', 'ACTIVE');


-- =========================
-- Locations
-- =========================
INSERT INTO location
  (location_id, name, type, address, status)
VALUES
  (1, 'WH01 - Central Warehouse', 'WAREHOUSE', 'KCN Bac Thang Long, Ha Noi', 'ACTIVE'),
  (2, 'WH02 - South Warehouse', 'WAREHOUSE', 'Thu Duc, Ho Chi Minh City', 'ACTIVE'),
  (3, 'WH03 - Da Nang Warehouse', 'WAREHOUSE', 'Lien Chieu, Da Nang', 'ACTIVE'),
  (4, 'WH04 - Mekong Warehouse', 'WAREHOUSE', 'Ninh Kieu, Can Tho', 'ACTIVE'),
  (5, 'WH05 - North Hub', 'WAREHOUSE', 'Le Chan, Hai Phong', 'ACTIVE'),
  (6, 'ST01 - VinUni Store', 'STORE', 'VinUniversity, Ha Noi', 'ACTIVE'),
  (7, 'ST02 - Campus Store A', 'STORE', 'Cau Giay, Ha Noi', 'ACTIVE'),
  (8, 'ST03 - Campus Store B', 'STORE', 'Nam Tu Liem, Ha Noi', 'ACTIVE'),
  (9, 'ST04 - Downtown HCMC', 'STORE', 'District 1, Ho Chi Minh City', 'ACTIVE'),
  (10, 'ST05 - HCMC East', 'STORE', 'Thu Duc, Ho Chi Minh City', 'ACTIVE'),
  (11, 'ST06 - Da Nang Center', 'STORE', 'Hai Chau, Da Nang', 'ACTIVE'),
  (12, 'ST07 - Hai Phong Center', 'STORE', 'Hong Bang, Hai Phong', 'ACTIVE'),
  (13, 'ST08 - Can Tho Center', 'STORE', 'Ninh Kieu, Can Tho', 'ACTIVE'),
  (14, 'ST09 - Nha Trang Store', 'STORE', 'Nha Trang, Khanh Hoa', 'ACTIVE'),
  (15, 'ST10 - Hue Store', 'STORE', 'Hue, Thua Thien Hue', 'ACTIVE'),
  (16, 'ST11 - Quy Nhon Store', 'STORE', 'Quy Nhon, Binh Dinh', 'ACTIVE');


-- =========================
-- Products (120)
-- =========================
INSERT INTO product
  (product_id, category_id, name, sku, barcode, description, unit_price, unit_of_measure, reorder_level, status)
VALUES
  (1, 1, 'VietTech Ethernet Cable Cat6 1m - Eco', 'EL-001', 141116573584, 'Ethernet Cable Cat6 1m for daily operations', 57000, 'piece', 40, 'ACTIVE'),
  (2, 1, 'VietTech External Monitor 32"', 'EL-002', 116107107737, 'External Monitor 32" for daily operations', 2322000, 'piece', 10, 'ACTIVE'),
  (3, 1, 'Hikari Bluetooth Headset', 'EL-003', 138180332966, 'Bluetooth Headset for daily operations', 1366000, 'piece', 25, 'ACTIVE'),
  (4, 1, 'VietTech Power Adapter 65W - Premium', 'EL-004', 168833060730, 'Power Adapter 65W for daily operations', 598000, 'piece', 20, 'ACTIVE'),
  (5, 1, 'VietTech USB Hub 4-Port - Standard', 'EL-005', 157660033943, 'USB Hub 4-Port for daily operations', 583000, 'piece', 20, 'ACTIVE'),
  (6, 1, 'Hikari USB-C Cable 5m', 'EL-006', 120215727379, 'USB-C Cable 5m for daily operations', 105000, 'piece', 20, 'ACTIVE'),
  (7, 1, 'Hikari Power Adapter 65W - Premium', 'EL-007', 121616047600, 'Power Adapter 65W for daily operations', 296000, 'piece', 40, 'ACTIVE'),
  (8, 1, 'Nova HDMI Cable 1m', 'EL-008', 145992368087, 'HDMI Cable 1m for daily operations', 176000, 'piece', 40, 'ACTIVE'),
  (9, 1, 'SunPro Mechanical Keyboard - Eco', 'EL-009', 121373225387, 'Mechanical Keyboard for daily operations', 1797000, 'piece', 40, 'ACTIVE'),
  (10, 1, 'Nova External Monitor 24" - Standard', 'EL-010', 145989487095, 'External Monitor 24" for daily operations', 4821000, 'piece', 40, 'ACTIVE'),
  (11, 1, 'VietTech Ethernet Cable Cat6 3m - Premium', 'EL-011', 117824582571, 'Ethernet Cable Cat6 3m for daily operations', 143000, 'piece', 20, 'ACTIVE'),
  (12, 1, 'Nova Wireless Mouse', 'EL-012', 137121334999, 'Wireless Mouse for daily operations', 375000, 'piece', 25, 'ACTIVE'),
  (13, 1, 'Nova Ethernet Cable Cat6 5m - Eco', 'EL-013', 140664478749, 'Ethernet Cable Cat6 5m for daily operations', 135000, 'piece', 30, 'ACTIVE'),
  (14, 1, 'Orion External Monitor 32"', 'EL-014', 158960052375, 'External Monitor 32" for daily operations', 3098000, 'piece', 15, 'ACTIVE'),
  (15, 1, 'VietTech Wireless Mouse', 'EL-015', 196555794399, 'Wireless Mouse for daily operations', 201000, 'piece', 50, 'ACTIVE'),
  (16, 1, 'Orion Power Adapter 20W - Standard', 'EL-016', 180729735682, 'Power Adapter 20W for daily operations', 507000, 'piece', 30, 'ACTIVE'),
  (17, 1, 'Hikari USB-C Cable 1m - Eco', 'EL-017', 199200452323, 'USB-C Cable 1m for daily operations', 78000, 'piece', 10, 'ACTIVE'),
  (18, 1, 'Orion Mechanical Keyboard', 'EL-018', 179486780724, 'Mechanical Keyboard for daily operations', 767000, 'piece', 50, 'ACTIVE'),
  (19, 2, 'OfficePro Sticky Notes 3x3 (Pack) - Premium', 'OF-001', 283708291861, 'Sticky Notes 3x3 (Pack) for daily operations', 51000, 'pack', 10, 'ACTIVE'),
  (20, 2, 'VinaPaper Highlighter Set (6 colors)', 'OF-002', 261235088433, 'Highlighter Set (6 colors) for daily operations', 123000, 'set', 15, 'INACTIVE'),
  (21, 2, 'VinaPaper File Folder A4 (Pack of 10)', 'OF-003', 277568028623, 'File Folder A4 (Pack of 10) for daily operations', 36000, 'pack', 50, 'ACTIVE'),
  (22, 2, 'SmartDesk Notebook 100 pages', 'OF-004', 245068953259, 'Notebook 100 pages for daily operations', 45000, 'piece', 50, 'ACTIVE'),
  (23, 2, 'OfficePro Stapler Heavy Duty - Eco', 'OF-005', 298784219449, 'Stapler Heavy Duty for daily operations', 165000, 'piece', 25, 'ACTIVE'),
  (24, 2, 'VinaPaper Highlighter Set (6 colors) - Premium', 'OF-006', 219555002319, 'Highlighter Set (6 colors) for daily operations', 131000, 'set', 10, 'ACTIVE'),
  (25, 2, 'OfficePro Stapler Heavy Duty', 'OF-007', 217005533878, 'Stapler Heavy Duty for daily operations', 128000, 'piece', 10, 'ACTIVE'),
  (26, 2, 'VinaPaper Desk Organizer', 'OF-008', 245381960493, 'Desk Organizer for daily operations', 231000, 'piece', 25, 'ACTIVE'),
  (27, 2, 'OfficePro Notebook 200 pages - Standard', 'OF-009', 269302748061, 'Notebook 200 pages for daily operations', 24000, 'piece', 10, 'ACTIVE'),
  (28, 2, 'Lotus Printer Ink Cartridge - Standard', 'OF-010', 271895212988, 'Printer Ink Cartridge for daily operations', 305000, 'piece', 40, 'ACTIVE'),
  (29, 2, 'VinaPaper Ballpoint Pen (Box of 50) - Standard', 'OF-011', 256077326507, 'Ballpoint Pen (Box of 50) for daily operations', 48000, 'box', 15, 'ACTIVE'),
  (30, 2, 'SmartDesk Sticky Notes 3x3 (Pack) - Premium', 'OF-012', 233286804321, 'Sticky Notes 3x3 (Pack) for daily operations', 35000, 'pack', 25, 'ACTIVE'),
  (31, 2, 'SmartDesk Ballpoint Pen (Box of 50)', 'OF-013', 214715482085, 'Ballpoint Pen (Box of 50) for daily operations', 83000, 'box', 30, 'ACTIVE'),
  (32, 2, 'OfficePro Ballpoint Pen (Box of 50) - Premium', 'OF-014', 276170044538, 'Ballpoint Pen (Box of 50) for daily operations', 72000, 'box', 15, 'ACTIVE'),
  (33, 2, 'OfficePro A4 Paper Ream 80gsm - Standard', 'OF-015', 246036587044, 'A4 Paper Ream 80gsm for daily operations', 79000, 'ream', 20, 'ACTIVE'),
  (34, 2, 'SmartDesk Sticky Notes 3x3 (Pack) - Premium', 'OF-016', 249470310796, 'Sticky Notes 3x3 (Pack) for daily operations', 31000, 'pack', 10, 'ACTIVE'),
  (35, 2, 'VinaPaper Sticky Notes 3x3 (Pack) - Eco', 'OF-017', 214540490283, 'Sticky Notes 3x3 (Pack) for daily operations', 55000, 'pack', 25, 'ACTIVE'),
  (36, 2, 'OfficePro Sticky Notes 3x3 (Pack)', 'OF-018', 282845990690, 'Sticky Notes 3x3 (Pack) for daily operations', 23000, 'pack', 50, 'ACTIVE'),
  (37, 3, 'VietFood Cooking Oil 1L - Premium', 'FB-001', 324619104687, 'Cooking Oil 1L for daily operations', 81000, 'bottle', 15, 'ACTIVE'),
  (38, 3, 'VietFood Instant Noodles (Pack of 5) - Standard', 'FB-002', 390132807570, 'Instant Noodles (Pack of 5) for daily operations', 36000, 'pack', 30, 'ACTIVE'),
  (39, 3, 'Mekong Chocolate Bar - Eco', 'FB-003', 345384886749, 'Chocolate Bar for daily operations', 22000, 'piece', 15, 'ACTIVE'),
  (40, 3, 'Sunrise Chocolate Bar - Eco', 'FB-004', 322608882779, 'Chocolate Bar for daily operations', 10000, 'piece', 25, 'ACTIVE'),
  (41, 3, 'VietFood Cooking Oil 1L', 'FB-005', 338078925963, 'Cooking Oil 1L for daily operations', 77000, 'bottle', 20, 'ACTIVE'),
  (42, 3, 'VietFood Snack Nuts 100g - Premium', 'FB-006', 350241812434, 'Snack Nuts 100g for daily operations', 30000, 'pack', 25, 'ACTIVE'),
  (43, 3, 'VietFood Chocolate Bar', 'FB-007', 325734134727, 'Chocolate Bar for daily operations', 14000, 'piece', 20, 'ACTIVE'),
  (44, 3, 'Mekong Bottled Water 500ml - Eco', 'FB-008', 392814512603, 'Bottled Water 500ml for daily operations', 7000, 'bottle', 40, 'ACTIVE'),
  (45, 3, 'Sunrise Chocolate Bar - Eco', 'FB-009', 317928955072, 'Chocolate Bar for daily operations', 12000, 'piece', 40, 'ACTIVE'),
  (46, 3, 'VietFood Chocolate Bar', 'FB-010', 396461212064, 'Chocolate Bar for daily operations', 18000, 'piece', 15, 'ACTIVE'),
  (47, 3, 'Sunrise Rice 5kg', 'FB-011', 322926432934, 'Rice 5kg for daily operations', 129000, 'bag', 40, 'ACTIVE'),
  (48, 3, 'VietFood Rice 5kg - Eco', 'FB-012', 385516303568, 'Rice 5kg for daily operations', 138000, 'bag', 25, 'ACTIVE'),
  (49, 3, 'Lotus Chocolate Bar', 'FB-013', 361105492160, 'Chocolate Bar for daily operations', 16000, 'piece', 40, 'ACTIVE'),
  (50, 3, 'Lotus Bottled Water 500ml', 'FB-014', 344058579637, 'Bottled Water 500ml for daily operations', 6000, 'bottle', 50, 'ACTIVE'),
  (51, 3, 'VietFood Milk Box 180ml - Premium', 'FB-015', 369832398633, 'Milk Box 180ml for daily operations', 79000, 'box', 40, 'ACTIVE'),
  (52, 3, 'Lotus Green Tea Bottle 450ml - Premium', 'FB-016', 362003874727, 'Green Tea Bottle 450ml for daily operations', 8000, 'bottle', 50, 'ACTIVE'),
  (53, 3, 'Sunrise Green Tea Bottle 450ml - Eco', 'FB-017', 341042286266, 'Green Tea Bottle 450ml for daily operations', 8000, 'bottle', 40, 'ACTIVE'),
  (54, 3, 'Lotus Snack Nuts 100g', 'FB-018', 358443472984, 'Snack Nuts 100g for daily operations', 61000, 'pack', 30, 'ACTIVE'),
  (55, 4, 'CleanMax Microfiber Cloth (Pack of 5)', 'CL-001', 432596747212, 'Microfiber Cloth (Pack of 5) for daily operations', 109000, 'pack', 20, 'INACTIVE'),
  (56, 4, 'SafeClean Mop Set - Eco', 'CL-002', 493478676081, 'Mop Set for daily operations', 179000, 'set', 25, 'ACTIVE'),
  (57, 4, 'SafeClean Disinfectant Wipes (Pack)', 'CL-003', 468878784464, 'Disinfectant Wipes (Pack) for daily operations', 35000, 'pack', 30, 'ACTIVE'),
  (58, 4, 'SafeClean Disinfectant Wipes (Pack) - Standard', 'CL-004', 493022576975, 'Disinfectant Wipes (Pack) for daily operations', 75000, 'pack', 40, 'ACTIVE'),
  (59, 4, 'SafeClean Trash Bag 60L (Roll) - Standard', 'CL-005', 462940552452, 'Trash Bag 60L (Roll) for daily operations', 69000, 'roll', 20, 'ACTIVE'),
  (60, 4, 'LotusCare Disinfectant Wipes (Pack) - Standard', 'CL-006', 435352356774, 'Disinfectant Wipes (Pack) for daily operations', 113000, 'pack', 30, 'ACTIVE'),
  (61, 4, 'SafeClean Floor Cleaner 3L - Premium', 'CL-007', 494095394278, 'Floor Cleaner 3L for daily operations', 128000, 'bottle', 20, 'ACTIVE'),
  (62, 4, 'LotusCare Laundry Detergent 2kg - Premium', 'CL-008', 421419677016, 'Laundry Detergent 2kg for daily operations', 137000, 'bag', 30, 'ACTIVE'),
  (63, 4, 'CleanMax Microfiber Cloth (Pack of 5) - Premium', 'CL-009', 451544341056, 'Microfiber Cloth (Pack of 5) for daily operations', 63000, 'pack', 50, 'ACTIVE'),
  (64, 4, 'FreshPro Floor Cleaner 1L - Standard', 'CL-010', 421890571177, 'Floor Cleaner 1L for daily operations', 103000, 'bottle', 25, 'ACTIVE'),
  (65, 4, 'LotusCare Disinfectant Wipes (Pack) - Standard', 'CL-011', 441781267043, 'Disinfectant Wipes (Pack) for daily operations', 53000, 'pack', 40, 'ACTIVE'),
  (66, 4, 'LotusCare Glass Cleaner Spray - Premium', 'CL-012', 472354153747, 'Glass Cleaner Spray for daily operations', 38000, 'bottle', 30, 'ACTIVE'),
  (67, 4, 'LotusCare Glass Cleaner Spray - Premium', 'CL-013', 473571600239, 'Glass Cleaner Spray for daily operations', 77000, 'bottle', 30, 'ACTIVE'),
  (68, 4, 'LotusCare Microfiber Cloth (Pack of 5)', 'CL-014', 482550674734, 'Microfiber Cloth (Pack of 5) for daily operations', 89000, 'pack', 50, 'ACTIVE'),
  (69, 5, 'Boxy Stretch Film (Roll) - Standard', 'PK-001', 546292773273, 'Stretch Film (Roll) for daily operations', 118000, 'roll', 50, 'ACTIVE'),
  (70, 5, 'VinaPack Shipping Label (Pack of 100) - Premium', 'PK-002', 571308929199, 'Shipping Label (Pack of 100) for daily operations', 29000, 'pack', 40, 'ACTIVE'),
  (71, 5, 'ShipMate Bubble Wrap 3m', 'PK-003', 527525947595, 'Bubble Wrap 3m for daily operations', 83000, 'roll', 15, 'ACTIVE'),
  (72, 5, 'Boxy Packing Tape 48mm (Roll)', 'PK-004', 567616418900, 'Packing Tape 48mm (Roll) for daily operations', 33000, 'roll', 30, 'ACTIVE'),
  (73, 5, 'VinaPack Carton Box Size 2 - Standard', 'PK-005', 512987248494, 'Carton Box Size 2 for daily operations', 44000, 'piece', 25, 'ACTIVE'),
  (74, 5, 'VinaPack Bubble Wrap 3m - Standard', 'PK-006', 586169673298, 'Bubble Wrap 3m for daily operations', 101000, 'roll', 25, 'ACTIVE'),
  (75, 5, 'VinaPack Stretch Film (Roll)', 'PK-007', 554619801932, 'Stretch Film (Roll) for daily operations', 158000, 'roll', 40, 'ACTIVE'),
  (76, 5, 'Boxy Stretch Film (Roll)', 'PK-008', 512294043548, 'Stretch Film (Roll) for daily operations', 155000, 'roll', 30, 'ACTIVE'),
  (77, 5, 'VinaPack Carton Box Size 1 - Premium', 'PK-009', 573852640355, 'Carton Box Size 1 for daily operations', 19000, 'piece', 10, 'ACTIVE'),
  (78, 5, 'VinaPack Bubble Wrap 2m - Eco', 'PK-010', 565317632535, 'Bubble Wrap 2m for daily operations', 116000, 'roll', 50, 'ACTIVE'),
  (79, 5, 'ShipMate Stretch Film (Roll)', 'PK-011', 512019952485, 'Stretch Film (Roll) for daily operations', 193000, 'roll', 10, 'ACTIVE'),
  (80, 5, 'PackPro Bubble Wrap 2m', 'PK-012', 513239406957, 'Bubble Wrap 2m for daily operations', 108000, 'roll', 15, 'ACTIVE'),
  (81, 5, 'Boxy Shipping Label (Pack of 100) - Premium', 'PK-013', 574966624404, 'Shipping Label (Pack of 100) for daily operations', 67000, 'pack', 10, 'ACTIVE'),
  (82, 5, 'VinaPack Packing Tape 48mm (Roll) - Eco', 'PK-014', 560538442525, 'Packing Tape 48mm (Roll) for daily operations', 22000, 'roll', 30, 'ACTIVE'),
  (83, 6, 'FixIt Cable Ties (Pack of 100) - Premium', 'MT-001', 652798149836, 'Cable Ties (Pack of 100) for daily operations', 24000, 'pack', 30, 'INACTIVE'),
  (84, 6, 'PowerMax LED Bulb 100W - Standard', 'MT-002', 619441754505, 'LED Bulb 100W for daily operations', 55000, 'piece', 40, 'ACTIVE'),
  (85, 6, 'FixIt Adjustable Wrench - Eco', 'MT-003', 691534990643, 'Adjustable Wrench for daily operations', 75000, 'piece', 20, 'ACTIVE'),
  (86, 6, 'BrightLite Cable Ties (Pack of 100)', 'MT-004', 698072430966, 'Cable Ties (Pack of 100) for daily operations', 39000, 'pack', 10, 'ACTIVE'),
  (87, 6, 'PowerMax Duct Tape (Roll)', 'MT-005', 697454931693, 'Duct Tape (Roll) for daily operations', 82000, 'roll', 50, 'ACTIVE'),
  (88, 6, 'PowerMax Adjustable Wrench - Premium', 'MT-006', 681871103554, 'Adjustable Wrench for daily operations', 231000, 'piece', 20, 'ACTIVE'),
  (89, 6, 'PowerMax AA Battery (Pack of 4) - Standard', 'MT-007', 690449144995, 'AA Battery (Pack of 4) for daily operations', 42000, 'pack', 20, 'ACTIVE'),
  (90, 6, 'FixIt Duct Tape (Roll) - Eco', 'MT-008', 673916119262, 'Duct Tape (Roll) for daily operations', 40000, 'roll', 50, 'ACTIVE'),
  (91, 6, 'PowerMax AA Battery (Pack of 4) - Eco', 'MT-009', 674547774977, 'AA Battery (Pack of 4) for daily operations', 79000, 'pack', 20, 'ACTIVE'),
  (92, 6, 'BrightLite Adjustable Wrench - Eco', 'MT-010', 645821482566, 'Adjustable Wrench for daily operations', 217000, 'piece', 40, 'ACTIVE'),
  (93, 6, 'FixIt AA Battery (Pack of 4)', 'MT-011', 639841701567, 'AA Battery (Pack of 4) for daily operations', 30000, 'pack', 15, 'ACTIVE'),
  (94, 6, 'ToolPro Extension Cord 10m - Standard', 'MT-012', 672237603717, 'Extension Cord 10m for daily operations', 69000, 'piece', 10, 'ACTIVE'),
  (95, 6, 'BrightLite Extension Cord 2m', 'MT-013', 676009440215, 'Extension Cord 2m for daily operations', 206000, 'piece', 30, 'ACTIVE'),
  (96, 6, 'BrightLite Cable Ties (Pack of 100) - Eco', 'MT-014', 673148281147, 'Cable Ties (Pack of 100) for daily operations', 35000, 'pack', 20, 'ACTIVE'),
  (97, 7, 'SecureMax Safety Gloves (Pair) - Premium', 'SF-001', 724240169990, 'Safety Gloves (Pair) for daily operations', 65000, 'pair', 30, 'ACTIVE'),
  (98, 7, 'SafeGuard Fire Extinguisher 2kg - Premium', 'SF-002', 746439355458, 'Fire Extinguisher 2kg for daily operations', 820000, 'piece', 30, 'ACTIVE'),
  (99, 7, 'SecureMax First Aid Kit - Eco', 'SF-003', 727096163003, 'First Aid Kit for daily operations', 606000, 'set', 15, 'ACTIVE'),
  (100, 7, 'SafeGuard Safety Helmet - Eco', 'SF-004', 729473961937, 'Safety Helmet for daily operations', 260000, 'piece', 10, 'ACTIVE'),
  (101, 7, 'ProShield First Aid Kit - Premium', 'SF-005', 777657727202, 'First Aid Kit for daily operations', 232000, 'set', 50, 'INACTIVE'),
  (102, 7, 'ProShield Safety Helmet - Standard', 'SF-006', 754841472063, 'Safety Helmet for daily operations', 214000, 'piece', 10, 'ACTIVE'),
  (103, 7, 'SafeGuard Safety Vest Reflective', 'SF-007', 776145534787, 'Safety Vest Reflective for daily operations', 83000, 'piece', 30, 'ACTIVE'),
  (104, 7, 'SafeGuard Safety Gloves (Pair) - Premium', 'SF-008', 790793240013, 'Safety Gloves (Pair) for daily operations', 37000, 'pair', 10, 'ACTIVE'),
  (105, 7, 'SecureMax Safety Gloves (Pair) - Standard', 'SF-009', 794208493099, 'Safety Gloves (Pair) for daily operations', 57000, 'pair', 15, 'ACTIVE'),
  (106, 7, 'ProShield Safety Vest Reflective - Standard', 'SF-010', 750496515783, 'Safety Vest Reflective for daily operations', 210000, 'piece', 30, 'ACTIVE'),
  (107, 7, 'SafeGuard Fire Extinguisher 2kg - Premium', 'SF-011', 738456370378, 'Fire Extinguisher 2kg for daily operations', 585000, 'piece', 40, 'ACTIVE'),
  (108, 7, 'SafeGuard Face Mask (Box of 50)', 'SF-012', 731797237662, 'Face Mask (Box of 50) for daily operations', 45000, 'box', 25, 'ACTIVE'),
  (109, 8, 'NoteMate Tape Dispenser - Eco', 'ST-001', 840204958203, 'Tape Dispenser for daily operations', 81000, 'piece', 40, 'ACTIVE'),
  (110, 8, 'NoteMate Paper Clips (Box)', 'ST-002', 843017066829, 'Paper Clips (Box) for daily operations', 28000, 'box', 50, 'ACTIVE'),
  (111, 8, 'WriteOn Tape Dispenser - Premium', 'ST-003', 824710859865, 'Tape Dispenser for daily operations', 114000, 'piece', 15, 'ACTIVE'),
  (112, 8, 'StudyPro Scissors', 'ST-004', 831730979919, 'Scissors for daily operations', 37000, 'piece', 30, 'ACTIVE'),
  (113, 8, 'NoteMate Tape Dispenser - Standard', 'ST-005', 870663637027, 'Tape Dispenser for daily operations', 133000, 'piece', 20, 'ACTIVE'),
  (114, 8, 'WriteOn Scissors', 'ST-006', 872250376461, 'Scissors for daily operations', 23000, 'piece', 30, 'INACTIVE'),
  (115, 8, 'WriteOn Glue Stick (Pack of 5) - Eco', 'ST-007', 846952668732, 'Glue Stick (Pack of 5) for daily operations', 19000, 'pack', 10, 'ACTIVE'),
  (116, 8, 'WriteOn Calculator', 'ST-008', 814083595988, 'Calculator for daily operations', 280000, 'piece', 40, 'ACTIVE'),
  (117, 8, 'StudyPro Tape Dispenser - Premium', 'ST-009', 880740262379, 'Tape Dispenser for daily operations', 128000, 'piece', 25, 'ACTIVE'),
  (118, 8, 'WriteOn Eraser for Whiteboard - Standard', 'ST-010', 874816392589, 'Eraser for Whiteboard for daily operations', 34000, 'piece', 25, 'ACTIVE'),
  (119, 8, 'StudyPro Calculator - Premium', 'ST-011', 867251070810, 'Calculator for daily operations', 262000, 'piece', 25, 'ACTIVE'),
  (120, 8, 'WriteOn Glue Stick (Pack of 5)', 'ST-012', 820543397009, 'Glue Stick (Pack of 5) for daily operations', 38000, 'pack', 20, 'ACTIVE');


-- =========================
-- Inventory Levels (product x location)
-- =========================
INSERT INTO inventory_level
  (product_id, location_id, quantity_on_hand)
VALUES
  (1, 1, 243), (1, 2, 219), (1, 3, 69), (1, 4, 278), (1, 5, 207), (1, 6, 83), (1, 7, 70), (1, 8, 27),
  (1, 9, 29), (1, 10, 58), (1, 11, 12), (1, 12, 40), (1, 13, 47), (1, 14, 87), (1, 15, 49), (1, 16, 48),
  (2, 1, 125), (2, 2, 230), (2, 3, 229), (2, 4, 113), (2, 5, 240), (2, 6, 21), (2, 7, 73), (2, 8, 71),
  (2, 9, 53), (2, 10, 85), (2, 11, 76), (2, 12, 6), (2, 13, 105), (2, 14, 13), (2, 15, 0), (2, 16, 61),
  (3, 1, 120), (3, 2, 218), (3, 3, 256), (3, 4, 272), (3, 5, 134), (3, 6, 14), (3, 7, 73), (3, 8, 54),
  (3, 9, 100), (3, 10, 82), (3, 11, 77), (3, 12, 85), (3, 13, 27), (3, 14, 39), (3, 15, 0), (3, 16, 18),
  (4, 1, 139), (4, 2, 57), (4, 3, 76), (4, 4, 261), (4, 5, 177), (4, 6, 0), (4, 7, 67), (4, 8, 71),
  (4, 9, 59), (4, 10, 39), (4, 11, 72), (4, 12, 0), (4, 13, 0), (4, 14, 9), (4, 15, 84), (4, 16, 77),
  (5, 1, 87), (5, 2, 169), (5, 3, 233), (5, 4, 171), (5, 5, 41), (5, 6, 49), (5, 7, 28), (5, 8, 94),
  (5, 9, 85), (5, 10, 28), (5, 11, 0), (5, 12, 24), (5, 13, 58), (5, 14, 21), (5, 15, 30), (5, 16, 0),
  (6, 1, 126), (6, 2, 176), (6, 3, 363), (6, 4, 319), (6, 5, 138), (6, 6, 101), (6, 7, 55), (6, 8, 9),
  (6, 9, 58), (6, 10, 8), (6, 11, 73), (6, 12, 74), (6, 13, 14), (6, 14, 0), (6, 15, 79), (6, 16, 88),
  (7, 1, 62), (7, 2, 223), (7, 3, 287), (7, 4, 100), (7, 5, 125), (7, 6, 55), (7, 7, 57), (7, 8, 39),
  (7, 9, 28), (7, 10, 4), (7, 11, 0), (7, 12, 18), (7, 13, 44), (7, 14, 79), (7, 15, 55), (7, 16, 0),
  (8, 1, 184), (8, 2, 63), (8, 3, 234), (8, 4, 221), (8, 5, 207), (8, 6, 70), (8, 7, 77), (8, 8, 79),
  (8, 9, 57), (8, 10, 71), (8, 11, 79), (8, 12, 80), (8, 13, 0), (8, 14, 66), (8, 15, 32), (8, 16, 45),
  (9, 1, 100), (9, 2, 158), (9, 3, 172), (9, 4, 51), (9, 5, 54), (9, 6, 47), (9, 7, 12), (9, 8, 19),
  (9, 9, 62), (9, 10, 93), (9, 11, 5), (9, 12, 73), (9, 13, 34), (9, 14, 0), (9, 15, 46), (9, 16, 54),
  (10, 1, 61), (10, 2, 169), (10, 3, 186), (10, 4, 79), (10, 5, 50), (10, 6, 31), (10, 7, 56), (10, 8, 72),
  (10, 9, 47), (10, 10, 49), (10, 11, 48), (10, 12, 42), (10, 13, 82), (10, 14, 0), (10, 15, 86), (10, 16, 39),
  (11, 1, 208), (11, 2, 295), (11, 3, 170), (11, 4, 322), (11, 5, 90), (11, 6, 0), (11, 7, 0), (11, 8, 53),
  (11, 9, 77), (11, 10, 0), (11, 11, 81), (11, 12, 64), (11, 13, 82), (11, 14, 17), (11, 15, 87), (11, 16, 11),
  (12, 1, 148), (12, 2, 170), (12, 3, 143), (12, 4, 108), (12, 5, 208), (12, 6, 0), (12, 7, 67), (12, 8, 84),
  (12, 9, 18), (12, 10, 37), (12, 11, 46), (12, 12, 102), (12, 13, 0), (12, 14, 38), (12, 15, 44), (12, 16, 46),
  (13, 1, 38), (13, 2, 252), (13, 3, 217), (13, 4, 220), (13, 5, 199), (13, 6, 19), (13, 7, 22), (13, 8, 101),
  (13, 9, 56), (13, 10, 57), (13, 11, 30), (13, 12, 46), (13, 13, 79), (13, 14, 73), (13, 15, 65), (13, 16, 48),
  (14, 1, 158), (14, 2, 81), (14, 3, 291), (14, 4, 104), (14, 5, 361), (14, 6, 43), (14, 7, 0), (14, 8, 61),
  (14, 9, 70), (14, 10, 67), (14, 11, 0), (14, 12, 20), (14, 13, 56), (14, 14, 5), (14, 15, 25), (14, 16, 20),
  (15, 1, 146), (15, 2, 63), (15, 3, 141), (15, 4, 196), (15, 5, 126), (15, 6, 46), (15, 7, 10), (15, 8, 2),
  (15, 9, 12), (15, 10, 83), (15, 11, 0), (15, 12, 54), (15, 13, 69), (15, 14, 12), (15, 15, 50), (15, 16, 92),
  (16, 1, 23), (16, 2, 162), (16, 3, 95), (16, 4, 259), (16, 5, 169), (16, 6, 70), (16, 7, 108), (16, 8, 10),
  (16, 9, 40), (16, 10, 28), (16, 11, 81), (16, 12, 47), (16, 13, 77), (16, 14, 41), (16, 15, 73), (16, 16, 12),
  (17, 1, 40), (17, 2, 216), (17, 3, 151), (17, 4, 110), (17, 5, 186), (17, 6, 0), (17, 7, 16), (17, 8, 0),
  (17, 9, 67), (17, 10, 64), (17, 11, 49), (17, 12, 5), (17, 13, 47), (17, 14, 20), (17, 15, 8), (17, 16, 84),
  (18, 1, 226), (18, 2, 188), (18, 3, 319), (18, 4, 221), (18, 5, 107), (18, 6, 0), (18, 7, 98), (18, 8, 0),
  (18, 9, 86), (18, 10, 89), (18, 11, 35), (18, 12, 59), (18, 13, 12), (18, 14, 28), (18, 15, 25), (18, 16, 22),
  (19, 1, 81), (19, 2, 141), (19, 3, 256), (19, 4, 169), (19, 5, 193), (19, 6, 0), (19, 7, 27), (19, 8, 12),
  (19, 9, 47), (19, 10, 76), (19, 11, 47), (19, 12, 51), (19, 13, 49), (19, 14, 43), (19, 15, 62), (19, 16, 91),
  (20, 1, 135), (20, 2, 226), (20, 3, 148), (20, 4, 148), (20, 5, 128), (20, 6, 77), (20, 7, 53), (20, 8, 9),
  (20, 9, 66), (20, 10, 39), (20, 11, 19), (20, 12, 52), (20, 13, 34), (20, 14, 52), (20, 15, 77), (20, 16, 0),
  (21, 1, 182), (21, 2, 113), (21, 3, 240), (21, 4, 159), (21, 5, 245), (21, 6, 0), (21, 7, 21), (21, 8, 77),
  (21, 9, 29), (21, 10, 8), (21, 11, 94), (21, 12, 47), (21, 13, 4), (21, 14, 78), (21, 15, 42), (21, 16, 39),
  (22, 1, 280), (22, 2, 137), (22, 3, 141), (22, 4, 176), (22, 5, 245), (22, 6, 35), (22, 7, 0), (22, 8, 45),
  (22, 9, 46), (22, 10, 45), (22, 11, 49), (22, 12, 19), (22, 13, 36), (22, 14, 62), (22, 15, 17), (22, 16, 0),
  (23, 1, 222), (23, 2, 153), (23, 3, 49), (23, 4, 223), (23, 5, 214), (23, 6, 40), (23, 7, 0), (23, 8, 82),
  (23, 9, 38), (23, 10, 90), (23, 11, 16), (23, 12, 62), (23, 13, 53), (23, 14, 17), (23, 15, 52), (23, 16, 70),
  (24, 1, 159), (24, 2, 270), (24, 3, 181), (24, 4, 40), (24, 5, 196), (24, 6, 0), (24, 7, 50), (24, 8, 55),
  (24, 9, 52), (24, 10, 0), (24, 11, 40), (24, 12, 90), (24, 13, 66), (24, 14, 70), (24, 15, 16), (24, 16, 16),
  (25, 1, 237), (25, 2, 262), (25, 3, 52), (25, 4, 398), (25, 5, 104), (25, 6, 0), (25, 7, 0), (25, 8, 97),
  (25, 9, 61), (25, 10, 70), (25, 11, 74), (25, 12, 0), (25, 13, 62), (25, 14, 46), (25, 15, 21), (25, 16, 29),
  (26, 1, 219), (26, 2, 226), (26, 3, 224), (26, 4, 287), (26, 5, 185), (26, 6, 43), (26, 7, 20), (26, 8, 0),
  (26, 9, 82), (26, 10, 6), (26, 11, 73), (26, 12, 0), (26, 13, 80), (26, 14, 76), (26, 15, 70), (26, 16, 70),
  (27, 1, 156), (27, 2, 290), (27, 3, 216), (27, 4, 55), (27, 5, 119), (27, 6, 58), (27, 7, 25), (27, 8, 5),
  (27, 9, 40), (27, 10, 34), (27, 11, 16), (27, 12, 68), (27, 13, 32), (27, 14, 52), (27, 15, 0), (27, 16, 2),
  (28, 1, 75), (28, 2, 256), (28, 3, 197), (28, 4, 214), (28, 5, 178), (28, 6, 59), (28, 7, 59), (28, 8, 42),
  (28, 9, 63), (28, 10, 64), (28, 11, 39), (28, 12, 43), (28, 13, 85), (28, 14, 27), (28, 15, 35), (28, 16, 36),
  (29, 1, 272), (29, 2, 251), (29, 3, 207), (29, 4, 243), (29, 5, 160), (29, 6, 36), (29, 7, 25), (29, 8, 33),
  (29, 9, 51), (29, 10, 42), (29, 11, 18), (29, 12, 70), (29, 13, 55), (29, 14, 61), (29, 15, 75), (29, 16, 21),
  (30, 1, 64), (30, 2, 243), (30, 3, 135), (30, 4, 243), (30, 5, 126), (30, 6, 71), (30, 7, 0), (30, 8, 65),
  (30, 9, 0), (30, 10, 17), (30, 11, 60), (30, 12, 17), (30, 13, 49), (30, 14, 78), (30, 15, 43), (30, 16, 38),
  (31, 1, 169), (31, 2, 326), (31, 3, 153), (31, 4, 245), (31, 5, 165), (31, 6, 90), (31, 7, 60), (31, 8, 47),
  (31, 9, 14), (31, 10, 71), (31, 11, 88), (31, 12, 76), (31, 13, 77), (31, 14, 91), (31, 15, 6), (31, 16, 21),
  (32, 1, 241), (32, 2, 158), (32, 3, 238), (32, 4, 330), (32, 5, 137), (32, 6, 18), (32, 7, 0), (32, 8, 27),
  (32, 9, 13), (32, 10, 42), (32, 11, 88), (32, 12, 64), (32, 13, 60), (32, 14, 7), (32, 15, 66), (32, 16, 53),
  (33, 1, 162), (33, 2, 174), (33, 3, 146), (33, 4, 120), (33, 5, 97), (33, 6, 48), (33, 7, 30), (33, 8, 79),
  (33, 9, 87), (33, 10, 88), (33, 11, 0), (33, 12, 46), (33, 13, 38), (33, 14, 44), (33, 15, 90), (33, 16, 90),
  (34, 1, 162), (34, 2, 183), (34, 3, 183), (34, 4, 347), (34, 5, 254), (34, 6, 32), (34, 7, 73), (34, 8, 38),
  (34, 9, 43), (34, 10, 18), (34, 11, 36), (34, 12, 10), (34, 13, 56), (34, 14, 57), (34, 15, 89), (34, 16, 71),
  (35, 1, 108), (35, 2, 67), (35, 3, 227), (35, 4, 229), (35, 5, 243), (35, 6, 30), (35, 7, 85), (35, 8, 28),
  (35, 9, 0), (35, 10, 54), (35, 11, 12), (35, 12, 0), (35, 13, 70), (35, 14, 20), (35, 15, 76), (35, 16, 66),
  (36, 1, 95), (36, 2, 123), (36, 3, 113), (36, 4, 193), (36, 5, 20), (36, 6, 20), (36, 7, 29), (36, 8, 3),
  (36, 9, 22), (36, 10, 42), (36, 11, 4), (36, 12, 50), (36, 13, 56), (36, 14, 37), (36, 15, 1), (36, 16, 15),
  (37, 1, 94), (37, 2, 100), (37, 3, 245), (37, 4, 398), (37, 5, 244), (37, 6, 124), (37, 7, 11), (37, 8, 32),
  (37, 9, 45), (37, 10, 58), (37, 11, 0), (37, 12, 69), (37, 13, 79), (37, 14, 31), (37, 15, 81), (37, 16, 54),
  (38, 1, 62), (38, 2, 142), (38, 3, 211), (38, 4, 64), (38, 5, 81), (38, 6, 39), (38, 7, 0), (38, 8, 49),
  (38, 9, 34), (38, 10, 38), (38, 11, 29), (38, 12, 80), (38, 13, 0), (38, 14, 15), (38, 15, 20), (38, 16, 64),
  (39, 1, 257), (39, 2, 221), (39, 3, 246), (39, 4, 353), (39, 5, 197), (39, 6, 15), (39, 7, 47), (39, 8, 16),
  (39, 9, 48), (39, 10, 58), (39, 11, 77), (39, 12, 108), (39, 13, 60), (39, 14, 85), (39, 15, 31), (39, 16, 76),
  (40, 1, 60), (40, 2, 278), (40, 3, 154), (40, 4, 141), (40, 5, 189), (40, 6, 0), (40, 7, 0), (40, 8, 78),
  (40, 9, 48), (40, 10, 15), (40, 11, 66), (40, 12, 87), (40, 13, 83), (40, 14, 60), (40, 15, 7), (40, 16, 99),
  (41, 1, 185), (41, 2, 46), (41, 3, 287), (41, 4, 274), (41, 5, 212), (41, 6, 34), (41, 7, 50), (41, 8, 0),
  (41, 9, 0), (41, 10, 20), (41, 11, 8), (41, 12, 7), (41, 13, 0), (41, 14, 53), (41, 15, 0), (41, 16, 25),
  (42, 1, 256), (42, 2, 205), (42, 3, 147), (42, 4, 205), (42, 5, 261), (42, 6, 48), (42, 7, 65), (42, 8, 95),
  (42, 9, 0), (42, 10, 0), (42, 11, 68), (42, 12, 12), (42, 13, 28), (42, 14, 38), (42, 15, 59), (42, 16, 69),
  (43, 1, 149), (43, 2, 250), (43, 3, 72), (43, 4, 120), (43, 5, 180), (43, 6, 0), (43, 7, 54), (43, 8, 5),
  (43, 9, 61), (43, 10, 27), (43, 11, 0), (43, 12, 15), (43, 13, 86), (43, 14, 6), (43, 15, 0), (43, 16, 29),
  (44, 1, 233), (44, 2, 261), (44, 3, 273), (44, 4, 74), (44, 5, 75), (44, 6, 64), (44, 7, 29), (44, 8, 38),
  (44, 9, 72), (44, 10, 36), (44, 11, 18), (44, 12, 60), (44, 13, 37), (44, 14, 71), (44, 15, 59), (44, 16, 54),
  (45, 1, 78), (45, 2, 160), (45, 3, 235), (45, 4, 196), (45, 5, 344), (45, 6, 67), (45, 7, 49), (45, 8, 7),
  (45, 9, 68), (45, 10, 47), (45, 11, 0), (45, 12, 27), (45, 13, 105), (45, 14, 53), (45, 15, 17), (45, 16, 75),
  (46, 1, 181), (46, 2, 20), (46, 3, 313), (46, 4, 140), (46, 5, 365), (46, 6, 62), (46, 7, 33), (46, 8, 75),
  (46, 9, 0), (46, 10, 54), (46, 11, 75), (46, 12, 99), (46, 13, 50), (46, 14, 54), (46, 15, 1), (46, 16, 24),
  (47, 1, 184), (47, 2, 231), (47, 3, 325), (47, 4, 115), (47, 5, 274), (47, 6, 31), (47, 7, 84), (47, 8, 26),
  (47, 9, 65), (47, 10, 68), (47, 11, 39), (47, 12, 65), (47, 13, 0), (47, 14, 60), (47, 15, 40), (47, 16, 65),
  (48, 1, 57), (48, 2, 263), (48, 3, 314), (48, 4, 96), (48, 5, 261), (48, 6, 0), (48, 7, 70), (48, 8, 74),
  (48, 9, 59), (48, 10, 42), (48, 11, 72), (48, 12, 55), (48, 13, 87), (48, 14, 62), (48, 15, 48), (48, 16, 0),
  (49, 1, 332), (49, 2, 130), (49, 3, 83), (49, 4, 103), (49, 5, 199), (49, 6, 69), (49, 7, 69), (49, 8, 32),
  (49, 9, 21), (49, 10, 0), (49, 11, 0), (49, 12, 80), (49, 13, 34), (49, 14, 50), (49, 15, 0), (49, 16, 81),
  (50, 1, 197), (50, 2, 273), (50, 3, 163), (50, 4, 297), (50, 5, 164), (50, 6, 23), (50, 7, 70), (50, 8, 2),
  (50, 9, 35), (50, 10, 0), (50, 11, 89), (50, 12, 0), (50, 13, 56), (50, 14, 10), (50, 15, 67), (50, 16, 45),
  (51, 1, 141), (51, 2, 60), (51, 3, 267), (51, 4, 170), (51, 5, 170), (51, 6, 72), (51, 7, 86), (51, 8, 87),
  (51, 9, 4), (51, 10, 83), (51, 11, 47), (51, 12, 48), (51, 13, 7), (51, 14, 6), (51, 15, 63), (51, 16, 82),
  (52, 1, 172), (52, 2, 259), (52, 3, 64), (52, 4, 464), (52, 5, 175), (52, 6, 4), (52, 7, 88), (52, 8, 60),
  (52, 9, 9), (52, 10, 33), (52, 11, 72), (52, 12, 20), (52, 13, 0), (52, 14, 38), (52, 15, 43), (52, 16, 55),
  (53, 1, 101), (53, 2, 185), (53, 3, 277), (53, 4, 257), (53, 5, 197), (53, 6, 86), (53, 7, 42), (53, 8, 17),
  (53, 9, 92), (53, 10, 64), (53, 11, 0), (53, 12, 55), (53, 13, 37), (53, 14, 74), (53, 15, 48), (53, 16, 56),
  (54, 1, 376), (54, 2, 240), (54, 3, 155), (54, 4, 239), (54, 5, 70), (54, 6, 45), (54, 7, 48), (54, 8, 77),
  (54, 9, 0), (54, 10, 55), (54, 11, 31), (54, 12, 10), (54, 13, 93), (54, 14, 0), (54, 15, 49), (54, 16, 0),
  (55, 1, 118), (55, 2, 260), (55, 3, 128), (55, 4, 215), (55, 5, 235), (55, 6, 0), (55, 7, 44), (55, 8, 71),
  (55, 9, 0), (55, 10, 37), (55, 11, 11), (55, 12, 52), (55, 13, 1), (55, 14, 49), (55, 15, 47), (55, 16, 31),
  (56, 1, 83), (56, 2, 206), (56, 3, 79), (56, 4, 134), (56, 5, 44), (56, 6, 45), (56, 7, 0), (56, 8, 21),
  (56, 9, 84), (56, 10, 54), (56, 11, 43), (56, 12, 63), (56, 13, 25), (56, 14, 35), (56, 15, 50), (56, 16, 88),
  (57, 1, 347), (57, 2, 124), (57, 3, 295), (57, 4, 125), (57, 5, 270), (57, 6, 83), (57, 7, 15), (57, 8, 77),
  (57, 9, 51), (57, 10, 22), (57, 11, 40), (57, 12, 80), (57, 13, 73), (57, 14, 18), (57, 15, 64), (57, 16, 48),
  (58, 1, 179), (58, 2, 199), (58, 3, 214), (58, 4, 359), (58, 5, 251), (58, 6, 28), (58, 7, 59), (58, 8, 26),
  (58, 9, 37), (58, 10, 57), (58, 11, 52), (58, 12, 14), (58, 13, 30), (58, 14, 27), (58, 15, 24), (58, 16, 76),
  (59, 1, 142), (59, 2, 152), (59, 3, 169), (59, 4, 276), (59, 5, 290), (59, 6, 88), (59, 7, 4), (59, 8, 46),
  (59, 9, 68), (59, 10, 0), (59, 11, 31), (59, 12, 0), (59, 13, 43), (59, 14, 82), (59, 15, 16), (59, 16, 80),
  (60, 1, 150), (60, 2, 40), (60, 3, 42), (60, 4, 139), (60, 5, 133), (60, 6, 28), (60, 7, 66), (60, 8, 88),
  (60, 9, 29), (60, 10, 24), (60, 11, 75), (60, 12, 19), (60, 13, 30), (60, 14, 37), (60, 15, 0), (60, 16, 10),
  (61, 1, 119), (61, 2, 156), (61, 3, 240), (61, 4, 102), (61, 5, 141), (61, 6, 98), (61, 7, 8), (61, 8, 88),
  (61, 9, 37), (61, 10, 0), (61, 11, 43), (61, 12, 86), (61, 13, 58), (61, 14, 0), (61, 15, 71), (61, 16, 59),
  (62, 1, 242), (62, 2, 201), (62, 3, 98), (62, 4, 87), (62, 5, 189), (62, 6, 84), (62, 7, 3), (62, 8, 28),
  (62, 9, 45), (62, 10, 79), (62, 11, 44), (62, 12, 5), (62, 13, 43), (62, 14, 22), (62, 15, 14), (62, 16, 51),
  (63, 1, 203), (63, 2, 203), (63, 3, 246), (63, 4, 130), (63, 5, 196), (63, 6, 45), (63, 7, 44), (63, 8, 66),
  (63, 9, 83), (63, 10, 38), (63, 11, 0), (63, 12, 54), (63, 13, 30), (63, 14, 23), (63, 15, 18), (63, 16, 53),
  (64, 1, 168), (64, 2, 245), (64, 3, 170), (64, 4, 243), (64, 5, 164), (64, 6, 79), (64, 7, 79), (64, 8, 19),
  (64, 9, 62), (64, 10, 23), (64, 11, 57), (64, 12, 45), (64, 13, 0), (64, 14, 49), (64, 15, 64), (64, 16, 52),
  (65, 1, 146), (65, 2, 221), (65, 3, 255), (65, 4, 104), (65, 5, 159), (65, 6, 0), (65, 7, 29), (65, 8, 28),
  (65, 9, 35), (65, 10, 0), (65, 11, 58), (65, 12, 63), (65, 13, 29), (65, 14, 2), (65, 15, 84), (65, 16, 74),
  (66, 1, 180), (66, 2, 179), (66, 3, 189), (66, 4, 151), (66, 5, 66), (66, 6, 114), (66, 7, 36), (66, 8, 8),
  (66, 9, 42), (66, 10, 5), (66, 11, 31), (66, 12, 25), (66, 13, 92), (66, 14, 90), (66, 15, 26), (66, 16, 21),
  (67, 1, 253), (67, 2, 65), (67, 3, 350), (67, 4, 57), (67, 5, 185), (67, 6, 44), (67, 7, 76), (67, 8, 33),
  (67, 9, 34), (67, 10, 34), (67, 11, 65), (67, 12, 99), (67, 13, 54), (67, 14, 52), (67, 15, 42), (67, 16, 43),
  (68, 1, 90), (68, 2, 103), (68, 3, 67), (68, 4, 291), (68, 5, 144), (68, 6, 31), (68, 7, 99), (68, 8, 18),
  (68, 9, 46), (68, 10, 44), (68, 11, 76), (68, 12, 39), (68, 13, 47), (68, 14, 30), (68, 15, 66), (68, 16, 0),
  (69, 1, 256), (69, 2, 227), (69, 3, 90), (69, 4, 227), (69, 5, 277), (69, 6, 72), (69, 7, 45), (69, 8, 68),
  (69, 9, 54), (69, 10, 63), (69, 11, 36), (69, 12, 0), (69, 13, 62), (69, 14, 57), (69, 15, 11), (69, 16, 23),
  (70, 1, 247), (70, 2, 259), (70, 3, 80), (70, 4, 127), (70, 5, 131), (70, 6, 45), (70, 7, 54), (70, 8, 113),
  (70, 9, 83), (70, 10, 0), (70, 11, 53), (70, 12, 47), (70, 13, 25), (70, 14, 55), (70, 15, 119), (70, 16, 54),
  (71, 1, 269), (71, 2, 181), (71, 3, 40), (71, 4, 94), (71, 5, 156), (71, 6, 22), (71, 7, 46), (71, 8, 0),
  (71, 9, 89), (71, 10, 21), (71, 11, 54), (71, 12, 0), (71, 13, 0), (71, 14, 0), (71, 15, 56), (71, 16, 26),
  (72, 1, 277), (72, 2, 339), (72, 3, 401), (72, 4, 124), (72, 5, 204), (72, 6, 43), (72, 7, 67), (72, 8, 70),
  (72, 9, 56), (72, 10, 26), (72, 11, 19), (72, 12, 78), (72, 13, 13), (72, 14, 31), (72, 15, 15), (72, 16, 20),
  (73, 1, 161), (73, 2, 178), (73, 3, 250), (73, 4, 27), (73, 5, 76), (73, 6, 62), (73, 7, 31), (73, 8, 96),
  (73, 9, 50), (73, 10, 51), (73, 11, 84), (73, 12, 26), (73, 13, 0), (73, 14, 50), (73, 15, 6), (73, 16, 57),
  (74, 1, 68), (74, 2, 119), (74, 3, 167), (74, 4, 261), (74, 5, 146), (74, 6, 9), (74, 7, 19), (74, 8, 19),
  (74, 9, 69), (74, 10, 45), (74, 11, 60), (74, 12, 0), (74, 13, 27), (74, 14, 39), (74, 15, 7), (74, 16, 62),
  (75, 1, 303), (75, 2, 249), (75, 3, 322), (75, 4, 279), (75, 5, 146), (75, 6, 54), (75, 7, 10), (75, 8, 61),
  (75, 9, 0), (75, 10, 7), (75, 11, 26), (75, 12, 19), (75, 13, 50), (75, 14, 83), (75, 15, 8), (75, 16, 55),
  (76, 1, 245), (76, 2, 101), (76, 3, 54), (76, 4, 102), (76, 5, 52), (76, 6, 0), (76, 7, 83), (76, 8, 41),
  (76, 9, 84), (76, 10, 0), (76, 11, 55), (76, 12, 20), (76, 13, 49), (76, 14, 0), (76, 15, 16), (76, 16, 34),
  (77, 1, 135), (77, 2, 208), (77, 3, 270), (77, 4, 38), (77, 5, 152), (77, 6, 54), (77, 7, 37), (77, 8, 73),
  (77, 9, 63), (77, 10, 29), (77, 11, 9), (77, 12, 12), (77, 13, 53), (77, 14, 86), (77, 15, 29), (77, 16, 0),
  (78, 1, 428), (78, 2, 43), (78, 3, 102), (78, 4, 2), (78, 5, 277), (78, 6, 38), (78, 7, 17), (78, 8, 4),
  (78, 9, 115), (78, 10, 59), (78, 11, 40), (78, 12, 34), (78, 13, 56), (78, 14, 0), (78, 15, 58), (78, 16, 9),
  (79, 1, 131), (79, 2, 261), (79, 3, 161), (79, 4, 238), (79, 5, 306), (79, 6, 42), (79, 7, 70), (79, 8, 47),
  (79, 9, 58), (79, 10, 79), (79, 11, 47), (79, 12, 63), (79, 13, 25), (79, 14, 123), (79, 15, 38), (79, 16, 0),
  (80, 1, 161), (80, 2, 128), (80, 3, 202), (80, 4, 300), (80, 5, 217), (80, 6, 38), (80, 7, 0), (80, 8, 48),
  (80, 9, 0), (80, 10, 67), (80, 11, 53), (80, 12, 7), (80, 13, 39), (80, 14, 17), (80, 15, 29), (80, 16, 66),
  (81, 1, 269), (81, 2, 135), (81, 3, 266), (81, 4, 201), (81, 5, 61), (81, 6, 0), (81, 7, 46), (81, 8, 22),
  (81, 9, 0), (81, 10, 84), (81, 11, 30), (81, 12, 67), (81, 13, 50), (81, 14, 41), (81, 15, 34), (81, 16, 0),
  (82, 1, 211), (82, 2, 189), (82, 3, 67), (82, 4, 79), (82, 5, 103), (82, 6, 17), (82, 7, 40), (82, 8, 67),
  (82, 9, 46), (82, 10, 59), (82, 11, 0), (82, 12, 87), (82, 13, 90), (82, 14, 5), (82, 15, 59), (82, 16, 31),
  (83, 1, 141), (83, 2, 187), (83, 3, 52), (83, 4, 276), (83, 5, 116), (83, 6, 51), (83, 7, 0), (83, 8, 51),
  (83, 9, 71), (83, 10, 6), (83, 11, 13), (83, 12, 67), (83, 13, 1), (83, 14, 0), (83, 15, 44), (83, 16, 80),
  (84, 1, 75), (84, 2, 155), (84, 3, 181), (84, 4, 267), (84, 5, 274), (84, 6, 34), (84, 7, 43), (84, 8, 80),
  (84, 9, 0), (84, 10, 40), (84, 11, 21), (84, 12, 64), (84, 13, 68), (84, 14, 48), (84, 15, 30), (84, 16, 23),
  (85, 1, 154), (85, 2, 279), (85, 3, 193), (85, 4, 48), (85, 5, 228), (85, 6, 79), (85, 7, 82), (85, 8, 52),
  (85, 9, 44), (85, 10, 35), (85, 11, 45), (85, 12, 64), (85, 13, 62), (85, 14, 17), (85, 15, 45), (85, 16, 62),
  (86, 1, 156), (86, 2, 148), (86, 3, 203), (86, 4, 113), (86, 5, 132), (86, 6, 12), (86, 7, 76), (86, 8, 12),
  (86, 9, 78), (86, 10, 74), (86, 11, 72), (86, 12, 76), (86, 13, 68), (86, 14, 35), (86, 15, 28), (86, 16, 49),
  (87, 1, 327), (87, 2, 364), (87, 3, 154), (87, 4, 182), (87, 5, 100), (87, 6, 69), (87, 7, 89), (87, 8, 0),
  (87, 9, 89), (87, 10, 72), (87, 11, 72), (87, 12, 55), (87, 13, 22), (87, 14, 0), (87, 15, 77), (87, 16, 67),
  (88, 1, 111), (88, 2, 274), (88, 3, 197), (88, 4, 102), (88, 5, 303), (88, 6, 13), (88, 7, 22), (88, 8, 70),
  (88, 9, 18), (88, 10, 25), (88, 11, 67), (88, 12, 6), (88, 13, 84), (88, 14, 48), (88, 15, 39), (88, 16, 20),
  (89, 1, 151), (89, 2, 267), (89, 3, 219), (89, 4, 268), (89, 5, 194), (89, 6, 53), (89, 7, 71), (89, 8, 78),
  (89, 9, 21), (89, 10, 51), (89, 11, 88), (89, 12, 22), (89, 13, 101), (89, 14, 48), (89, 15, 0), (89, 16, 77),
  (90, 1, 303), (90, 2, 178), (90, 3, 96), (90, 4, 237), (90, 5, 151), (90, 6, 48), (90, 7, 18), (90, 8, 37),
  (90, 9, 36), (90, 10, 11), (90, 11, 85), (90, 12, 57), (90, 13, 33), (90, 14, 57), (90, 15, 32), (90, 16, 0),
  (91, 1, 152), (91, 2, 237), (91, 3, 244), (91, 4, 120), (91, 5, 371), (91, 6, 52), (91, 7, 48), (91, 8, 0),
  (91, 9, 61), (91, 10, 83), (91, 11, 87), (91, 12, 7), (91, 13, 4), (91, 14, 73), (91, 15, 7), (91, 16, 31),
  (92, 1, 60), (92, 2, 227), (92, 3, 59), (92, 4, 259), (92, 5, 305), (92, 6, 40), (92, 7, 78), (92, 8, 0),
  (92, 9, 21), (92, 10, 0), (92, 11, 12), (92, 12, 13), (92, 13, 95), (92, 14, 69), (92, 15, 36), (92, 16, 33),
  (93, 1, 186), (93, 2, 226), (93, 3, 281), (93, 4, 148), (93, 5, 61), (93, 6, 6), (93, 7, 0), (93, 8, 78),
  (93, 9, 9), (93, 10, 35), (93, 11, 81), (93, 12, 10), (93, 13, 46), (93, 14, 50), (93, 15, 98), (93, 16, 112),
  (94, 1, 148), (94, 2, 134), (94, 3, 250), (94, 4, 171), (94, 5, 139), (94, 6, 23), (94, 7, 54), (94, 8, 33),
  (94, 9, 75), (94, 10, 19), (94, 11, 28), (94, 12, 85), (94, 13, 69), (94, 14, 88), (94, 15, 7), (94, 16, 66),
  (95, 1, 201), (95, 2, 215), (95, 3, 261), (95, 4, 375), (95, 5, 161), (95, 6, 73), (95, 7, 54), (95, 8, 44),
  (95, 9, 4), (95, 10, 66), (95, 11, 86), (95, 12, 0), (95, 13, 0), (95, 14, 21), (95, 15, 0), (95, 16, 8),
  (96, 1, 301), (96, 2, 151), (96, 3, 91), (96, 4, 296), (96, 5, 151), (96, 6, 54), (96, 7, 26), (96, 8, 77),
  (96, 9, 71), (96, 10, 41), (96, 11, 66), (96, 12, 20), (96, 13, 89), (96, 14, 40), (96, 15, 0), (96, 16, 75),
  (97, 1, 280), (97, 2, 65), (97, 3, 288), (97, 4, 125), (97, 5, 219), (97, 6, 10), (97, 7, 68), (97, 8, 39),
  (97, 9, 48), (97, 10, 77), (97, 11, 22), (97, 12, 18), (97, 13, 103), (97, 14, 4), (97, 15, 42), (97, 16, 6),
  (98, 1, 287), (98, 2, 245), (98, 3, 333), (98, 4, 135), (98, 5, 117), (98, 6, 39), (98, 7, 38), (98, 8, 57),
  (98, 9, 51), (98, 10, 0), (98, 11, 50), (98, 12, 50), (98, 13, 53), (98, 14, 15), (98, 15, 28), (98, 16, 52),
  (99, 1, 187), (99, 2, 172), (99, 3, 275), (99, 4, 119), (99, 5, 250), (99, 6, 12), (99, 7, 0), (99, 8, 83),
  (99, 9, 52), (99, 10, 67), (99, 11, 38), (99, 12, 38), (99, 13, 13), (99, 14, 48), (99, 15, 38), (99, 16, 40),
  (100, 1, 169), (100, 2, 115), (100, 3, 187), (100, 4, 337), (100, 5, 71), (100, 6, 0), (100, 7, 68), (100, 8, 53),
  (100, 9, 53), (100, 10, 44), (100, 11, 33), (100, 12, 0), (100, 13, 21), (100, 14, 54), (100, 15, 27), (100, 16, 108),
  (101, 1, 98), (101, 2, 95), (101, 3, 206), (101, 4, 144), (101, 5, 171), (101, 6, 54), (101, 7, 6), (101, 8, 10),
  (101, 9, 70), (101, 10, 28), (101, 11, 39), (101, 12, 90), (101, 13, 54), (101, 14, 44), (101, 15, 27), (101, 16, 99),
  (102, 1, 179), (102, 2, 110), (102, 3, 189), (102, 4, 66), (102, 5, 92), (102, 6, 63), (102, 7, 47), (102, 8, 76),
  (102, 9, 38), (102, 10, 0), (102, 11, 35), (102, 12, 28), (102, 13, 114), (102, 14, 19), (102, 15, 30), (102, 16, 88),
  (103, 1, 121), (103, 2, 214), (103, 3, 96), (103, 4, 277), (103, 5, 153), (103, 6, 62), (103, 7, 37), (103, 8, 71),
  (103, 9, 21), (103, 10, 73), (103, 11, 50), (103, 12, 20), (103, 13, 98), (103, 14, 85), (103, 15, 47), (103, 16, 84),
  (104, 1, 86), (104, 2, 109), (104, 3, 64), (104, 4, 160), (104, 5, 120), (104, 6, 27), (104, 7, 71), (104, 8, 52),
  (104, 9, 42), (104, 10, 28), (104, 11, 39), (104, 12, 39), (104, 13, 72), (104, 14, 9), (104, 15, 81), (104, 16, 6),
  (105, 1, 277), (105, 2, 89), (105, 3, 252), (105, 4, 163), (105, 5, 262), (105, 6, 85), (105, 7, 38), (105, 8, 2),
  (105, 9, 20), (105, 10, 72), (105, 11, 42), (105, 12, 22), (105, 13, 57), (105, 14, 49), (105, 15, 0), (105, 16, 35),
  (106, 1, 223), (106, 2, 44), (106, 3, 261), (106, 4, 235), (106, 5, 80), (106, 6, 62), (106, 7, 0), (106, 8, 55),
  (106, 9, 78), (106, 10, 56), (106, 11, 4), (106, 12, 59), (106, 13, 47), (106, 14, 75), (106, 15, 27), (106, 16, 29),
  (107, 1, 264), (107, 2, 162), (107, 3, 119), (107, 4, 86), (107, 5, 66), (107, 6, 49), (107, 7, 0), (107, 8, 0),
  (107, 9, 36), (107, 10, 32), (107, 11, 43), (107, 12, 87), (107, 13, 43), (107, 14, 67), (107, 15, 0), (107, 16, 48),
  (108, 1, 97), (108, 2, 240), (108, 3, 73), (108, 4, 10), (108, 5, 227), (108, 6, 60), (108, 7, 0), (108, 8, 83),
  (108, 9, 48), (108, 10, 32), (108, 11, 16), (108, 12, 39), (108, 13, 83), (108, 14, 6), (108, 15, 53), (108, 16, 67),
  (109, 1, 231), (109, 2, 219), (109, 3, 79), (109, 4, 92), (109, 5, 359), (109, 6, 87), (109, 7, 47), (109, 8, 12),
  (109, 9, 34), (109, 10, 0), (109, 11, 13), (109, 12, 0), (109, 13, 14), (109, 14, 0), (109, 15, 25), (109, 16, 66),
  (110, 1, 136), (110, 2, 220), (110, 3, 155), (110, 4, 115), (110, 5, 73), (110, 6, 5), (110, 7, 26), (110, 8, 74),
  (110, 9, 0), (110, 10, 11), (110, 11, 88), (110, 12, 38), (110, 13, 0), (110, 14, 53), (110, 15, 82), (110, 16, 37),
  (111, 1, 52), (111, 2, 65), (111, 3, 248), (111, 4, 84), (111, 5, 263), (111, 6, 1), (111, 7, 46), (111, 8, 40),
  (111, 9, 0), (111, 10, 0), (111, 11, 25), (111, 12, 21), (111, 13, 54), (111, 14, 34), (111, 15, 11), (111, 16, 0),
  (112, 1, 117), (112, 2, 142), (112, 3, 258), (112, 4, 146), (112, 5, 294), (112, 6, 49), (112, 7, 44), (112, 8, 86),
  (112, 9, 0), (112, 10, 86), (112, 11, 18), (112, 12, 70), (112, 13, 72), (112, 14, 23), (112, 15, 45), (112, 16, 112),
  (113, 1, 226), (113, 2, 238), (113, 3, 216), (113, 4, 187), (113, 5, 281), (113, 6, 0), (113, 7, 46), (113, 8, 8),
  (113, 9, 58), (113, 10, 86), (113, 11, 73), (113, 12, 28), (113, 13, 85), (113, 14, 60), (113, 15, 119), (113, 16, 55),
  (114, 1, 66), (114, 2, 163), (114, 3, 170), (114, 4, 209), (114, 5, 213), (114, 6, 100), (114, 7, 90), (114, 8, 0),
  (114, 9, 75), (114, 10, 64), (114, 11, 63), (114, 12, 9), (114, 13, 41), (114, 14, 0), (114, 15, 19), (114, 16, 48),
  (115, 1, 115), (115, 2, 17), (115, 3, 324), (115, 4, 161), (115, 5, 255), (115, 6, 71), (115, 7, 60), (115, 8, 15),
  (115, 9, 32), (115, 10, 46), (115, 11, 71), (115, 12, 28), (115, 13, 79), (115, 14, 58), (115, 15, 88), (115, 16, 28),
  (116, 1, 166), (116, 2, 237), (116, 3, 189), (116, 4, 256), (116, 5, 156), (116, 6, 42), (116, 7, 87), (116, 8, 83),
  (116, 9, 46), (116, 10, 84), (116, 11, 43), (116, 12, 72), (116, 13, 34), (116, 14, 47), (116, 15, 5), (116, 16, 12),
  (117, 1, 196), (117, 2, 205), (117, 3, 248), (117, 4, 144), (117, 5, 60), (117, 6, 32), (117, 7, 27), (117, 8, 26),
  (117, 9, 24), (117, 10, 13), (117, 11, 12), (117, 12, 86), (117, 13, 82), (117, 14, 75), (117, 15, 47), (117, 16, 0),
  (118, 1, 52), (118, 2, 147), (118, 3, 345), (118, 4, 70), (118, 5, 237), (118, 6, 108), (118, 7, 59), (118, 8, 59),
  (118, 9, 22), (118, 10, 59), (118, 11, 84), (118, 12, 72), (118, 13, 71), (118, 14, 71), (118, 15, 57), (118, 16, 70),
  (119, 1, 132), (119, 2, 225), (119, 3, 74), (119, 4, 66), (119, 5, 181), (119, 6, 77), (119, 7, 64), (119, 8, 89),
  (119, 9, 36), (119, 10, 70), (119, 11, 25), (119, 12, 37), (119, 13, 0), (119, 14, 90), (119, 15, 58), (119, 16, 97),
  (120, 1, 221), (120, 2, 69), (120, 3, 278), (120, 4, 130), (120, 5, 302), (120, 6, 49), (120, 7, 85), (120, 8, 86),
  (120, 9, 61), (120, 10, 54), (120, 11, 0), (120, 12, 0), (120, 13, 0), (120, 14, 34), (120, 15, 20), (120, 16, 87);


-- =========================
-- Purchase Orders (50)
-- =========================
INSERT INTO purchase_order
  (po_id, supplier_id, location_id, order_date, expected_date, status, total_amount, created_by)
VALUES
  (1, 6, 2, '2025-09-15', '2025-09-18', 'CLOSED', 383000000, 7),
  (2, 21, 3, '2025-10-31', '2025-11-07', 'CANCELLED', 355000000, 25),
  (3, 19, 5, '2025-09-29', '2025-10-14', 'CLOSED', 263000000, 25),
  (4, 13, 2, '2025-12-01', '2025-12-10', 'CLOSED', 312000000, 7),
  (5, 14, 4, '2025-09-18', '2025-09-30', 'CLOSED', 235000000, 12),
  (6, 6, 4, '2025-10-08', '2025-10-19', 'CLOSED', 426000000, 9),
  (7, 8, 1, '2025-09-16', '2025-10-01', 'CLOSED', 379000000, 6),
  (8, 1, 3, '2025-09-21', '2025-10-03', 'CLOSED', 420000000, 2),
  (9, 22, 3, '2025-10-05', '2025-10-18', 'CLOSED', 240000000, 15),
  (10, 7, 5, '2025-11-18', '2025-12-02', 'CANCELLED', 413000000, 34),
  (11, 4, 2, '2025-09-17', '2025-10-01', 'CLOSED', 266000000, 4),
  (12, 22, 1, '2025-09-13', '2025-09-28', 'APPROVED', 349000000, 3),
  (13, 24, 5, '2025-10-01', '2025-10-12', 'CLOSED', 452224000, 12),
  (14, 4, 3, '2025-09-16', '2025-09-26', 'CLOSED', 525000000, 3),
  (15, 22, 3, '2025-09-23', '2025-09-26', 'CLOSED', 258000000, 27),
  (16, 12, 2, '2025-10-14', '2025-10-20', 'PARTIALLY_RECEIVED', 542000000, 12),
  (17, 24, 1, '2025-09-09', '2025-09-19', 'CLOSED', 377000000, 27),
  (18, 18, 3, '2025-11-09', '2025-11-20', 'CANCELLED', 224000000, 2),
  (19, 10, 2, '2025-11-02', '2025-11-11', 'CLOSED', 558000000, 4),
  (20, 12, 5, '2025-09-04', '2025-09-19', 'CLOSED', 308000000, 27),
  (21, 6, 1, '2025-11-08', '2025-11-16', 'CLOSED', 474872000, 2),
  (22, 7, 4, '2025-11-21', '2025-12-06', 'PARTIALLY_RECEIVED', 561000000, 3),
  (23, 1, 5, '2025-09-24', '2025-10-06', 'CLOSED', 356000000, 9),
  (24, 7, 4, '2025-10-05', '2025-10-12', 'CLOSED', 438000000, 27),
  (25, 3, 3, '2025-11-17', '2025-11-24', 'CLOSED', 430000000, 34),
  (26, 11, 5, '2025-12-04', '2025-12-13', 'PARTIALLY_RECEIVED', 378996000, 25),
  (27, 23, 3, '2025-10-10', '2025-10-13', 'CANCELLED', 579000000, 27),
  (28, 9, 3, '2025-09-12', '2025-09-27', 'CLOSED', 402000000, 5),
  (29, 14, 1, '2025-09-21', '2025-10-05', 'CLOSED', 339000000, 6),
  (30, 8, 5, '2025-12-01', '2025-12-16', 'CLOSED', 282000000, 34),
  (31, 13, 4, '2025-11-13', '2025-11-19', 'APPROVED', 488000000, 2),
  (32, 22, 4, '2025-09-16', '2025-09-22', 'CLOSED', 307000000, 15),
  (33, 19, 4, '2025-09-11', '2025-09-14', 'CLOSED', 458000000, 9),
  (34, 1, 3, '2025-11-04', '2025-11-16', 'CLOSED', 338000000, 8),
  (35, 12, 4, '2025-10-07', '2025-10-14', 'PARTIALLY_RECEIVED', 391000000, 12),
  (36, 12, 5, '2025-11-02', '2025-11-12', 'CLOSED', 368000000, 9),
  (37, 3, 2, '2025-11-03', '2025-11-16', 'APPROVED', 214000000, 3),
  (38, 16, 4, '2025-11-20', '2025-11-27', 'CLOSED', 512000000, 12),
  (39, 8, 4, '2025-09-12', '2025-09-15', 'CLOSED', 597000000, 34),
  (40, 3, 4, '2025-10-18', '2025-10-30', 'CLOSED', 404000000, 4),
  (41, 14, 3, '2025-11-12', '2025-11-15', 'CLOSED', 248712000, 20),
  (42, 22, 4, '2025-09-23', '2025-10-08', 'PARTIALLY_RECEIVED', 392000000, 4),
  (43, 22, 1, '2025-10-26', '2025-11-06', 'CLOSED', 357998000, 2),
  (44, 23, 4, '2025-10-09', '2025-10-13', 'CLOSED', 332800000, 4),
  (45, 16, 4, '2025-09-03', '2025-09-07', 'APPROVED', 541000000, 4),
  (46, 18, 3, '2025-09-05', '2025-09-15', 'CLOSED', 539000000, 8),
  (47, 17, 2, '2025-11-15', '2025-11-28', 'APPROVED', 387000000, 7),
  (48, 6, 2, '2025-09-21', '2025-10-03', 'CLOSED', 455560000, 9),
  (49, 2, 5, '2025-10-05', '2025-10-10', 'CLOSED', 817260000, 34),
  (50, 16, 1, '2025-09-20', '2025-10-03', 'CLOSED', 302000000, 7);


-- =========================
-- Purchase Order Items
-- =========================
INSERT INTO purchase_order_item
  (po_id, product_id, ordered_qty, received_qty, unit_price, line_total)
VALUES
  (1, 34, 54, 54, 1000000, 54000000), (1, 48, 79, 79, 1000000, 79000000),
  (1, 24, 25, 25, 1000000, 25000000), (1, 27, 73, 73, 1000000, 73000000),
  (1, 72, 68, 68, 1000000, 68000000), (1, 91, 10, 10, 1000000, 10000000),
  (1, 5, 74, 74, 1000000, 74000000), (2, 86, 24, 0, 1000000, 24000000),
  (2, 19, 15, 0, 1000000, 15000000), (2, 103, 80, 0, 1000000, 80000000),
  (2, 73, 13, 0, 1000000, 13000000), (2, 94, 117, 0, 1000000, 117000000),
  (2, 117, 55, 0, 1000000, 55000000), (2, 119, 17, 0, 1000000, 17000000),
  (2, 57, 34, 0, 1000000, 34000000), (3, 11, 21, 21, 1000000, 21000000),
  (3, 69, 72, 72, 1000000, 72000000), (3, 109, 75, 75, 1000000, 75000000),
  (3, 58, 95, 95, 1000000, 95000000), (4, 37, 21, 21, 1000000, 21000000),
  (4, 45, 66, 66, 1000000, 66000000), (4, 40, 112, 112, 1000000, 112000000),
  (4, 58, 113, 113, 1000000, 113000000), (5, 39, 85, 85, 1000000, 85000000),
  (5, 61, 10, 10, 1000000, 10000000), (5, 112, 44, 44, 1000000, 44000000),
  (5, 68, 69, 69, 1000000, 69000000), (5, 43, 27, 27, 1000000, 27000000),
  (6, 107, 13, 13, 1000000, 13000000), (6, 75, 43, 43, 1000000, 43000000),
  (6, 39, 116, 116, 1000000, 116000000), (6, 64, 93, 93, 1000000, 93000000),
  (6, 72, 63, 63, 1000000, 63000000), (6, 95, 98, 98, 1000000, 98000000),
  (7, 77, 65, 65, 1000000, 65000000), (7, 96, 97, 97, 1000000, 97000000),
  (7, 47, 114, 114, 1000000, 114000000), (7, 75, 103, 103, 1000000, 103000000),
  (8, 113, 91, 91, 1000000, 91000000), (8, 89, 16, 16, 1000000, 16000000),
  (8, 18, 91, 91, 1000000, 91000000), (8, 46, 34, 34, 1000000, 34000000),
  (8, 21, 107, 107, 1000000, 107000000), (8, 7, 31, 31, 1000000, 31000000),
  (8, 35, 50, 50, 1000000, 50000000), (9, 69, 27, 27, 1000000, 27000000),
  (9, 75, 109, 109, 1000000, 109000000), (9, 46, 30, 30, 1000000, 30000000),
  (9, 106, 74, 74, 1000000, 74000000), (10, 92, 24, 0, 1000000, 24000000),
  (10, 71, 12, 0, 1000000, 12000000), (10, 90, 49, 0, 1000000, 49000000),
  (10, 97, 27, 0, 1000000, 27000000), (10, 103, 86, 0, 1000000, 86000000),
  (10, 15, 53, 0, 1000000, 53000000), (10, 54, 48, 0, 1000000, 48000000),
  (10, 59, 114, 0, 1000000, 114000000), (11, 17, 19, 19, 1000000, 19000000),
  (11, 27, 106, 106, 1000000, 106000000), (11, 11, 23, 23, 1000000, 23000000),
  (11, 55, 75, 75, 1000000, 75000000), (11, 89, 25, 25, 1000000, 25000000),
  (11, 98, 18, 18, 1000000, 18000000), (12, 76, 21, 0, 1000000, 21000000),
  (12, 116, 105, 0, 1000000, 105000000), (12, 26, 84, 0, 1000000, 84000000),
  (12, 24, 30, 0, 1000000, 30000000), (12, 86, 109, 0, 1000000, 109000000),
  (13, 98, 78, 78, 1000000, 78000000), (13, 2, 22, 22, 2192000, 48224000),
  (13, 68, 74, 74, 1000000, 74000000), (13, 28, 56, 56, 1000000, 56000000),
  (13, 92, 66, 66, 1000000, 66000000), (13, 25, 33, 33, 1000000, 33000000),
  (13, 37, 58, 58, 1000000, 58000000), (13, 22, 39, 39, 1000000, 39000000),
  (14, 98, 73, 73, 1000000, 73000000), (14, 47, 68, 68, 1000000, 68000000),
  (14, 91, 97, 97, 1000000, 97000000), (14, 37, 80, 80, 1000000, 80000000),
  (14, 72, 119, 119, 1000000, 119000000), (14, 93, 18, 18, 1000000, 18000000),
  (14, 6, 70, 70, 1000000, 70000000), (15, 51, 25, 25, 1000000, 25000000),
  (15, 57, 98, 98, 1000000, 98000000), (15, 67, 104, 104, 1000000, 104000000),
  (15, 85, 31, 31, 1000000, 31000000), (16, 16, 108, 75, 1000000, 108000000),
  (16, 30, 111, 103, 1000000, 111000000), (16, 108, 55, 31, 1000000, 55000000),
  (16, 55, 61, 32, 1000000, 61000000), (16, 93, 108, 59, 1000000, 108000000),
  (16, 64, 72, 64, 1000000, 72000000), (16, 36, 27, 1, 1000000, 27000000),
  (17, 49, 89, 89, 1000000, 89000000), (17, 78, 94, 94, 1000000, 94000000),
  (17, 87, 73, 73, 1000000, 73000000), (17, 42, 47, 47, 1000000, 47000000),
  (17, 20, 74, 74, 1000000, 74000000), (18, 56, 50, 0, 1000000, 50000000),
  (18, 113, 66, 0, 1000000, 66000000), (18, 118, 14, 0, 1000000, 14000000),
  (18, 16, 94, 0, 1000000, 94000000), (19, 63, 83, 83, 1000000, 83000000),
  (19, 98, 119, 119, 1000000, 119000000), (19, 15, 60, 60, 1000000, 60000000),
  (19, 73, 58, 58, 1000000, 58000000), (19, 87, 108, 108, 1000000, 108000000),
  (19, 85, 13, 13, 1000000, 13000000), (19, 71, 117, 117, 1000000, 117000000),
  (20, 55, 94, 94, 1000000, 94000000), (20, 45, 92, 92, 1000000, 92000000),
  (20, 46, 98, 98, 1000000, 98000000), (20, 53, 24, 24, 1000000, 24000000),
  (21, 73, 12, 12, 1000000, 12000000), (21, 66, 59, 59, 1000000, 59000000),
  (21, 116, 113, 113, 1000000, 113000000), (21, 54, 96, 96, 1000000, 96000000),
  (21, 35, 74, 74, 1000000, 74000000), (21, 3, 53, 53, 1224000, 64872000),
  (21, 90, 56, 56, 1000000, 56000000), (22, 28, 105, 12, 1000000, 105000000),
  (22, 37, 22, 19, 1000000, 22000000), (22, 34, 82, 68, 1000000, 82000000),
  (22, 7, 54, 51, 1000000, 54000000), (22, 39, 48, 33, 1000000, 48000000),
  (22, 74, 94, 70, 1000000, 94000000), (22, 52, 61, 17, 1000000, 61000000),
  (22, 103, 95, 71, 1000000, 95000000), (23, 35, 65, 65, 1000000, 65000000),
  (23, 120, 90, 90, 1000000, 90000000), (23, 82, 56, 56, 1000000, 56000000),
  (23, 69, 29, 29, 1000000, 29000000), (23, 104, 48, 48, 1000000, 48000000),
  (23, 79, 50, 50, 1000000, 50000000), (23, 110, 18, 18, 1000000, 18000000),
  (24, 31, 69, 69, 1000000, 69000000), (24, 52, 65, 65, 1000000, 65000000),
  (24, 15, 14, 14, 1000000, 14000000), (24, 20, 27, 27, 1000000, 27000000),
  (24, 25, 112, 112, 1000000, 112000000), (24, 4, 32, 32, 1000000, 32000000),
  (24, 32, 102, 102, 1000000, 102000000), (24, 103, 17, 17, 1000000, 17000000),
  (25, 115, 102, 102, 1000000, 102000000), (25, 47, 24, 24, 1000000, 24000000),
  (25, 86, 25, 25, 1000000, 25000000), (25, 85, 84, 84, 1000000, 84000000),
  (25, 114, 42, 42, 1000000, 42000000), (25, 12, 40, 40, 1000000, 40000000),
  (25, 51, 113, 113, 1000000, 113000000), (26, 120, 45, 29, 1000000, 45000000),
  (26, 55, 85, 8, 1000000, 85000000), (26, 28, 99, 15, 1000000, 99000000),
  (26, 19, 70, 32, 1000000, 70000000), (26, 14, 28, 12, 2857000, 79996000),
  (27, 5, 40, 0, 1000000, 40000000), (27, 108, 59, 0, 1000000, 59000000),
  (27, 95, 99, 0, 1000000, 99000000), (27, 85, 113, 0, 1000000, 113000000),
  (27, 103, 78, 0, 1000000, 78000000), (27, 7, 119, 0, 1000000, 119000000),
  (27, 89, 11, 0, 1000000, 11000000), (27, 118, 60, 0, 1000000, 60000000),
  (28, 118, 92, 92, 1000000, 92000000), (28, 57, 45, 45, 1000000, 45000000),
  (28, 81, 109, 109, 1000000, 109000000), (28, 41, 104, 104, 1000000, 104000000),
  (28, 113, 52, 52, 1000000, 52000000), (29, 54, 98, 98, 1000000, 98000000),
  (29, 78, 92, 92, 1000000, 92000000), (29, 94, 66, 66, 1000000, 66000000),
  (29, 105, 10, 10, 1000000, 10000000), (29, 71, 49, 49, 1000000, 49000000),
  (29, 95, 24, 24, 1000000, 24000000), (30, 109, 67, 67, 1000000, 67000000),
  (30, 77, 27, 27, 1000000, 27000000), (30, 88, 85, 85, 1000000, 85000000),
  (30, 53, 46, 46, 1000000, 46000000), (30, 102, 57, 57, 1000000, 57000000),
  (31, 83, 119, 0, 1000000, 119000000), (31, 79, 61, 0, 1000000, 61000000),
  (31, 81, 86, 0, 1000000, 86000000), (31, 30, 21, 0, 1000000, 21000000),
  (31, 117, 31, 0, 1000000, 31000000), (31, 12, 25, 0, 1000000, 25000000),
  (31, 60, 77, 0, 1000000, 77000000), (31, 26, 68, 0, 1000000, 68000000),
  (32, 37, 86, 86, 1000000, 86000000), (32, 96, 46, 46, 1000000, 46000000),
  (32, 64, 63, 63, 1000000, 63000000), (32, 49, 28, 28, 1000000, 28000000),
  (32, 17, 43, 43, 1000000, 43000000), (32, 56, 41, 41, 1000000, 41000000),
  (33, 89, 104, 104, 1000000, 104000000), (33, 51, 22, 22, 1000000, 22000000),
  (33, 88, 52, 52, 1000000, 52000000), (33, 28, 55, 55, 1000000, 55000000),
  (33, 92, 112, 112, 1000000, 112000000), (33, 50, 113, 113, 1000000, 113000000),
  (34, 86, 31, 31, 1000000, 31000000), (34, 48, 53, 53, 1000000, 53000000),
  (34, 17, 21, 21, 1000000, 21000000), (34, 115, 65, 65, 1000000, 65000000),
  (34, 72, 50, 50, 1000000, 50000000), (34, 6, 73, 73, 1000000, 73000000),
  (34, 75, 45, 45, 1000000, 45000000), (35, 67, 107, 20, 1000000, 107000000),
  (35, 41, 94, 82, 1000000, 94000000), (35, 56, 34, 10, 1000000, 34000000),
  (35, 115, 14, 8, 1000000, 14000000), (35, 22, 69, 56, 1000000, 69000000),
  (35, 95, 73, 6, 1000000, 73000000), (36, 16, 116, 116, 1000000, 116000000),
  (36, 45, 115, 115, 1000000, 115000000), (36, 12, 94, 94, 1000000, 94000000),
  (36, 27, 10, 10, 1000000, 10000000), (36, 112, 33, 33, 1000000, 33000000),
  (37, 37, 23, 0, 1000000, 23000000), (37, 88, 29, 0, 1000000, 29000000),
  (37, 16, 68, 0, 1000000, 68000000), (37, 51, 94, 0, 1000000, 94000000),
  (38, 6, 112, 112, 1000000, 112000000), (38, 84, 120, 120, 1000000, 120000000),
  (38, 80, 46, 46, 1000000, 46000000), (38, 58, 105, 105, 1000000, 105000000),
  (38, 42, 87, 87, 1000000, 87000000), (38, 94, 42, 42, 1000000, 42000000),
  (39, 100, 72, 72, 1000000, 72000000), (39, 52, 113, 113, 1000000, 113000000),
  (39, 37, 97, 97, 1000000, 97000000), (39, 83, 95, 95, 1000000, 95000000),
  (39, 97, 75, 75, 1000000, 75000000), (39, 84, 59, 59, 1000000, 59000000),
  (39, 20, 86, 86, 1000000, 86000000), (40, 12, 101, 101, 1000000, 101000000),
  (40, 6, 77, 77, 1000000, 77000000), (40, 66, 20, 20, 1000000, 20000000),
  (40, 44, 20, 20, 1000000, 20000000), (40, 60, 48, 48, 1000000, 48000000),
  (40, 87, 97, 97, 1000000, 97000000), (40, 29, 41, 41, 1000000, 41000000),
  (41, 66, 94, 94, 1000000, 94000000), (41, 14, 42, 42, 2636000, 110712000),
  (41, 55, 20, 20, 1000000, 20000000), (41, 53, 24, 24, 1000000, 24000000),
  (42, 11, 85, 59, 1000000, 85000000), (42, 54, 89, 34, 1000000, 89000000),
  (42, 113, 113, 24, 1000000, 113000000), (42, 91, 105, 78, 1000000, 105000000),
  (43, 2, 61, 61, 1918000, 116998000), (43, 22, 105, 105, 1000000, 105000000),
  (43, 84, 48, 48, 1000000, 48000000), (43, 62, 88, 88, 1000000, 88000000),
  (44, 15, 36, 36, 1000000, 36000000), (44, 105, 93, 93, 1000000, 93000000),
  (44, 3, 90, 90, 1120000, 100800000), (44, 90, 34, 34, 1000000, 34000000),
  (44, 25, 69, 69, 1000000, 69000000), (45, 63, 82, 0, 1000000, 82000000),
  (45, 61, 60, 0, 1000000, 60000000), (45, 3, 11, 0, 1000000, 11000000),
  (45, 111, 118, 0, 1000000, 118000000), (45, 58, 63, 0, 1000000, 63000000),
  (45, 75, 104, 0, 1000000, 104000000), (45, 32, 103, 0, 1000000, 103000000),
  (46, 93, 17, 17, 1000000, 17000000), (46, 79, 83, 83, 1000000, 83000000),
  (46, 120, 44, 44, 1000000, 44000000), (46, 87, 70, 70, 1000000, 70000000),
  (46, 116, 92, 92, 1000000, 92000000), (46, 105, 65, 65, 1000000, 65000000),
  (46, 112, 102, 102, 1000000, 102000000), (46, 63, 66, 66, 1000000, 66000000),
  (47, 17, 96, 0, 1000000, 96000000), (47, 114, 56, 0, 1000000, 56000000),
  (47, 38, 112, 0, 1000000, 112000000), (47, 93, 30, 0, 1000000, 30000000),
  (47, 92, 46, 0, 1000000, 46000000), (47, 50, 21, 0, 1000000, 21000000),
  (47, 54, 26, 0, 1000000, 26000000), (48, 64, 43, 43, 1000000, 43000000),
  (48, 39, 32, 32, 1000000, 32000000), (48, 31, 74, 74, 1000000, 74000000),
  (48, 27, 53, 53, 1000000, 53000000), (48, 72, 39, 39, 1000000, 39000000),
  (48, 7, 72, 72, 1000000, 72000000), (48, 3, 110, 110, 1296000, 142560000),
  (49, 78, 117, 117, 1000000, 117000000), (49, 86, 23, 23, 1000000, 23000000),
  (49, 14, 110, 110, 2666000, 293260000), (49, 91, 115, 115, 1000000, 115000000),
  (49, 7, 23, 23, 1000000, 23000000), (49, 119, 36, 36, 1000000, 36000000),
  (49, 57, 103, 103, 1000000, 103000000), (49, 103, 107, 107, 1000000, 107000000),
  (50, 16, 10, 10, 1000000, 10000000), (50, 109, 70, 70, 1000000, 70000000),
  (50, 26, 31, 31, 1000000, 31000000), (50, 57, 101, 101, 1000000, 101000000),
  (50, 54, 90, 90, 1000000, 90000000);


-- =========================
-- Sales Orders (70)
-- =========================
INSERT INTO sales_order
  (so_id, location_id, order_date, customer_name, status, total_amount, created_by)
VALUES
  (1, 9, '2025-10-20', 'Event Organizer', 'CONFIRMED', 1308300, 3),
  (2, 6, '2025-11-20', 'Internal Customer', 'CANCELLED', 1808000, 19),
  (3, 6, '2025-11-05', 'Event Organizer', 'CONFIRMED', 3412000, 19),
  (4, 11, '2025-10-21', 'Internal Customer', 'CANCELLED', 566050, 11),
  (5, 15, '2025-10-18', 'Partner Company', 'CONFIRMED', 5192200, 25),
  (6, 8, '2025-10-19', 'Event Organizer', 'CONFIRMED', 7471000, 18),
  (7, 10, '2025-12-02', 'Internal Customer', 'CONFIRMED', 1097000, 19),
  (8, 7, '2025-11-22', 'Partner Company', 'CANCELLED', 885000, 24),
  (9, 13, '2025-12-04', 'Internal Customer', 'CONFIRMED', 12655100, 17),
  (10, 8, '2025-11-02', 'VinUni Faculty', 'CONFIRMED', 2669000, 19),
  (11, 10, '2025-10-08', 'Vingroup Office', 'CONFIRMED', 1568000, 6),
  (12, 15, '2025-11-22', 'Retail Walk-in', 'CONFIRMED', 2431600, 15),
  (13, 14, '2025-11-06', 'Internal Customer', 'CONFIRMED', 3715575, 20),
  (14, 6, '2025-10-23', 'Partner Company', 'CONFIRMED', 8281400, 8),
  (15, 7, '2025-11-08', 'Student Union', 'CANCELLED', 1749000, 24),
  (16, 7, '2025-10-17', 'CECS Lab', 'CANCELLED', 3175925, 24),
  (17, 13, '2025-11-16', 'Event Organizer', 'CANCELLED', 2095800, 12),
  (18, 8, '2025-11-12', 'CECS Lab', 'CONFIRMED', 4232700, 14),
  (19, 14, '2025-10-31', 'VinUni Faculty', 'CONFIRMED', 27651000, 5),
  (20, 15, '2025-10-02', 'Retail Walk-in', 'CONFIRMED', 6468000, 34),
  (21, 9, '2025-10-18', 'Internal Customer', 'CONFIRMED', 1513650, 13),
  (22, 9, '2025-11-30', 'Retail Walk-in', 'CANCELLED', 3752650, 31),
  (23, 14, '2025-10-15', 'Campus Cafe', 'CONFIRMED', 3111350, 28),
  (24, 8, '2025-12-07', 'Partner Company', 'CONFIRMED', 2245000, 14),
  (25, 9, '2025-10-07', 'CECS Lab', 'CANCELLED', 1833000, 18),
  (26, 9, '2025-11-20', 'Student Union', 'CONFIRMED', 2834550, 29),
  (27, 12, '2025-10-04', 'Campus Cafe', 'CONFIRMED', 286100, 5),
  (28, 9, '2025-11-12', 'Student Union', 'CONFIRMED', 2035825, 31),
  (29, 9, '2025-10-30', 'Student Union', 'CONFIRMED', 3553725, 7),
  (30, 12, '2025-12-08', 'CECS Lab', 'CONFIRMED', 3746800, 30),
  (31, 8, '2025-10-26', 'VinUni Faculty', 'CONFIRMED', 16012000, 34),
  (32, 12, '2025-10-27', 'Campus Cafe', 'CONFIRMED', 2834600, 23),
  (33, 16, '2025-11-28', 'Vingroup Office', 'CONFIRMED', 1357850, 29),
  (34, 10, '2025-12-08', 'CECS Lab', 'CONFIRMED', 1571000, 14),
  (35, 7, '2025-11-29', 'Partner Company', 'CONFIRMED', 9713000, 31),
  (36, 13, '2025-11-05', 'Campus Cafe', 'CONFIRMED', 2614000, 20),
  (37, 15, '2025-10-01', 'Internal Customer', 'CONFIRMED', 9618000, 34),
  (38, 6, '2025-11-23', 'Event Organizer', 'CONFIRMED', 4126950, 16),
  (39, 7, '2025-11-05', 'Vingroup Office', 'CONFIRMED', 1505700, 12),
  (40, 8, '2025-11-10', 'Retail Walk-in', 'CONFIRMED', 1284000, 14),
  (41, 8, '2025-11-05', 'Vingroup Office', 'CONFIRMED', 3999150, 12),
  (42, 6, '2025-10-19', 'Student Union', 'CONFIRMED', 26188700, 18),
  (43, 12, '2025-12-04', 'Partner Company', 'CONFIRMED', 7359000, 19),
  (44, 6, '2025-12-04', 'Vingroup Office', 'CONFIRMED', 1848300, 8),
  (45, 12, '2025-11-24', 'Student Union', 'CONFIRMED', 4327000, 25),
  (46, 15, '2025-10-11', 'Event Organizer', 'CANCELLED', 1118500, 22),
  (47, 9, '2025-11-20', 'CECS Lab', 'CANCELLED', 2437000, 10),
  (48, 10, '2025-11-22', 'Retail Walk-in', 'CANCELLED', 1319000, 16),
  (49, 7, '2025-10-28', 'Event Organizer', 'CONFIRMED', 2783250, 10),
  (50, 13, '2025-11-30', 'Event Organizer', 'CONFIRMED', 2861000, 3),
  (51, 12, '2025-11-30', 'VinUni Faculty', 'CONFIRMED', 381700, 34),
  (52, 16, '2025-12-09', 'Student Union', 'CONFIRMED', 4010000, 25),
  (53, 8, '2025-12-08', 'Retail Walk-in', 'CONFIRMED', 8376000, 15),
  (54, 15, '2025-11-17', 'Campus Cafe', 'CANCELLED', 6060625, 30),
  (55, 7, '2025-11-05', 'Retail Walk-in', 'CONFIRMED', 3247350, 23),
  (56, 12, '2025-10-10', 'Event Organizer', 'CONFIRMED', 1327800, 28),
  (57, 9, '2025-10-02', 'Vingroup Office', 'CONFIRMED', 2237000, 16),
  (58, 12, '2025-11-01', 'Internal Customer', 'CONFIRMED', 2400100, 17),
  (59, 7, '2025-10-24', 'Partner Company', 'CANCELLED', 3145225, 7),
  (60, 15, '2025-10-24', 'Internal Customer', 'CONFIRMED', 678000, 5),
  (61, 14, '2025-10-22', 'Partner Company', 'CONFIRMED', 2186900, 10),
  (62, 14, '2025-12-05', 'Student Union', 'CONFIRMED', 3371000, 16),
  (63, 12, '2025-10-10', 'Event Organizer', 'CONFIRMED', 1063000, 26),
  (64, 8, '2025-11-10', 'Partner Company', 'CONFIRMED', 34872925, 34),
  (65, 13, '2025-10-13', 'Event Organizer', 'CONFIRMED', 15780000, 32),
  (66, 10, '2025-10-07', 'Vingroup Office', 'CONFIRMED', 1776750, 25),
  (67, 6, '2025-10-11', 'CECS Lab', 'CONFIRMED', 529450, 8),
  (68, 12, '2025-12-08', 'Vingroup Office', 'CANCELLED', 2340200, 25),
  (69, 9, '2025-11-09', 'Event Organizer', 'CANCELLED', 910000, 12),
  (70, 11, '2025-11-24', 'Campus Cafe', 'CONFIRMED', 7871650, 27);


-- =========================
-- Sales Order Items
-- =========================
INSERT INTO sales_order_item
  (so_id, product_id, quantity, unit_price, discount, line_total)
VALUES
  (1, 62, 6, 137000, 0, 822000), (1, 60, 1, 113000, 0, 113000),
  (1, 66, 2, 38000, 7.5, 70300), (1, 74, 3, 101000, 0, 303000),
  (2, 98, 2, 820000, 5, 1558000), (2, 110, 3, 28000, 0, 84000),
  (2, 103, 2, 83000, 0, 166000), (3, 101, 6, 232000, 0, 1392000),
  (3, 36, 4, 23000, 0, 92000), (3, 87, 6, 82000, 0, 492000),
  (3, 97, 3, 65000, 0, 195000), (3, 120, 5, 38000, 10, 171000),
  (3, 102, 5, 214000, 0, 1070000), (4, 89, 1, 42000, 10, 37800),
  (4, 40, 3, 10000, 2.5, 29250), (4, 36, 1, 23000, 0, 23000),
  (4, 114, 1, 23000, 0, 23000), (4, 47, 1, 129000, 0, 129000),
  (4, 106, 1, 210000, 0, 210000), (4, 66, 3, 38000, 0, 114000),
  (5, 83, 7, 24000, 0, 168000), (5, 28, 1, 305000, 0, 305000),
  (5, 119, 8, 262000, 5, 1991200), (5, 113, 6, 133000, 0, 798000),
  (5, 52, 7, 8000, 0, 56000), (5, 66, 7, 38000, 0, 266000),
  (5, 15, 8, 201000, 0, 1608000), (6, 19, 8, 51000, 0, 408000),
  (6, 101, 6, 232000, 0, 1392000), (6, 72, 7, 33000, 0, 231000),
  (6, 75, 5, 158000, 0, 790000), (6, 16, 2, 507000, 0, 1014000),
  (6, 99, 6, 606000, 0, 3636000), (7, 62, 2, 137000, 0, 274000),
  (7, 8, 1, 176000, 0, 176000), (7, 44, 5, 7000, 0, 35000),
  (7, 40, 6, 10000, 0, 60000), (7, 31, 3, 83000, 0, 249000),
  (7, 27, 8, 24000, 0, 192000), (7, 112, 3, 37000, 0, 111000),
  (8, 87, 1, 82000, 0, 82000), (8, 6, 3, 105000, 0, 315000),
  (8, 109, 1, 81000, 0, 81000), (8, 70, 5, 29000, 0, 145000),
  (8, 119, 1, 262000, 0, 262000), (9, 28, 8, 305000, 2.5, 2379000),
  (9, 3, 6, 1366000, 2.5, 7991100), (9, 41, 8, 77000, 0, 616000),
  (9, 116, 3, 280000, 0, 840000), (9, 31, 6, 83000, 0, 498000),
  (9, 36, 2, 23000, 0, 46000), (9, 105, 5, 57000, 0, 285000),
  (10, 97, 1, 65000, 0, 65000), (10, 24, 6, 131000, 0, 786000),
  (10, 8, 6, 176000, 0, 1056000), (10, 86, 2, 39000, 0, 78000),
  (10, 47, 4, 129000, 0, 516000), (10, 27, 7, 24000, 0, 168000),
  (11, 72, 1, 33000, 0, 33000), (11, 4, 2, 598000, 0, 1196000),
  (11, 60, 3, 113000, 0, 339000), (12, 30, 7, 35000, 0, 245000),
  (12, 114, 1, 23000, 0, 23000), (12, 21, 5, 36000, 7.5, 166500),
  (12, 53, 1, 8000, 10, 7200), (12, 78, 8, 116000, 7.5, 858400),
  (12, 24, 7, 131000, 0, 917000), (12, 35, 4, 55000, 2.5, 214500),
  (13, 12, 5, 375000, 0, 1875000), (13, 42, 2, 30000, 0, 60000),
  (13, 15, 5, 201000, 7.5, 929625), (13, 57, 6, 35000, 0, 210000),
  (13, 104, 6, 37000, 0, 222000), (13, 19, 3, 51000, 5, 145350),
  (13, 21, 8, 36000, 5, 273600), (14, 14, 2, 3098000, 0, 6196000),
  (14, 120, 7, 38000, 10, 239400), (14, 102, 3, 214000, 0, 642000),
  (14, 13, 2, 135000, 10, 243000), (14, 86, 4, 39000, 0, 156000),
  (14, 5, 1, 583000, 0, 583000), (14, 104, 6, 37000, 0, 222000),
  (15, 5, 2, 583000, 0, 1166000), (15, 48, 3, 138000, 0, 414000),
  (15, 77, 1, 19000, 0, 19000), (15, 114, 5, 23000, 0, 115000),
  (15, 96, 1, 35000, 0, 35000), (16, 35, 4, 55000, 0, 220000),
  (16, 110, 1, 28000, 0, 28000), (16, 3, 2, 1366000, 2.5, 2663700),
  (16, 112, 3, 37000, 2.5, 108225), (16, 86, 4, 39000, 0, 156000),
  (17, 9, 1, 1797000, 0, 1797000), (17, 42, 1, 30000, 0, 30000),
  (17, 62, 2, 137000, 10, 246600), (17, 83, 1, 24000, 7.5, 22200),
  (18, 4, 6, 598000, 2.5, 3498300), (18, 67, 8, 77000, 0, 616000),
  (18, 61, 1, 128000, 7.5, 118400), (19, 90, 2, 40000, 0, 80000),
  (19, 19, 8, 51000, 0, 408000), (19, 14, 7, 3098000, 0, 21686000),
  (19, 11, 1, 143000, 0, 143000), (19, 5, 7, 583000, 0, 4081000),
  (19, 56, 7, 179000, 0, 1253000), (20, 88, 6, 231000, 0, 1386000),
  (20, 15, 2, 201000, 0, 402000), (20, 48, 2, 138000, 0, 276000),
  (20, 93, 4, 30000, 0, 120000), (20, 98, 5, 820000, 0, 4100000),
  (20, 114, 8, 23000, 0, 184000), (21, 63, 3, 63000, 5, 179550),
  (21, 73, 6, 44000, 0, 264000), (21, 98, 1, 820000, 0, 820000),
  (21, 114, 3, 23000, 0, 69000), (21, 51, 1, 79000, 0, 79000),
  (21, 44, 4, 7000, 0, 28000), (21, 86, 2, 39000, 5, 74100),
  (22, 48, 1, 138000, 5, 131100), (22, 91, 1, 79000, 0, 79000),
  (22, 43, 2, 14000, 0, 28000), (22, 61, 3, 128000, 0, 384000),
  (22, 21, 2, 36000, 0, 72000), (22, 14, 1, 3098000, 2.5, 3020550),
  (22, 66, 1, 38000, 0, 38000), (23, 115, 5, 19000, 0, 95000),
  (23, 53, 4, 8000, 0, 32000), (23, 7, 3, 296000, 0, 888000),
  (23, 4, 1, 598000, 5, 568100), (23, 29, 2, 48000, 0, 96000),
  (23, 40, 5, 10000, 7.5, 46250), (23, 26, 6, 231000, 0, 1386000),
  (24, 112, 6, 37000, 0, 222000), (24, 28, 4, 305000, 0, 1220000),
  (24, 76, 4, 155000, 0, 620000), (24, 54, 3, 61000, 0, 183000),
  (25, 70, 1, 29000, 0, 29000), (25, 27, 3, 24000, 0, 72000),
  (25, 108, 2, 45000, 0, 90000), (25, 11, 3, 143000, 0, 429000),
  (25, 119, 4, 262000, 0, 1048000), (25, 68, 1, 89000, 0, 89000),
  (25, 120, 2, 38000, 0, 76000), (26, 85, 2, 75000, 0, 150000),
  (26, 21, 6, 36000, 0, 216000), (26, 53, 8, 8000, 0, 64000),
  (26, 34, 7, 31000, 0, 217000), (26, 79, 7, 193000, 0, 1351000),
  (26, 11, 6, 143000, 2.5, 836550), (27, 52, 2, 8000, 2.5, 15600),
  (27, 13, 2, 135000, 5, 256500), (27, 43, 1, 14000, 0, 14000),
  (28, 25, 5, 128000, 0, 640000), (28, 105, 5, 57000, 0, 285000),
  (28, 89, 7, 42000, 0, 294000), (28, 18, 1, 767000, 2.5, 747825),
  (28, 114, 3, 23000, 0, 69000), (29, 119, 4, 262000, 0, 1048000),
  (29, 79, 7, 193000, 0, 1351000), (29, 114, 1, 23000, 0, 23000),
  (29, 67, 3, 77000, 0, 231000), (29, 107, 1, 585000, 7.5, 541125),
  (29, 49, 6, 16000, 2.5, 93600), (29, 120, 7, 38000, 0, 266000),
  (30, 115, 7, 19000, 0, 133000), (30, 6, 7, 105000, 0, 735000),
  (30, 20, 4, 123000, 0, 492000), (30, 22, 8, 45000, 0, 360000),
  (30, 48, 2, 138000, 5, 262200), (30, 83, 3, 24000, 0, 72000),
  (30, 92, 8, 217000, 2.5, 1692600), (31, 43, 6, 14000, 0, 84000),
  (31, 95, 6, 206000, 0, 1236000), (31, 75, 2, 158000, 0, 316000),
  (31, 9, 8, 1797000, 0, 14376000), (32, 23, 8, 165000, 0, 1320000),
  (32, 88, 3, 231000, 0, 693000), (32, 84, 7, 55000, 0, 385000),
  (32, 45, 6, 12000, 2.5, 70200), (32, 86, 8, 39000, 5, 296400),
  (32, 30, 2, 35000, 0, 70000), (33, 60, 8, 113000, 0, 904000),
  (33, 36, 3, 23000, 5, 65550), (33, 27, 4, 24000, 0, 96000),
  (33, 91, 4, 79000, 7.5, 292300), (34, 74, 6, 101000, 0, 606000),
  (34, 60, 6, 113000, 0, 678000), (34, 115, 5, 19000, 0, 95000),
  (34, 83, 8, 24000, 0, 192000), (35, 64, 3, 103000, 0, 309000),
  (35, 5, 8, 583000, 0, 4664000), (35, 2, 2, 2322000, 0, 4644000),
  (35, 45, 8, 12000, 0, 96000), (36, 16, 1, 507000, 0, 507000),
  (36, 27, 8, 24000, 0, 192000), (36, 44, 1, 7000, 0, 7000),
  (36, 20, 8, 123000, 0, 984000), (36, 83, 6, 24000, 0, 144000),
  (36, 111, 2, 114000, 0, 228000), (36, 59, 8, 69000, 0, 552000),
  (37, 53, 1, 8000, 0, 8000), (37, 34, 4, 31000, 0, 124000),
  (37, 29, 4, 48000, 0, 192000), (37, 14, 3, 3098000, 0, 9294000),
  (38, 89, 7, 42000, 7.5, 271950), (38, 98, 4, 820000, 0, 3280000),
  (38, 34, 3, 31000, 0, 93000), (38, 97, 6, 65000, 0, 390000),
  (38, 36, 4, 23000, 0, 92000), (39, 66, 2, 38000, 10, 68400),
  (39, 51, 3, 79000, 0, 237000), (39, 95, 6, 206000, 7.5, 1143300),
  (39, 77, 3, 19000, 0, 57000), (40, 82, 1, 22000, 0, 22000),
  (40, 63, 2, 63000, 0, 126000), (40, 54, 7, 61000, 0, 427000),
  (40, 72, 1, 33000, 0, 33000), (40, 90, 5, 40000, 0, 200000),
  (40, 105, 4, 57000, 0, 228000), (40, 34, 8, 31000, 0, 248000),
  (41, 93, 6, 30000, 2.5, 175500), (41, 116, 1, 280000, 0, 280000),
  (41, 42, 4, 30000, 10, 108000), (41, 107, 5, 585000, 5, 2778750),
  (41, 4, 1, 598000, 0, 598000), (41, 34, 2, 31000, 5, 58900),
  (42, 88, 3, 231000, 0, 693000), (42, 36, 1, 23000, 0, 23000),
  (42, 41, 5, 77000, 0, 385000), (42, 80, 4, 108000, 0, 432000),
  (42, 14, 8, 3098000, 5, 23544800), (42, 69, 6, 118000, 7.5, 654900),
  (42, 111, 4, 114000, 0, 456000), (43, 3, 3, 1366000, 0, 4098000),
  (43, 112, 5, 37000, 0, 185000), (43, 55, 8, 109000, 0, 872000),
  (43, 62, 8, 137000, 0, 1096000), (43, 13, 8, 135000, 0, 1080000),
  (43, 44, 4, 7000, 0, 28000), (44, 64, 2, 103000, 0, 206000),
  (44, 115, 2, 19000, 5, 36100), (44, 61, 3, 128000, 7.5, 355200),
  (44, 63, 5, 63000, 0, 315000), (44, 78, 8, 116000, 0, 928000),
  (44, 52, 1, 8000, 0, 8000), (45, 92, 3, 217000, 0, 651000),
  (45, 104, 3, 37000, 0, 111000), (45, 99, 3, 606000, 0, 1818000),
  (45, 5, 2, 583000, 0, 1166000), (45, 103, 7, 83000, 0, 581000),
  (46, 120, 4, 38000, 0, 152000), (46, 62, 1, 137000, 0, 137000),
  (46, 36, 3, 23000, 0, 69000), (46, 100, 3, 260000, 2.5, 760500),
  (47, 1, 3, 57000, 0, 171000), (47, 13, 2, 135000, 0, 270000),
  (47, 9, 1, 1797000, 0, 1797000), (47, 118, 1, 34000, 0, 34000),
  (47, 104, 1, 37000, 0, 37000), (47, 61, 1, 128000, 0, 128000),
  (48, 13, 1, 135000, 0, 135000), (48, 41, 4, 77000, 0, 308000),
  (48, 55, 1, 109000, 0, 109000), (48, 18, 1, 767000, 0, 767000),
  (49, 47, 6, 129000, 0, 774000), (49, 76, 6, 155000, 2.5, 906750),
  (49, 74, 1, 101000, 0, 101000), (49, 57, 2, 35000, 5, 66500),
  (49, 96, 7, 35000, 0, 245000), (49, 68, 2, 89000, 0, 178000),
  (49, 61, 4, 128000, 0, 512000), (50, 97, 1, 65000, 0, 65000),
  (50, 49, 4, 16000, 0, 64000), (50, 3, 2, 1366000, 0, 2732000),
  (51, 105, 1, 57000, 0, 57000), (51, 21, 2, 36000, 0, 72000),
  (51, 77, 8, 19000, 2.5, 148200), (51, 84, 2, 55000, 5, 104500),
  (52, 16, 6, 507000, 0, 3042000), (52, 62, 4, 137000, 0, 548000),
  (52, 106, 2, 210000, 0, 420000), (53, 33, 7, 79000, 0, 553000),
  (53, 81, 7, 67000, 0, 469000), (53, 110, 2, 28000, 0, 56000),
  (53, 84, 2, 55000, 0, 110000), (53, 9, 4, 1797000, 0, 7188000),
  (54, 108, 3, 45000, 2.5, 131625), (54, 1, 1, 57000, 0, 57000),
  (54, 44, 1, 7000, 0, 7000), (54, 10, 1, 4821000, 0, 4821000),
  (54, 84, 2, 55000, 0, 110000), (54, 77, 1, 19000, 0, 19000),
  (54, 28, 3, 305000, 0, 915000), (55, 8, 4, 176000, 7.5, 651200),
  (55, 55, 3, 109000, 0, 327000), (55, 28, 5, 305000, 0, 1525000),
  (55, 115, 3, 19000, 5, 54150), (55, 37, 6, 81000, 0, 486000),
  (55, 118, 6, 34000, 0, 204000), (56, 103, 1, 83000, 0, 83000),
  (56, 81, 3, 67000, 0, 201000), (56, 57, 8, 35000, 0, 280000),
  (56, 15, 4, 201000, 5, 763800), (57, 56, 2, 179000, 5, 340100),
  (57, 62, 3, 137000, 10, 369900), (57, 101, 6, 232000, 0, 1392000),
  (57, 22, 3, 45000, 0, 135000), (58, 44, 2, 7000, 0, 14000),
  (58, 102, 7, 214000, 5, 1423100), (58, 87, 8, 82000, 0, 656000),
  (58, 27, 2, 24000, 0, 48000), (58, 96, 1, 35000, 0, 35000),
  (58, 110, 8, 28000, 0, 224000), (59, 51, 2, 79000, 0, 158000),
  (59, 91, 1, 79000, 0, 79000), (59, 21, 5, 36000, 0, 180000),
  (59, 15, 5, 201000, 0, 1005000), (59, 54, 1, 61000, 0, 61000),
  (59, 9, 1, 1797000, 7.5, 1662225), (60, 8, 3, 176000, 0, 528000),
  (60, 19, 1, 51000, 0, 51000), (60, 82, 5, 22000, 10, 99000),
  (61, 79, 8, 193000, 0, 1544000), (61, 118, 6, 34000, 0, 204000),
  (61, 41, 6, 77000, 5, 438900), (62, 34, 4, 31000, 0, 124000),
  (62, 5, 4, 583000, 0, 2332000), (62, 28, 3, 305000, 0, 915000),
  (63, 58, 3, 75000, 0, 225000), (63, 66, 5, 38000, 0, 190000),
  (63, 13, 4, 135000, 0, 540000), (63, 38, 3, 36000, 0, 108000),
  (64, 36, 1, 23000, 0, 23000), (64, 10, 6, 4821000, 0, 28926000),
  (64, 39, 3, 22000, 0, 66000), (64, 16, 2, 507000, 0, 1014000),
  (64, 76, 4, 155000, 10, 558000), (64, 15, 1, 201000, 7.5, 185925),
  (64, 98, 5, 820000, 0, 4100000), (65, 85, 7, 75000, 0, 525000),
  (65, 40, 7, 10000, 0, 70000), (65, 92, 5, 217000, 0, 1085000),
  (65, 16, 3, 507000, 0, 1521000), (65, 9, 7, 1797000, 0, 12579000),
  (66, 106, 5, 210000, 0, 1050000), (66, 68, 4, 89000, 7.5, 329300),
  (66, 27, 2, 24000, 0, 48000), (66, 66, 6, 38000, 0, 228000),
  (66, 52, 2, 8000, 0, 16000), (66, 120, 3, 38000, 7.5, 105450),
  (67, 69, 3, 118000, 7.5, 327450), (67, 105, 2, 57000, 0, 114000),
  (67, 82, 4, 22000, 0, 88000), (68, 102, 1, 214000, 0, 214000),
  (68, 88, 2, 231000, 0, 462000), (68, 8, 4, 176000, 7.5, 651200),
  (68, 65, 1, 53000, 0, 53000), (68, 24, 1, 131000, 0, 131000),
  (68, 101, 3, 232000, 0, 696000), (68, 113, 1, 133000, 0, 133000),
  (69, 70, 1, 29000, 0, 29000), (69, 8, 2, 176000, 0, 352000),
  (69, 51, 1, 79000, 0, 79000), (69, 1, 1, 57000, 0, 57000),
  (69, 91, 1, 79000, 0, 79000), (69, 66, 1, 38000, 0, 38000),
  (69, 48, 2, 138000, 0, 276000), (70, 98, 6, 820000, 0, 4920000),
  (70, 68, 5, 89000, 0, 445000), (70, 25, 7, 128000, 0, 896000),
  (70, 22, 3, 45000, 5, 128250), (70, 56, 8, 179000, 0, 1432000),
  (70, 110, 2, 28000, 10, 50400);


-- =========================
-- Stock Movements (history)
-- =========================
INSERT INTO stock_movement
  (movement_id, product_id, location_id, quantity, movement_type, related_document_type, related_document_id, movement_date, created_by)
VALUES
  (1, 1, 1, 243, 'ADJUSTMENT', 'INITIAL_LOAD', NULL, '2025-08-01 08:00:00', 23), (2, 1, 2, 219, 'ADJUSTMENT', 'INITIAL_LOAD', NULL, '2025-08-01 08:00:20', 14),
  (3, 1, 3, 69, 'ADJUSTMENT', 'INITIAL_LOAD', NULL, '2025-08-01 08:00:40', 18), (4, 1, 4, 258, 'ADJUSTMENT', 'INITIAL_LOAD', NULL, '2025-08-01 08:01:00', 12),
  (5, 1, 5, 207, 'ADJUSTMENT', 'INITIAL_LOAD', NULL, '2025-08-01 08:01:20', 13), (6, 1, 6, 83, 'ADJUSTMENT', 'INITIAL_LOAD', NULL, '2025-08-01 08:01:40', 33),
  (7, 1, 7, 70, 'ADJUSTMENT', 'INITIAL_LOAD', NULL, '2025-08-01 08:02:00', 13), (8, 1, 8, 27, 'ADJUSTMENT', 'INITIAL_LOAD', NULL, '2025-08-01 08:02:20', 16),
  (9, 1, 9, 29, 'ADJUSTMENT', 'INITIAL_LOAD', NULL, '2025-08-01 08:02:40', 16), (10, 1, 10, 58, 'ADJUSTMENT', 'INITIAL_LOAD', NULL, '2025-08-01 08:03:00', 17),
  (11, 1, 11, 12, 'ADJUSTMENT', 'INITIAL_LOAD', NULL, '2025-08-01 08:03:20', 14), (12, 1, 12, 40, 'ADJUSTMENT', 'INITIAL_LOAD', NULL, '2025-08-01 08:03:40', 15),
  (13, 1, 13, 47, 'ADJUSTMENT', 'INITIAL_LOAD', NULL, '2025-08-01 08:04:00', 13), (14, 1, 14, 87, 'ADJUSTMENT', 'INITIAL_LOAD', NULL, '2025-08-01 08:04:20', 16),
  (15, 1, 15, 49, 'ADJUSTMENT', 'INITIAL_LOAD', NULL, '2025-08-01 08:04:40', 23), (16, 1, 16, 48, 'ADJUSTMENT', 'INITIAL_LOAD', NULL, '2025-08-01 08:05:00', 10),
  (17, 2, 1, 64, 'ADJUSTMENT', 'INITIAL_LOAD', NULL, '2025-08-01 08:05:20', 7), (18, 2, 2, 230, 'ADJUSTMENT', 'INITIAL_LOAD', NULL, '2025-08-01 08:05:40', 8),
  (19, 2, 3, 229, 'ADJUSTMENT', 'INITIAL_LOAD', NULL, '2025-08-01 08:06:00', 6), (20, 2, 4, 135, 'ADJUSTMENT', 'INITIAL_LOAD', NULL, '2025-08-01 08:06:20', 33),
  (21, 2, 5, 247, 'ADJUSTMENT', 'INITIAL_LOAD', NULL, '2025-08-01 08:06:40', 1), (22, 2, 6, 21, 'ADJUSTMENT', 'INITIAL_LOAD', NULL, '2025-08-01 08:07:00', 3),
  (23, 2, 7, 75, 'ADJUSTMENT', 'INITIAL_LOAD', NULL, '2025-08-01 08:07:20', 32), (24, 2, 8, 71, 'ADJUSTMENT', 'INITIAL_LOAD', NULL, '2025-08-01 08:07:40', 24),
  (25, 2, 9, 53, 'ADJUSTMENT', 'INITIAL_LOAD', NULL, '2025-08-01 08:08:00', 21), (26, 2, 10, 85, 'ADJUSTMENT', 'INITIAL_LOAD', NULL, '2025-08-01 08:08:20', 33),
  (27, 2, 11, 54, 'ADJUSTMENT', 'INITIAL_LOAD', NULL, '2025-08-01 08:08:40', 18), (28, 2, 12, 6, 'ADJUSTMENT', 'INITIAL_LOAD', NULL, '2025-08-01 08:09:00', 33),
  (29, 2, 13, 76, 'ADJUSTMENT', 'INITIAL_LOAD', NULL, '2025-08-01 08:09:20', 12), (30, 2, 14, 13, 'ADJUSTMENT', 'INITIAL_LOAD', NULL, '2025-08-01 08:09:40', 34),
  (31, 2, 16, 61, 'ADJUSTMENT', 'INITIAL_LOAD', NULL, '2025-08-01 08:10:00', 18), (32, 3, 1, 67, 'ADJUSTMENT', 'INITIAL_LOAD', NULL, '2025-08-01 08:10:20', 26),
  (33, 3, 2, 129, 'ADJUSTMENT', 'INITIAL_LOAD', NULL, '2025-08-01 08:10:40', 15), (34, 3, 3, 256, 'ADJUSTMENT', 'INITIAL_LOAD', NULL, '2025-08-01 08:11:00', 9),
  (35, 3, 4, 182, 'ADJUSTMENT', 'INITIAL_LOAD', NULL, '2025-08-01 08:11:20', 4), (36, 3, 5, 134, 'ADJUSTMENT', 'INITIAL_LOAD', NULL, '2025-08-01 08:11:40', 28),
  (37, 3, 6, 14, 'ADJUSTMENT', 'INITIAL_LOAD', NULL, '2025-08-01 08:12:00', 32), (38, 3, 7, 73, 'ADJUSTMENT', 'INITIAL_LOAD', NULL, '2025-08-01 08:12:20', 3),
  (39, 3, 8, 54, 'ADJUSTMENT', 'INITIAL_LOAD', NULL, '2025-08-01 08:12:40', 34), (40, 3, 9, 79, 'ADJUSTMENT', 'INITIAL_LOAD', NULL, '2025-08-01 08:13:00', 23),
  (41, 3, 10, 82, 'ADJUSTMENT', 'INITIAL_LOAD', NULL, '2025-08-01 08:13:20', 26), (42, 3, 11, 77, 'ADJUSTMENT', 'INITIAL_LOAD', NULL, '2025-08-01 08:13:40', 12),
  (43, 3, 12, 88, 'ADJUSTMENT', 'INITIAL_LOAD', NULL, '2025-08-01 08:14:00', 31), (44, 3, 13, 35, 'ADJUSTMENT', 'INITIAL_LOAD', NULL, '2025-08-01 08:14:20', 8),
  (45, 3, 14, 39, 'ADJUSTMENT', 'INITIAL_LOAD', NULL, '2025-08-01 08:14:40', 31), (46, 3, 16, 18, 'ADJUSTMENT', 'INITIAL_LOAD', NULL, '2025-08-01 08:15:00', 21),
  (47, 4, 1, 142, 'ADJUSTMENT', 'INITIAL_LOAD', NULL, '2025-08-01 08:15:20', 1), (48, 4, 2, 57, 'ADJUSTMENT', 'INITIAL_LOAD', NULL, '2025-08-01 08:15:40', 1),
  (49, 4, 3, 76, 'ADJUSTMENT', 'INITIAL_LOAD', NULL, '2025-08-01 08:16:00', 14), (50, 4, 4, 229, 'ADJUSTMENT', 'INITIAL_LOAD', NULL, '2025-08-01 08:16:20', 25),
  (51, 4, 5, 202, 'ADJUSTMENT', 'INITIAL_LOAD', NULL, '2025-08-01 08:16:40', 7), (52, 4, 7, 67, 'ADJUSTMENT', 'INITIAL_LOAD', NULL, '2025-08-01 08:17:00', 21),
  (53, 4, 8, 53, 'ADJUSTMENT', 'INITIAL_LOAD', NULL, '2025-08-01 08:17:20', 24), (54, 4, 9, 59, 'ADJUSTMENT', 'INITIAL_LOAD', NULL, '2025-08-01 08:17:40', 17),
  (55, 4, 10, 41, 'ADJUSTMENT', 'INITIAL_LOAD', NULL, '2025-08-01 08:18:00', 12), (56, 4, 11, 72, 'ADJUSTMENT', 'INITIAL_LOAD', NULL, '2025-08-01 08:18:20', 17),
  (57, 4, 14, 10, 'ADJUSTMENT', 'INITIAL_LOAD', NULL, '2025-08-01 08:18:40', 16), (58, 4, 15, 84, 'ADJUSTMENT', 'INITIAL_LOAD', NULL, '2025-08-01 08:19:00', 18),
  (59, 4, 16, 77, 'ADJUSTMENT', 'INITIAL_LOAD', NULL, '2025-08-01 08:19:20', 32), (60, 5, 1, 109, 'ADJUSTMENT', 'INITIAL_LOAD', NULL, '2025-08-01 08:19:40', 22),
  (61, 5, 2, 95, 'ADJUSTMENT', 'INITIAL_LOAD', NULL, '2025-08-01 08:20:00', 24), (62, 5, 3, 233, 'ADJUSTMENT', 'INITIAL_LOAD', NULL, '2025-08-01 08:20:20', 12),
  (63, 5, 4, 171, 'ADJUSTMENT', 'INITIAL_LOAD', NULL, '2025-08-01 08:20:40', 33), (64, 5, 5, 69, 'ADJUSTMENT', 'INITIAL_LOAD', NULL, '2025-08-01 08:21:00', 28),
  (65, 5, 6, 50, 'ADJUSTMENT', 'INITIAL_LOAD', NULL, '2025-08-01 08:21:20', 14), (66, 5, 7, 36, 'ADJUSTMENT', 'INITIAL_LOAD', NULL, '2025-08-01 08:21:40', 27),
  (67, 5, 8, 75, 'ADJUSTMENT', 'INITIAL_LOAD', NULL, '2025-08-01 08:22:00', 24), (68, 5, 9, 85, 'ADJUSTMENT', 'INITIAL_LOAD', NULL, '2025-08-01 08:22:20', 24),
  (69, 5, 10, 28, 'ADJUSTMENT', 'INITIAL_LOAD', NULL, '2025-08-01 08:22:40', 26), (70, 5, 12, 26, 'ADJUSTMENT', 'INITIAL_LOAD', NULL, '2025-08-01 08:23:00', 18),
  (71, 5, 13, 27, 'ADJUSTMENT', 'INITIAL_LOAD', NULL, '2025-08-01 08:23:20', 29), (72, 5, 14, 32, 'ADJUSTMENT', 'INITIAL_LOAD', NULL, '2025-08-01 08:23:40', 12),
  (73, 5, 15, 30, 'ADJUSTMENT', 'INITIAL_LOAD', NULL, '2025-08-01 08:24:00', 9), (74, 6, 1, 137, 'ADJUSTMENT', 'INITIAL_LOAD', NULL, '2025-08-01 08:24:20', 15),
  (75, 6, 2, 176, 'ADJUSTMENT', 'INITIAL_LOAD', NULL, '2025-08-01 08:24:40', 7), (76, 6, 3, 220, 'ADJUSTMENT', 'INITIAL_LOAD', NULL, '2025-08-01 08:25:00', 18),
  (77, 6, 4, 98, 'ADJUSTMENT', 'INITIAL_LOAD', NULL, '2025-08-01 08:25:20', 16), (78, 6, 5, 168, 'ADJUSTMENT', 'INITIAL_LOAD', NULL, '2025-08-01 08:25:40', 28),
  (79, 6, 6, 71, 'ADJUSTMENT', 'INITIAL_LOAD', NULL, '2025-08-01 08:26:00', 25), (80, 6, 7, 44, 'ADJUSTMENT', 'INITIAL_LOAD', NULL, '2025-08-01 08:26:20', 13),
  (81, 6, 8, 9, 'ADJUSTMENT', 'INITIAL_LOAD', NULL, '2025-08-01 08:26:40', 10), (82, 6, 9, 58, 'ADJUSTMENT', 'INITIAL_LOAD', NULL, '2025-08-01 08:27:00', 10),
  (83, 6, 10, 40, 'ADJUSTMENT', 'INITIAL_LOAD', NULL, '2025-08-01 08:27:20', 32), (84, 6, 11, 73, 'ADJUSTMENT', 'INITIAL_LOAD', NULL, '2025-08-01 08:27:40', 1),
  (85, 6, 12, 81, 'ADJUSTMENT', 'INITIAL_LOAD', NULL, '2025-08-01 08:28:00', 12), (86, 6, 13, 14, 'ADJUSTMENT', 'INITIAL_LOAD', NULL, '2025-08-01 08:28:20', 27),
  (87, 6, 15, 79, 'ADJUSTMENT', 'INITIAL_LOAD', NULL, '2025-08-01 08:28:40', 33), (88, 6, 16, 88, 'ADJUSTMENT', 'INITIAL_LOAD', NULL, '2025-08-01 08:29:00', 9),
  (89, 7, 1, 62, 'ADJUSTMENT', 'INITIAL_LOAD', NULL, '2025-08-01 08:29:20', 21), (90, 7, 2, 151, 'ADJUSTMENT', 'INITIAL_LOAD', NULL, '2025-08-01 08:29:40', 33),
  (91, 7, 3, 256, 'ADJUSTMENT', 'INITIAL_LOAD', NULL, '2025-08-01 08:30:00', 20), (92, 7, 4, 67, 'ADJUSTMENT', 'INITIAL_LOAD', NULL, '2025-08-01 08:30:20', 17),
  (93, 7, 5, 102, 'ADJUSTMENT', 'INITIAL_LOAD', NULL, '2025-08-01 08:30:40', 4), (94, 7, 6, 55, 'ADJUSTMENT', 'INITIAL_LOAD', NULL, '2025-08-01 08:31:00', 26),
  (95, 7, 7, 57, 'ADJUSTMENT', 'INITIAL_LOAD', NULL, '2025-08-01 08:31:20', 7), (96, 7, 8, 39, 'ADJUSTMENT', 'INITIAL_LOAD', NULL, '2025-08-01 08:31:40', 11),
  (97, 7, 9, 28, 'ADJUSTMENT', 'INITIAL_LOAD', NULL, '2025-08-01 08:32:00', 4), (98, 7, 13, 44, 'ADJUSTMENT', 'INITIAL_LOAD', NULL, '2025-08-01 08:32:20', 14),
  (99, 7, 14, 82, 'ADJUSTMENT', 'INITIAL_LOAD', NULL, '2025-08-01 08:32:40', 17), (100, 7, 15, 55, 'ADJUSTMENT', 'INITIAL_LOAD', NULL, '2025-08-01 08:33:00', 32),
  (101, 8, 1, 194, 'ADJUSTMENT', 'INITIAL_LOAD', NULL, '2025-08-01 08:33:20', 7), (102, 8, 2, 79, 'ADJUSTMENT', 'INITIAL_LOAD', NULL, '2025-08-01 08:33:40', 29),
  (103, 8, 3, 234, 'ADJUSTMENT', 'INITIAL_LOAD', NULL, '2025-08-01 08:34:00', 22), (104, 8, 4, 234, 'ADJUSTMENT', 'INITIAL_LOAD', NULL, '2025-08-01 08:34:20', 17),
  (105, 8, 5, 207, 'ADJUSTMENT', 'INITIAL_LOAD', NULL, '2025-08-01 08:34:40', 24), (106, 8, 6, 54, 'ADJUSTMENT', 'INITIAL_LOAD', NULL, '2025-08-01 08:35:00', 24),
  (107, 8, 7, 80, 'ADJUSTMENT', 'INITIAL_LOAD', NULL, '2025-08-01 08:35:20', 17), (108, 8, 8, 72, 'ADJUSTMENT', 'INITIAL_LOAD', NULL, '2025-08-01 08:35:40', 23),
  (109, 8, 9, 57, 'ADJUSTMENT', 'INITIAL_LOAD', NULL, '2025-08-01 08:36:00', 2), (110, 8, 10, 72, 'ADJUSTMENT', 'INITIAL_LOAD', NULL, '2025-08-01 08:36:20', 27),
  (111, 8, 11, 79, 'ADJUSTMENT', 'INITIAL_LOAD', NULL, '2025-08-01 08:36:40', 8), (112, 8, 12, 80, 'ADJUSTMENT', 'INITIAL_LOAD', NULL, '2025-08-01 08:37:00', 23),
  (113, 8, 14, 56, 'ADJUSTMENT', 'INITIAL_LOAD', NULL, '2025-08-01 08:37:20', 13), (114, 8, 15, 35, 'ADJUSTMENT', 'INITIAL_LOAD', NULL, '2025-08-01 08:37:40', 12),
  (115, 8, 16, 45, 'ADJUSTMENT', 'INITIAL_LOAD', NULL, '2025-08-01 08:38:00', 19), (116, 9, 1, 119, 'ADJUSTMENT', 'INITIAL_LOAD', NULL, '2025-08-01 08:38:20', 23),
  (117, 9, 2, 158, 'ADJUSTMENT', 'INITIAL_LOAD', NULL, '2025-08-01 08:38:40', 21), (118, 9, 3, 155, 'ADJUSTMENT', 'INITIAL_LOAD', NULL, '2025-08-01 08:39:00', 34),
  (119, 9, 4, 49, 'ADJUSTMENT', 'INITIAL_LOAD', NULL, '2025-08-01 08:39:20', 33), (120, 9, 5, 54, 'ADJUSTMENT', 'INITIAL_LOAD', NULL, '2025-08-01 08:39:40', 29),
  (121, 9, 6, 47, 'ADJUSTMENT', 'INITIAL_LOAD', NULL, '2025-08-01 08:40:00', 6), (122, 9, 7, 12, 'ADJUSTMENT', 'INITIAL_LOAD', NULL, '2025-08-01 08:40:20', 25),
  (123, 9, 8, 48, 'ADJUSTMENT', 'INITIAL_LOAD', NULL, '2025-08-01 08:40:40', 19), (124, 9, 9, 64, 'ADJUSTMENT', 'INITIAL_LOAD', NULL, '2025-08-01 08:41:00', 31),
  (125, 9, 10, 74, 'ADJUSTMENT', 'INITIAL_LOAD', NULL, '2025-08-01 08:41:20', 10), (126, 9, 11, 5, 'ADJUSTMENT', 'INITIAL_LOAD', NULL, '2025-08-01 08:41:40', 11),
  (127, 9, 12, 73, 'ADJUSTMENT', 'INITIAL_LOAD', NULL, '2025-08-01 08:42:00', 22), (128, 9, 13, 41, 'ADJUSTMENT', 'INITIAL_LOAD', NULL, '2025-08-01 08:42:20', 27),
  (129, 9, 15, 46, 'ADJUSTMENT', 'INITIAL_LOAD', NULL, '2025-08-01 08:42:40', 26), (130, 9, 16, 54, 'ADJUSTMENT', 'INITIAL_LOAD', NULL, '2025-08-01 08:43:00', 5),
  (131, 10, 1, 61, 'ADJUSTMENT', 'INITIAL_LOAD', NULL, '2025-08-01 08:43:20', 6), (132, 10, 2, 169, 'ADJUSTMENT', 'INITIAL_LOAD', NULL, '2025-08-01 08:43:40', 11),
  (133, 10, 3, 205, 'ADJUSTMENT', 'INITIAL_LOAD', NULL, '2025-08-01 08:44:00', 22), (134, 10, 4, 84, 'ADJUSTMENT', 'INITIAL_LOAD', NULL, '2025-08-01 08:44:20', 15),
  (135, 10, 5, 50, 'ADJUSTMENT', 'INITIAL_LOAD', NULL, '2025-08-01 08:44:40', 21), (136, 10, 6, 31, 'ADJUSTMENT', 'INITIAL_LOAD', NULL, '2025-08-01 08:45:00', 21),
  (137, 10, 7, 56, 'ADJUSTMENT', 'INITIAL_LOAD', NULL, '2025-08-01 08:45:20', 19), (138, 10, 8, 59, 'ADJUSTMENT', 'INITIAL_LOAD', NULL, '2025-08-01 08:45:40', 18),
  (139, 10, 9, 47, 'ADJUSTMENT', 'INITIAL_LOAD', NULL, '2025-08-01 08:46:00', 26), (140, 10, 10, 49, 'ADJUSTMENT', 'INITIAL_LOAD', NULL, '2025-08-01 08:46:20', 18),
  (141, 10, 11, 43, 'ADJUSTMENT', 'INITIAL_LOAD', NULL, '2025-08-01 08:46:40', 29), (142, 10, 12, 42, 'ADJUSTMENT', 'INITIAL_LOAD', NULL, '2025-08-01 08:47:00', 24),
  (143, 10, 13, 82, 'ADJUSTMENT', 'INITIAL_LOAD', NULL, '2025-08-01 08:47:20', 29), (144, 10, 15, 86, 'ADJUSTMENT', 'INITIAL_LOAD', NULL, '2025-08-01 08:47:40', 27),
  (145, 10, 16, 38, 'ADJUSTMENT', 'INITIAL_LOAD', NULL, '2025-08-01 08:48:00', 11), (146, 11, 1, 208, 'ADJUSTMENT', 'INITIAL_LOAD', NULL, '2025-08-01 08:48:20', 12),
  (147, 11, 2, 272, 'ADJUSTMENT', 'INITIAL_LOAD', NULL, '2025-08-01 08:48:40', 2), (148, 11, 3, 194, 'ADJUSTMENT', 'INITIAL_LOAD', NULL, '2025-08-01 08:49:00', 9),
  (149, 11, 4, 263, 'ADJUSTMENT', 'INITIAL_LOAD', NULL, '2025-08-01 08:49:20', 16), (150, 11, 5, 78, 'ADJUSTMENT', 'INITIAL_LOAD', NULL, '2025-08-01 08:49:40', 17),
  (151, 11, 8, 44, 'ADJUSTMENT', 'INITIAL_LOAD', NULL, '2025-08-01 08:50:00', 6), (152, 11, 9, 83, 'ADJUSTMENT', 'INITIAL_LOAD', NULL, '2025-08-01 08:50:20', 14),
  (153, 11, 11, 90, 'ADJUSTMENT', 'INITIAL_LOAD', NULL, '2025-08-01 08:50:40', 11), (154, 11, 12, 39, 'ADJUSTMENT', 'INITIAL_LOAD', NULL, '2025-08-01 08:51:00', 26),
  (155, 11, 13, 82, 'ADJUSTMENT', 'INITIAL_LOAD', NULL, '2025-08-01 08:51:20', 7), (156, 11, 14, 18, 'ADJUSTMENT', 'INITIAL_LOAD', NULL, '2025-08-01 08:51:40', 7),
  (157, 11, 15, 87, 'ADJUSTMENT', 'INITIAL_LOAD', NULL, '2025-08-01 08:52:00', 5), (158, 11, 16, 11, 'ADJUSTMENT', 'INITIAL_LOAD', NULL, '2025-08-01 08:52:20', 32),
  (159, 12, 1, 148, 'ADJUSTMENT', 'INITIAL_LOAD', NULL, '2025-08-01 08:52:40', 4), (160, 12, 2, 170, 'ADJUSTMENT', 'INITIAL_LOAD', NULL, '2025-08-01 08:53:00', 2),
  (161, 12, 3, 132, 'ADJUSTMENT', 'INITIAL_LOAD', NULL, '2025-08-01 08:53:20', 26), (162, 12, 4, 44, 'ADJUSTMENT', 'INITIAL_LOAD', NULL, '2025-08-01 08:53:40', 6),
  (163, 12, 5, 132, 'ADJUSTMENT', 'INITIAL_LOAD', NULL, '2025-08-01 08:54:00', 7), (164, 12, 7, 38, 'ADJUSTMENT', 'INITIAL_LOAD', NULL, '2025-08-01 08:54:20', 17),
  (165, 12, 8, 55, 'ADJUSTMENT', 'INITIAL_LOAD', NULL, '2025-08-01 08:54:40', 10), (166, 12, 9, 18, 'ADJUSTMENT', 'INITIAL_LOAD', NULL, '2025-08-01 08:55:00', 6),
  (167, 12, 10, 37, 'ADJUSTMENT', 'INITIAL_LOAD', NULL, '2025-08-01 08:55:20', 25), (168, 12, 11, 46, 'ADJUSTMENT', 'INITIAL_LOAD', NULL, '2025-08-01 08:55:40', 20),
  (169, 12, 12, 69, 'ADJUSTMENT', 'INITIAL_LOAD', NULL, '2025-08-01 08:56:00', 15), (170, 12, 14, 43, 'ADJUSTMENT', 'INITIAL_LOAD', NULL, '2025-08-01 08:56:20', 16),
  (171, 12, 15, 44, 'ADJUSTMENT', 'INITIAL_LOAD', NULL, '2025-08-01 08:56:40', 19), (172, 12, 16, 53, 'ADJUSTMENT', 'INITIAL_LOAD', NULL, '2025-08-01 08:57:00', 29),
  (173, 13, 1, 86, 'ADJUSTMENT', 'INITIAL_LOAD', NULL, '2025-08-01 08:57:20', 9), (174, 13, 2, 252, 'ADJUSTMENT', 'INITIAL_LOAD', NULL, '2025-08-01 08:57:40', 9),
  (175, 13, 3, 217, 'ADJUSTMENT', 'INITIAL_LOAD', NULL, '2025-08-01 08:58:00', 11), (176, 13, 4, 237, 'ADJUSTMENT', 'INITIAL_LOAD', NULL, '2025-08-01 08:58:20', 2),
  (177, 13, 5, 199, 'ADJUSTMENT', 'INITIAL_LOAD', NULL, '2025-08-01 08:58:40', 3), (178, 13, 6, 21, 'ADJUSTMENT', 'INITIAL_LOAD', NULL, '2025-08-01 08:59:00', 23),
  (179, 13, 7, 5, 'ADJUSTMENT', 'INITIAL_LOAD', NULL, '2025-08-01 08:59:20', 21), (180, 13, 8, 86, 'ADJUSTMENT', 'INITIAL_LOAD', NULL, '2025-08-01 08:59:40', 32),
  (181, 13, 9, 56, 'ADJUSTMENT', 'INITIAL_LOAD', NULL, '2025-08-01 09:00:00', 31), (182, 13, 10, 57, 'ADJUSTMENT', 'INITIAL_LOAD', NULL, '2025-08-01 09:00:20', 18),
  (183, 13, 11, 30, 'ADJUSTMENT', 'INITIAL_LOAD', NULL, '2025-08-01 09:00:40', 29), (184, 13, 12, 60, 'ADJUSTMENT', 'INITIAL_LOAD', NULL, '2025-08-01 09:01:00', 9),
  (185, 13, 13, 52, 'ADJUSTMENT', 'INITIAL_LOAD', NULL, '2025-08-01 09:01:20', 12), (186, 13, 14, 73, 'ADJUSTMENT', 'INITIAL_LOAD', NULL, '2025-08-01 09:01:40', 31),
  (187, 13, 15, 59, 'ADJUSTMENT', 'INITIAL_LOAD', NULL, '2025-08-01 09:02:00', 28), (188, 13, 16, 48, 'ADJUSTMENT', 'INITIAL_LOAD', NULL, '2025-08-01 09:02:20', 20),
  (189, 14, 1, 147, 'ADJUSTMENT', 'INITIAL_LOAD', NULL, '2025-08-01 09:02:40', 23), (190, 14, 2, 81, 'ADJUSTMENT', 'INITIAL_LOAD', NULL, '2025-08-01 09:03:00', 32),
  (191, 14, 3, 249, 'ADJUSTMENT', 'INITIAL_LOAD', NULL, '2025-08-01 09:03:20', 15), (192, 14, 4, 91, 'ADJUSTMENT', 'INITIAL_LOAD', NULL, '2025-08-01 09:03:40', 6),
  (193, 14, 5, 245, 'ADJUSTMENT', 'INITIAL_LOAD', NULL, '2025-08-01 09:04:00', 29), (194, 14, 6, 53, 'ADJUSTMENT', 'INITIAL_LOAD', NULL, '2025-08-01 09:04:20', 20),
  (195, 14, 8, 61, 'ADJUSTMENT', 'INITIAL_LOAD', NULL, '2025-08-01 09:04:40', 24), (196, 14, 9, 70, 'ADJUSTMENT', 'INITIAL_LOAD', NULL, '2025-08-01 09:05:00', 27),
  (197, 14, 10, 66, 'ADJUSTMENT', 'INITIAL_LOAD', NULL, '2025-08-01 09:05:20', 17), (198, 14, 12, 20, 'ADJUSTMENT', 'INITIAL_LOAD', NULL, '2025-08-01 09:05:40', 10),
  (199, 14, 13, 56, 'ADJUSTMENT', 'INITIAL_LOAD', NULL, '2025-08-01 09:06:00', 20), (200, 14, 14, 12, 'ADJUSTMENT', 'INITIAL_LOAD', NULL, '2025-08-01 09:06:20', 1),
  (201, 14, 15, 28, 'ADJUSTMENT', 'INITIAL_LOAD', NULL, '2025-08-01 09:06:40', 1), (202, 14, 16, 44, 'ADJUSTMENT', 'INITIAL_LOAD', NULL, '2025-08-01 09:07:00', 9),
  (203, 15, 1, 146, 'ADJUSTMENT', 'INITIAL_LOAD', NULL, '2025-08-01 09:07:20', 23), (204, 15, 2, 53, 'ADJUSTMENT', 'INITIAL_LOAD', NULL, '2025-08-01 09:07:40', 19),
  (205, 15, 3, 141, 'ADJUSTMENT', 'INITIAL_LOAD', NULL, '2025-08-01 09:08:00', 32), (206, 15, 4, 168, 'ADJUSTMENT', 'INITIAL_LOAD', NULL, '2025-08-01 09:08:20', 1),
  (207, 15, 5, 135, 'ADJUSTMENT', 'INITIAL_LOAD', NULL, '2025-08-01 09:08:40', 33), (208, 15, 6, 30, 'ADJUSTMENT', 'INITIAL_LOAD', NULL, '2025-08-01 09:09:00', 32),
  (209, 15, 7, 10, 'ADJUSTMENT', 'INITIAL_LOAD', NULL, '2025-08-01 09:09:20', 20), (210, 15, 8, 3, 'ADJUSTMENT', 'INITIAL_LOAD', NULL, '2025-08-01 09:09:40', 1),
  (211, 15, 9, 12, 'ADJUSTMENT', 'INITIAL_LOAD', NULL, '2025-08-01 09:10:00', 28), (212, 15, 10, 83, 'ADJUSTMENT', 'INITIAL_LOAD', NULL, '2025-08-01 09:10:20', 19),
  (213, 15, 12, 36, 'ADJUSTMENT', 'INITIAL_LOAD', NULL, '2025-08-01 09:10:40', 15), (214, 15, 13, 60, 'ADJUSTMENT', 'INITIAL_LOAD', NULL, '2025-08-01 09:11:00', 1),
  (215, 15, 14, 17, 'ADJUSTMENT', 'INITIAL_LOAD', NULL, '2025-08-01 09:11:20', 24), (216, 15, 15, 60, 'ADJUSTMENT', 'INITIAL_LOAD', NULL, '2025-08-01 09:11:40', 13),
  (217, 15, 16, 58, 'ADJUSTMENT', 'INITIAL_LOAD', NULL, '2025-08-01 09:12:00', 27), (218, 16, 1, 44, 'ADJUSTMENT', 'INITIAL_LOAD', NULL, '2025-08-01 09:12:20', 28),
  (219, 16, 2, 105, 'ADJUSTMENT', 'INITIAL_LOAD', NULL, '2025-08-01 09:12:40', 26), (220, 16, 3, 95, 'ADJUSTMENT', 'INITIAL_LOAD', NULL, '2025-08-01 09:13:00', 16),
  (221, 16, 4, 253, 'ADJUSTMENT', 'INITIAL_LOAD', NULL, '2025-08-01 09:13:20', 11), (222, 16, 5, 78, 'ADJUSTMENT', 'INITIAL_LOAD', NULL, '2025-08-01 09:13:40', 25),
  (223, 16, 6, 70, 'ADJUSTMENT', 'INITIAL_LOAD', NULL, '2025-08-01 09:14:00', 25), (224, 16, 7, 77, 'ADJUSTMENT', 'INITIAL_LOAD', NULL, '2025-08-01 09:14:20', 15),
  (225, 16, 8, 14, 'ADJUSTMENT', 'INITIAL_LOAD', NULL, '2025-08-01 09:14:40', 17), (226, 16, 9, 40, 'ADJUSTMENT', 'INITIAL_LOAD', NULL, '2025-08-01 09:15:00', 6),
  (227, 16, 10, 6, 'ADJUSTMENT', 'INITIAL_LOAD', NULL, '2025-08-01 09:15:20', 28), (228, 16, 11, 81, 'ADJUSTMENT', 'INITIAL_LOAD', NULL, '2025-08-01 09:15:40', 16),
  (229, 16, 12, 47, 'ADJUSTMENT', 'INITIAL_LOAD', NULL, '2025-08-01 09:16:00', 18), (230, 16, 13, 63, 'ADJUSTMENT', 'INITIAL_LOAD', NULL, '2025-08-01 09:16:20', 19),
  (231, 16, 14, 41, 'ADJUSTMENT', 'INITIAL_LOAD', NULL, '2025-08-01 09:16:40', 18), (232, 16, 15, 73, 'ADJUSTMENT', 'INITIAL_LOAD', NULL, '2025-08-01 09:17:00', 27),
  (233, 16, 16, 18, 'ADJUSTMENT', 'INITIAL_LOAD', NULL, '2025-08-01 09:17:20', 13), (234, 17, 1, 40, 'ADJUSTMENT', 'INITIAL_LOAD', NULL, '2025-08-01 09:17:40', 5),
  (235, 17, 2, 197, 'ADJUSTMENT', 'INITIAL_LOAD', NULL, '2025-08-01 09:18:00', 12), (236, 17, 3, 130, 'ADJUSTMENT', 'INITIAL_LOAD', NULL, '2025-08-01 09:18:20', 9),
  (237, 17, 4, 101, 'ADJUSTMENT', 'INITIAL_LOAD', NULL, '2025-08-01 09:18:40', 19), (238, 17, 5, 186, 'ADJUSTMENT', 'INITIAL_LOAD', NULL, '2025-08-01 09:19:00', 8),
  (239, 17, 9, 67, 'ADJUSTMENT', 'INITIAL_LOAD', NULL, '2025-08-01 09:19:20', 31), (240, 17, 10, 64, 'ADJUSTMENT', 'INITIAL_LOAD', NULL, '2025-08-01 09:19:40', 29),
  (241, 17, 11, 49, 'ADJUSTMENT', 'INITIAL_LOAD', NULL, '2025-08-01 09:20:00', 18), (242, 17, 12, 5, 'ADJUSTMENT', 'INITIAL_LOAD', NULL, '2025-08-01 09:20:20', 33),
  (243, 17, 13, 47, 'ADJUSTMENT', 'INITIAL_LOAD', NULL, '2025-08-01 09:20:40', 13), (244, 17, 14, 2, 'ADJUSTMENT', 'INITIAL_LOAD', NULL, '2025-08-01 09:21:00', 21),
  (245, 17, 15, 8, 'ADJUSTMENT', 'INITIAL_LOAD', NULL, '2025-08-01 09:21:20', 2), (246, 17, 16, 84, 'ADJUSTMENT', 'INITIAL_LOAD', NULL, '2025-08-01 09:21:40', 10),
  (247, 18, 1, 237, 'ADJUSTMENT', 'INITIAL_LOAD', NULL, '2025-08-01 09:22:00', 4), (248, 18, 2, 188, 'ADJUSTMENT', 'INITIAL_LOAD', NULL, '2025-08-01 09:22:20', 2),
  (249, 18, 3, 228, 'ADJUSTMENT', 'INITIAL_LOAD', NULL, '2025-08-01 09:22:40', 12), (250, 18, 4, 233, 'ADJUSTMENT', 'INITIAL_LOAD', NULL, '2025-08-01 09:23:00', 7),
  (251, 18, 5, 125, 'ADJUSTMENT', 'INITIAL_LOAD', NULL, '2025-08-01 09:23:20', 19), (252, 18, 7, 69, 'ADJUSTMENT', 'INITIAL_LOAD', NULL, '2025-08-01 09:23:40', 18),
  (253, 18, 9, 87, 'ADJUSTMENT', 'INITIAL_LOAD', NULL, '2025-08-01 09:24:00', 9), (254, 18, 10, 89, 'ADJUSTMENT', 'INITIAL_LOAD', NULL, '2025-08-01 09:24:20', 29),
  (255, 18, 11, 35, 'ADJUSTMENT', 'INITIAL_LOAD', NULL, '2025-08-01 09:24:40', 1), (256, 18, 12, 41, 'ADJUSTMENT', 'INITIAL_LOAD', NULL, '2025-08-01 09:25:00', 15),
  (257, 18, 14, 28, 'ADJUSTMENT', 'INITIAL_LOAD', NULL, '2025-08-01 09:25:20', 6), (258, 18, 15, 25, 'ADJUSTMENT', 'INITIAL_LOAD', NULL, '2025-08-01 09:25:40', 10),
  (259, 18, 16, 40, 'ADJUSTMENT', 'INITIAL_LOAD', NULL, '2025-08-01 09:26:00', 1), (260, 19, 1, 171, 'ADJUSTMENT', 'INITIAL_LOAD', NULL, '2025-08-01 09:26:20', 33),
  (261, 19, 2, 141, 'ADJUSTMENT', 'INITIAL_LOAD', NULL, '2025-08-01 09:26:40', 14), (262, 19, 3, 248, 'ADJUSTMENT', 'INITIAL_LOAD', NULL, '2025-08-01 09:27:00', 22),
  (263, 19, 4, 179, 'ADJUSTMENT', 'INITIAL_LOAD', NULL, '2025-08-01 09:27:20', 27), (264, 19, 5, 161, 'ADJUSTMENT', 'INITIAL_LOAD', NULL, '2025-08-01 09:27:40', 20),
  (265, 19, 8, 45, 'ADJUSTMENT', 'INITIAL_LOAD', NULL, '2025-08-01 09:28:00', 33), (266, 19, 9, 47, 'ADJUSTMENT', 'INITIAL_LOAD', NULL, '2025-08-01 09:28:20', 24),
  (267, 19, 10, 42, 'ADJUSTMENT', 'INITIAL_LOAD', NULL, '2025-08-01 09:28:40', 31), (268, 19, 11, 47, 'ADJUSTMENT', 'INITIAL_LOAD', NULL, '2025-08-01 09:29:00', 3),
  (269, 19, 12, 51, 'ADJUSTMENT', 'INITIAL_LOAD', NULL, '2025-08-01 09:29:20', 22), (270, 19, 13, 49, 'ADJUSTMENT', 'INITIAL_LOAD', NULL, '2025-08-01 09:29:40', 6),
  (271, 19, 14, 23, 'ADJUSTMENT', 'INITIAL_LOAD', NULL, '2025-08-01 09:30:00', 10), (272, 19, 15, 63, 'ADJUSTMENT', 'INITIAL_LOAD', NULL, '2025-08-01 09:30:20', 4),
  (273, 19, 16, 66, 'ADJUSTMENT', 'INITIAL_LOAD', NULL, '2025-08-01 09:30:40', 18), (274, 20, 1, 61, 'ADJUSTMENT', 'INITIAL_LOAD', NULL, '2025-08-01 09:31:00', 26),
  (275, 20, 2, 226, 'ADJUSTMENT', 'INITIAL_LOAD', NULL, '2025-08-01 09:31:20', 5), (276, 20, 3, 148, 'ADJUSTMENT', 'INITIAL_LOAD', NULL, '2025-08-01 09:31:40', 32),
  (277, 20, 4, 60, 'ADJUSTMENT', 'INITIAL_LOAD', NULL, '2025-08-01 09:32:00', 12), (278, 20, 5, 150, 'ADJUSTMENT', 'INITIAL_LOAD', NULL, '2025-08-01 09:32:20', 13),
  (279, 20, 6, 77, 'ADJUSTMENT', 'INITIAL_LOAD', NULL, '2025-08-01 09:32:40', 17), (280, 20, 7, 53, 'ADJUSTMENT', 'INITIAL_LOAD', NULL, '2025-08-01 09:33:00', 25),
  (281, 20, 8, 9, 'ADJUSTMENT', 'INITIAL_LOAD', NULL, '2025-08-01 09:33:20', 1), (282, 20, 9, 41, 'ADJUSTMENT', 'INITIAL_LOAD', NULL, '2025-08-01 09:33:40', 8),
  (283, 20, 10, 39, 'ADJUSTMENT', 'INITIAL_LOAD', NULL, '2025-08-01 09:34:00', 16), (284, 20, 11, 19, 'ADJUSTMENT', 'INITIAL_LOAD', NULL, '2025-08-01 09:34:20', 25),
  (285, 20, 12, 56, 'ADJUSTMENT', 'INITIAL_LOAD', NULL, '2025-08-01 09:34:40', 29), (286, 20, 13, 42, 'ADJUSTMENT', 'INITIAL_LOAD', NULL, '2025-08-01 09:35:00', 16),
  (287, 20, 14, 52, 'ADJUSTMENT', 'INITIAL_LOAD', NULL, '2025-08-01 09:35:20', 3), (288, 20, 15, 55, 'ADJUSTMENT', 'INITIAL_LOAD', NULL, '2025-08-01 09:35:40', 13),
  (289, 21, 1, 203, 'ADJUSTMENT', 'INITIAL_LOAD', NULL, '2025-08-01 09:36:00', 31), (290, 21, 2, 143, 'ADJUSTMENT', 'INITIAL_LOAD', NULL, '2025-08-01 09:36:20', 7),
  (291, 21, 3, 133, 'ADJUSTMENT', 'INITIAL_LOAD', NULL, '2025-08-01 09:36:40', 14), (292, 21, 4, 171, 'ADJUSTMENT', 'INITIAL_LOAD', NULL, '2025-08-01 09:37:00', 32),
  (293, 21, 5, 245, 'ADJUSTMENT', 'INITIAL_LOAD', NULL, '2025-08-01 09:37:20', 25), (294, 21, 7, 21, 'ADJUSTMENT', 'INITIAL_LOAD', NULL, '2025-08-01 09:37:40', 20),
  (295, 21, 8, 77, 'ADJUSTMENT', 'INITIAL_LOAD', NULL, '2025-08-01 09:38:00', 21), (296, 21, 9, 14, 'ADJUSTMENT', 'INITIAL_LOAD', NULL, '2025-08-01 09:38:20', 11),
  (297, 21, 10, 8, 'ADJUSTMENT', 'INITIAL_LOAD', NULL, '2025-08-01 09:38:40', 3), (298, 21, 11, 82, 'ADJUSTMENT', 'INITIAL_LOAD', NULL, '2025-08-01 09:39:00', 8),
  (299, 21, 12, 49, 'ADJUSTMENT', 'INITIAL_LOAD', NULL, '2025-08-01 09:39:20', 17), (300, 21, 13, 4, 'ADJUSTMENT', 'INITIAL_LOAD', NULL, '2025-08-01 09:39:40', 32),
  (301, 21, 14, 86, 'ADJUSTMENT', 'INITIAL_LOAD', NULL, '2025-08-01 09:40:00', 20), (302, 21, 15, 47, 'ADJUSTMENT', 'INITIAL_LOAD', NULL, '2025-08-01 09:40:20', 13),
  (303, 21, 16, 9, 'ADJUSTMENT', 'INITIAL_LOAD', NULL, '2025-08-01 09:40:40', 24), (304, 22, 1, 175, 'ADJUSTMENT', 'INITIAL_LOAD', NULL, '2025-08-01 09:41:00', 4),
  (305, 22, 2, 133, 'ADJUSTMENT', 'INITIAL_LOAD', NULL, '2025-08-01 09:41:20', 14), (306, 22, 3, 141, 'ADJUSTMENT', 'INITIAL_LOAD', NULL, '2025-08-01 09:41:40', 8),
  (307, 22, 4, 120, 'ADJUSTMENT', 'INITIAL_LOAD', NULL, '2025-08-01 09:42:00', 16), (308, 22, 5, 206, 'ADJUSTMENT', 'INITIAL_LOAD', NULL, '2025-08-01 09:42:20', 28),
  (309, 22, 6, 35, 'ADJUSTMENT', 'INITIAL_LOAD', NULL, '2025-08-01 09:42:40', 21), (310, 22, 8, 45, 'ADJUSTMENT', 'INITIAL_LOAD', NULL, '2025-08-01 09:43:00', 1),
  (311, 22, 9, 49, 'ADJUSTMENT', 'INITIAL_LOAD', NULL, '2025-08-01 09:43:20', 11), (312, 22, 10, 45, 'ADJUSTMENT', 'INITIAL_LOAD', NULL, '2025-08-01 09:43:40', 18),
  (313, 22, 11, 52, 'ADJUSTMENT', 'INITIAL_LOAD', NULL, '2025-08-01 09:44:00', 8), (314, 22, 12, 27, 'ADJUSTMENT', 'INITIAL_LOAD', NULL, '2025-08-01 09:44:20', 26),
  (315, 22, 13, 36, 'ADJUSTMENT', 'INITIAL_LOAD', NULL, '2025-08-01 09:44:40', 16), (316, 22, 14, 62, 'ADJUSTMENT', 'INITIAL_LOAD', NULL, '2025-08-01 09:45:00', 1),
  (317, 22, 15, 17, 'ADJUSTMENT', 'INITIAL_LOAD', NULL, '2025-08-01 09:45:20', 3), (318, 23, 1, 222, 'ADJUSTMENT', 'INITIAL_LOAD', NULL, '2025-08-01 09:45:40', 32),
  (319, 23, 2, 153, 'ADJUSTMENT', 'INITIAL_LOAD', NULL, '2025-08-01 09:46:00', 10), (320, 23, 3, 62, 'ADJUSTMENT', 'INITIAL_LOAD', NULL, '2025-08-01 09:46:20', 24),
  (321, 23, 4, 247, 'ADJUSTMENT', 'INITIAL_LOAD', NULL, '2025-08-01 09:46:40', 6), (322, 23, 5, 214, 'ADJUSTMENT', 'INITIAL_LOAD', NULL, '2025-08-01 09:47:00', 16),
  (323, 23, 6, 40, 'ADJUSTMENT', 'INITIAL_LOAD', NULL, '2025-08-01 09:47:20', 11), (324, 23, 8, 69, 'ADJUSTMENT', 'INITIAL_LOAD', NULL, '2025-08-01 09:47:40', 33),
  (325, 23, 9, 38, 'ADJUSTMENT', 'INITIAL_LOAD', NULL, '2025-08-01 09:48:00', 6), (326, 23, 10, 90, 'ADJUSTMENT', 'INITIAL_LOAD', NULL, '2025-08-01 09:48:20', 22),
  (327, 23, 11, 16, 'ADJUSTMENT', 'INITIAL_LOAD', NULL, '2025-08-01 09:48:40', 4), (328, 23, 12, 46, 'ADJUSTMENT', 'INITIAL_LOAD', NULL, '2025-08-01 09:49:00', 4),
  (329, 23, 13, 53, 'ADJUSTMENT', 'INITIAL_LOAD', NULL, '2025-08-01 09:49:20', 23), (330, 23, 14, 17, 'ADJUSTMENT', 'INITIAL_LOAD', NULL, '2025-08-01 09:49:40', 10),
  (331, 23, 15, 52, 'ADJUSTMENT', 'INITIAL_LOAD', NULL, '2025-08-01 09:50:00', 7), (332, 23, 16, 70, 'ADJUSTMENT', 'INITIAL_LOAD', NULL, '2025-08-01 09:50:20', 9),
  (333, 24, 1, 159, 'ADJUSTMENT', 'INITIAL_LOAD', NULL, '2025-08-01 09:50:40', 33), (334, 24, 2, 245, 'ADJUSTMENT', 'INITIAL_LOAD', NULL, '2025-08-01 09:51:00', 15),
  (335, 24, 3, 181, 'ADJUSTMENT', 'INITIAL_LOAD', NULL, '2025-08-01 09:51:20', 21), (336, 24, 4, 73, 'ADJUSTMENT', 'INITIAL_LOAD', NULL, '2025-08-01 09:51:40', 23),
  (337, 24, 5, 196, 'ADJUSTMENT', 'INITIAL_LOAD', NULL, '2025-08-01 09:52:00', 29), (338, 24, 7, 50, 'ADJUSTMENT', 'INITIAL_LOAD', NULL, '2025-08-01 09:52:20', 13),
  (339, 24, 8, 61, 'ADJUSTMENT', 'INITIAL_LOAD', NULL, '2025-08-01 09:52:40', 2), (340, 24, 9, 52, 'ADJUSTMENT', 'INITIAL_LOAD', NULL, '2025-08-01 09:53:00', 25),
  (341, 24, 11, 40, 'ADJUSTMENT', 'INITIAL_LOAD', NULL, '2025-08-01 09:53:20', 23), (342, 24, 12, 57, 'ADJUSTMENT', 'INITIAL_LOAD', NULL, '2025-08-01 09:53:40', 9),
  (343, 24, 13, 66, 'ADJUSTMENT', 'INITIAL_LOAD', NULL, '2025-08-01 09:54:00', 17), (344, 24, 14, 70, 'ADJUSTMENT', 'INITIAL_LOAD', NULL, '2025-08-01 09:54:20', 3),
  (345, 24, 15, 23, 'ADJUSTMENT', 'INITIAL_LOAD', NULL, '2025-08-01 09:54:40', 33), (346, 24, 16, 16, 'ADJUSTMENT', 'INITIAL_LOAD', NULL, '2025-08-01 09:55:00', 29),
  (347, 25, 1, 273, 'ADJUSTMENT', 'INITIAL_LOAD', NULL, '2025-08-01 09:55:20', 19), (348, 25, 2, 262, 'ADJUSTMENT', 'INITIAL_LOAD', NULL, '2025-08-01 09:55:40', 33),
  (349, 25, 3, 54, 'ADJUSTMENT', 'INITIAL_LOAD', NULL, '2025-08-01 09:56:00', 13), (350, 25, 4, 252, 'ADJUSTMENT', 'INITIAL_LOAD', NULL, '2025-08-01 09:56:20', 12),
  (351, 25, 5, 71, 'ADJUSTMENT', 'INITIAL_LOAD', NULL, '2025-08-01 09:56:40', 23), (352, 25, 8, 90, 'ADJUSTMENT', 'INITIAL_LOAD', NULL, '2025-08-01 09:57:00', 21),
  (353, 25, 9, 66, 'ADJUSTMENT', 'INITIAL_LOAD', NULL, '2025-08-01 09:57:20', 31), (354, 25, 10, 58, 'ADJUSTMENT', 'INITIAL_LOAD', NULL, '2025-08-01 09:57:40', 18),
  (355, 25, 11, 81, 'ADJUSTMENT', 'INITIAL_LOAD', NULL, '2025-08-01 09:58:00', 11), (356, 25, 13, 38, 'ADJUSTMENT', 'INITIAL_LOAD', NULL, '2025-08-01 09:58:20', 5),
  (357, 25, 14, 16, 'ADJUSTMENT', 'INITIAL_LOAD', NULL, '2025-08-01 09:58:40', 10), (358, 25, 15, 21, 'ADJUSTMENT', 'INITIAL_LOAD', NULL, '2025-08-01 09:59:00', 29),
  (359, 25, 16, 29, 'ADJUSTMENT', 'INITIAL_LOAD', NULL, '2025-08-01 09:59:20', 19), (360, 26, 1, 208, 'ADJUSTMENT', 'INITIAL_LOAD', NULL, '2025-08-01 09:59:40', 17),
  (361, 26, 2, 199, 'ADJUSTMENT', 'INITIAL_LOAD', NULL, '2025-08-01 10:00:00', 24), (362, 26, 3, 224, 'ADJUSTMENT', 'INITIAL_LOAD', NULL, '2025-08-01 10:00:20', 31),
  (363, 26, 4, 270, 'ADJUSTMENT', 'INITIAL_LOAD', NULL, '2025-08-01 10:00:40', 1), (364, 26, 5, 194, 'ADJUSTMENT', 'INITIAL_LOAD', NULL, '2025-08-01 10:01:00', 34),
  (365, 26, 6, 43, 'ADJUSTMENT', 'INITIAL_LOAD', NULL, '2025-08-01 10:01:20', 25), (366, 26, 9, 82, 'ADJUSTMENT', 'INITIAL_LOAD', NULL, '2025-08-01 10:01:40', 12),
  (367, 26, 10, 33, 'ADJUSTMENT', 'INITIAL_LOAD', NULL, '2025-08-01 10:02:00', 2), (368, 26, 11, 73, 'ADJUSTMENT', 'INITIAL_LOAD', NULL, '2025-08-01 10:02:20', 24),
  (369, 26, 13, 80, 'ADJUSTMENT', 'INITIAL_LOAD', NULL, '2025-08-01 10:02:40', 16), (370, 26, 14, 82, 'ADJUSTMENT', 'INITIAL_LOAD', NULL, '2025-08-01 10:03:00', 21),
  (371, 26, 15, 61, 'ADJUSTMENT', 'INITIAL_LOAD', NULL, '2025-08-01 10:03:20', 5), (372, 26, 16, 87, 'ADJUSTMENT', 'INITIAL_LOAD', NULL, '2025-08-01 10:03:40', 25),
  (373, 27, 1, 156, 'ADJUSTMENT', 'INITIAL_LOAD', NULL, '2025-08-01 10:04:00', 13), (374, 27, 2, 58, 'ADJUSTMENT', 'INITIAL_LOAD', NULL, '2025-08-01 10:04:20', 33),
  (375, 27, 3, 216, 'ADJUSTMENT', 'INITIAL_LOAD', NULL, '2025-08-01 10:04:40', 10), (376, 27, 4, 55, 'ADJUSTMENT', 'INITIAL_LOAD', NULL, '2025-08-01 10:05:00', 19),
  (377, 27, 5, 80, 'ADJUSTMENT', 'INITIAL_LOAD', NULL, '2025-08-01 10:05:20', 21), (378, 27, 6, 58, 'ADJUSTMENT', 'INITIAL_LOAD', NULL, '2025-08-01 10:05:40', 27),
  (379, 27, 7, 59, 'ADJUSTMENT', 'INITIAL_LOAD', NULL, '2025-08-01 10:06:00', 21), (380, 27, 8, 12, 'ADJUSTMENT', 'INITIAL_LOAD', NULL, '2025-08-01 10:06:20', 8),
  (381, 27, 9, 40, 'ADJUSTMENT', 'INITIAL_LOAD', NULL, '2025-08-01 10:06:40', 7), (382, 27, 10, 44, 'ADJUSTMENT', 'INITIAL_LOAD', NULL, '2025-08-01 10:07:00', 5),
  (383, 27, 11, 16, 'ADJUSTMENT', 'INITIAL_LOAD', NULL, '2025-08-01 10:07:20', 3), (384, 27, 12, 65, 'ADJUSTMENT', 'INITIAL_LOAD', NULL, '2025-08-01 10:07:40', 9),
  (385, 27, 13, 40, 'ADJUSTMENT', 'INITIAL_LOAD', NULL, '2025-08-01 10:08:00', 12), (386, 27, 14, 52, 'ADJUSTMENT', 'INITIAL_LOAD', NULL, '2025-08-01 10:08:20', 3),
  (387, 27, 16, 6, 'ADJUSTMENT', 'INITIAL_LOAD', NULL, '2025-08-01 10:08:40', 13), (388, 28, 1, 138, 'ADJUSTMENT', 'INITIAL_LOAD', NULL, '2025-08-01 10:09:00', 7),
  (389, 28, 2, 261, 'ADJUSTMENT', 'INITIAL_LOAD', NULL, '2025-08-01 10:09:20', 33), (390, 28, 3, 197, 'ADJUSTMENT', 'INITIAL_LOAD', NULL, '2025-08-01 10:09:40', 13),
  (391, 28, 4, 147, 'ADJUSTMENT', 'INITIAL_LOAD', NULL, '2025-08-01 10:10:00', 7), (392, 28, 5, 103, 'ADJUSTMENT', 'INITIAL_LOAD', NULL, '2025-08-01 10:10:20', 3),
  (393, 28, 6, 20, 'ADJUSTMENT', 'INITIAL_LOAD', NULL, '2025-08-01 10:10:40', 25), (394, 28, 7, 73, 'ADJUSTMENT', 'INITIAL_LOAD', NULL, '2025-08-01 10:11:00', 33),
  (395, 28, 8, 46, 'ADJUSTMENT', 'INITIAL_LOAD', NULL, '2025-08-01 10:11:20', 17), (396, 28, 9, 63, 'ADJUSTMENT', 'INITIAL_LOAD', NULL, '2025-08-01 10:11:40', 4),
  (397, 28, 10, 59, 'ADJUSTMENT', 'INITIAL_LOAD', NULL, '2025-08-01 10:12:00', 24), (398, 28, 11, 39, 'ADJUSTMENT', 'INITIAL_LOAD', NULL, '2025-08-01 10:12:20', 15),
  (399, 28, 12, 43, 'ADJUSTMENT', 'INITIAL_LOAD', NULL, '2025-08-01 10:12:40', 5), (400, 28, 13, 64, 'ADJUSTMENT', 'INITIAL_LOAD', NULL, '2025-08-01 10:13:00', 1),
  (401, 28, 14, 30, 'ADJUSTMENT', 'INITIAL_LOAD', NULL, '2025-08-01 10:13:20', 14), (402, 28, 15, 36, 'ADJUSTMENT', 'INITIAL_LOAD', NULL, '2025-08-01 10:13:40', 33),
  (403, 28, 16, 36, 'ADJUSTMENT', 'INITIAL_LOAD', NULL, '2025-08-01 10:14:00', 6), (404, 29, 1, 265, 'ADJUSTMENT', 'INITIAL_LOAD', NULL, '2025-08-01 10:14:20', 31),
  (405, 29, 2, 255, 'ADJUSTMENT', 'INITIAL_LOAD', NULL, '2025-08-01 10:14:40', 4), (406, 29, 3, 207, 'ADJUSTMENT', 'INITIAL_LOAD', NULL, '2025-08-01 10:15:00', 24),
  (407, 29, 4, 212, 'ADJUSTMENT', 'INITIAL_LOAD', NULL, '2025-08-01 10:15:20', 27), (408, 29, 5, 160, 'ADJUSTMENT', 'INITIAL_LOAD', NULL, '2025-08-01 10:15:40', 24),
  (409, 29, 6, 36, 'ADJUSTMENT', 'INITIAL_LOAD', NULL, '2025-08-01 10:16:00', 4), (410, 29, 7, 25, 'ADJUSTMENT', 'INITIAL_LOAD', NULL, '2025-08-01 10:16:20', 18),
  (411, 29, 8, 33, 'ADJUSTMENT', 'INITIAL_LOAD', NULL, '2025-08-01 10:16:40', 3), (412, 29, 9, 51, 'ADJUSTMENT', 'INITIAL_LOAD', NULL, '2025-08-01 10:17:00', 5),
  (413, 29, 10, 42, 'ADJUSTMENT', 'INITIAL_LOAD', NULL, '2025-08-01 10:17:20', 20), (414, 29, 11, 18, 'ADJUSTMENT', 'INITIAL_LOAD', NULL, '2025-08-01 10:17:40', 5),
  (415, 29, 12, 70, 'ADJUSTMENT', 'INITIAL_LOAD', NULL, '2025-08-01 10:18:00', 14), (416, 29, 13, 55, 'ADJUSTMENT', 'INITIAL_LOAD', NULL, '2025-08-01 10:18:20', 7),
  (417, 29, 14, 70, 'ADJUSTMENT', 'INITIAL_LOAD', NULL, '2025-08-01 10:18:40', 7), (418, 29, 15, 79, 'ADJUSTMENT', 'INITIAL_LOAD', NULL, '2025-08-01 10:19:00', 15),
  (419, 29, 16, 21, 'ADJUSTMENT', 'INITIAL_LOAD', NULL, '2025-08-01 10:19:20', 25), (420, 30, 1, 64, 'ADJUSTMENT', 'INITIAL_LOAD', NULL, '2025-08-01 10:19:40', 13),
  (421, 30, 2, 140, 'ADJUSTMENT', 'INITIAL_LOAD', NULL, '2025-08-01 10:20:00', 13), (422, 30, 3, 135, 'ADJUSTMENT', 'INITIAL_LOAD', NULL, '2025-08-01 10:20:20', 16),
  (423, 30, 4, 243, 'ADJUSTMENT', 'INITIAL_LOAD', NULL, '2025-08-01 10:20:40', 12), (424, 30, 5, 126, 'ADJUSTMENT', 'INITIAL_LOAD', NULL, '2025-08-01 10:21:00', 27),
  (425, 30, 6, 71, 'ADJUSTMENT', 'INITIAL_LOAD', NULL, '2025-08-01 10:21:20', 7), (426, 30, 8, 65, 'ADJUSTMENT', 'INITIAL_LOAD', NULL, '2025-08-01 10:21:40', 23),
  (427, 30, 10, 17, 'ADJUSTMENT', 'INITIAL_LOAD', NULL, '2025-08-01 10:22:00', 31), (428, 30, 11, 60, 'ADJUSTMENT', 'INITIAL_LOAD', NULL, '2025-08-01 10:22:20', 28),
  (429, 30, 12, 19, 'ADJUSTMENT', 'INITIAL_LOAD', NULL, '2025-08-01 10:22:40', 7), (430, 30, 13, 49, 'ADJUSTMENT', 'INITIAL_LOAD', NULL, '2025-08-01 10:23:00', 11),
  (431, 30, 14, 78, 'ADJUSTMENT', 'INITIAL_LOAD', NULL, '2025-08-01 10:23:20', 12), (432, 30, 15, 50, 'ADJUSTMENT', 'INITIAL_LOAD', NULL, '2025-08-01 10:23:40', 26),
  (433, 30, 16, 38, 'ADJUSTMENT', 'INITIAL_LOAD', NULL, '2025-08-01 10:24:00', 34), (434, 31, 1, 169, 'ADJUSTMENT', 'INITIAL_LOAD', NULL, '2025-08-01 10:24:20', 22),
  (435, 31, 2, 252, 'ADJUSTMENT', 'INITIAL_LOAD', NULL, '2025-08-01 10:24:40', 11), (436, 31, 3, 170, 'ADJUSTMENT', 'INITIAL_LOAD', NULL, '2025-08-01 10:25:00', 29),
  (437, 31, 4, 176, 'ADJUSTMENT', 'INITIAL_LOAD', NULL, '2025-08-01 10:25:20', 23), (438, 31, 5, 165, 'ADJUSTMENT', 'INITIAL_LOAD', NULL, '2025-08-01 10:25:40', 21),
  (439, 31, 6, 90, 'ADJUSTMENT', 'INITIAL_LOAD', NULL, '2025-08-01 10:26:00', 21), (440, 31, 7, 60, 'ADJUSTMENT', 'INITIAL_LOAD', NULL, '2025-08-01 10:26:20', 24),
  (441, 31, 8, 47, 'ADJUSTMENT', 'INITIAL_LOAD', NULL, '2025-08-01 10:26:40', 27), (442, 31, 9, 14, 'ADJUSTMENT', 'INITIAL_LOAD', NULL, '2025-08-01 10:27:00', 28),
  (443, 31, 10, 74, 'ADJUSTMENT', 'INITIAL_LOAD', NULL, '2025-08-01 10:27:20', 21), (444, 31, 11, 88, 'ADJUSTMENT', 'INITIAL_LOAD', NULL, '2025-08-01 10:27:40', 16),
  (445, 31, 12, 76, 'ADJUSTMENT', 'INITIAL_LOAD', NULL, '2025-08-01 10:28:00', 14), (446, 31, 13, 83, 'ADJUSTMENT', 'INITIAL_LOAD', NULL, '2025-08-01 10:28:20', 25),
  (447, 31, 14, 74, 'ADJUSTMENT', 'INITIAL_LOAD', NULL, '2025-08-01 10:28:40', 17), (448, 31, 15, 6, 'ADJUSTMENT', 'INITIAL_LOAD', NULL, '2025-08-01 10:29:00', 24),
  (449, 31, 16, 21, 'ADJUSTMENT', 'INITIAL_LOAD', NULL, '2025-08-01 10:29:20', 29), (450, 32, 1, 224, 'ADJUSTMENT', 'INITIAL_LOAD', NULL, '2025-08-01 10:29:40', 29),
  (451, 32, 2, 198, 'ADJUSTMENT', 'INITIAL_LOAD', NULL, '2025-08-01 10:30:00', 26), (452, 32, 3, 238, 'ADJUSTMENT', 'INITIAL_LOAD', NULL, '2025-08-01 10:30:20', 1),
  (453, 32, 4, 255, 'ADJUSTMENT', 'INITIAL_LOAD', NULL, '2025-08-01 10:30:40', 3), (454, 32, 5, 137, 'ADJUSTMENT', 'INITIAL_LOAD', NULL, '2025-08-01 10:31:00', 19),
  (455, 32, 6, 18, 'ADJUSTMENT', 'INITIAL_LOAD', NULL, '2025-08-01 10:31:20', 2), (456, 32, 9, 2, 'ADJUSTMENT', 'INITIAL_LOAD', NULL, '2025-08-01 10:31:40', 9),
  (457, 32, 10, 42, 'ADJUSTMENT', 'INITIAL_LOAD', NULL, '2025-08-01 10:32:00', 20), (458, 32, 11, 88, 'ADJUSTMENT', 'INITIAL_LOAD', NULL, '2025-08-01 10:32:20', 1),
  (459, 32, 12, 64, 'ADJUSTMENT', 'INITIAL_LOAD', NULL, '2025-08-01 10:32:40', 20), (460, 32, 13, 60, 'ADJUSTMENT', 'INITIAL_LOAD', NULL, '2025-08-01 10:33:00', 15),
  (461, 32, 14, 7, 'ADJUSTMENT', 'INITIAL_LOAD', NULL, '2025-08-01 10:33:20', 14), (462, 32, 15, 66, 'ADJUSTMENT', 'INITIAL_LOAD', NULL, '2025-08-01 10:33:40', 21),
  (463, 32, 16, 41, 'ADJUSTMENT', 'INITIAL_LOAD', NULL, '2025-08-01 10:34:00', 2), (464, 33, 1, 162, 'ADJUSTMENT', 'INITIAL_LOAD', NULL, '2025-08-01 10:34:20', 18),
  (465, 33, 2, 174, 'ADJUSTMENT', 'INITIAL_LOAD', NULL, '2025-08-01 10:34:40', 34), (466, 33, 3, 136, 'ADJUSTMENT', 'INITIAL_LOAD', NULL, '2025-08-01 10:35:00', 10),
  (467, 33, 4, 120, 'ADJUSTMENT', 'INITIAL_LOAD', NULL, '2025-08-01 10:35:20', 7), (468, 33, 5, 84, 'ADJUSTMENT', 'INITIAL_LOAD', NULL, '2025-08-01 10:35:40', 3),
  (469, 33, 6, 58, 'ADJUSTMENT', 'INITIAL_LOAD', NULL, '2025-08-01 10:36:00', 31), (470, 33, 7, 43, 'ADJUSTMENT', 'INITIAL_LOAD', NULL, '2025-08-01 10:36:20', 23),
  (471, 33, 8, 86, 'ADJUSTMENT', 'INITIAL_LOAD', NULL, '2025-08-01 10:36:40', 10), (472, 33, 9, 87, 'ADJUSTMENT', 'INITIAL_LOAD', NULL, '2025-08-01 10:37:00', 9),
  (473, 33, 10, 88, 'ADJUSTMENT', 'INITIAL_LOAD', NULL, '2025-08-01 10:37:20', 17), (474, 33, 12, 46, 'ADJUSTMENT', 'INITIAL_LOAD', NULL, '2025-08-01 10:37:40', 24),
  (475, 33, 13, 38, 'ADJUSTMENT', 'INITIAL_LOAD', NULL, '2025-08-01 10:38:00', 16), (476, 33, 14, 44, 'ADJUSTMENT', 'INITIAL_LOAD', NULL, '2025-08-01 10:38:20', 15),
  (477, 33, 15, 90, 'ADJUSTMENT', 'INITIAL_LOAD', NULL, '2025-08-01 10:38:40', 17), (478, 33, 16, 90, 'ADJUSTMENT', 'INITIAL_LOAD', NULL, '2025-08-01 10:39:00', 20),
  (479, 34, 1, 162, 'ADJUSTMENT', 'INITIAL_LOAD', NULL, '2025-08-01 10:39:20', 6), (480, 34, 2, 129, 'ADJUSTMENT', 'INITIAL_LOAD', NULL, '2025-08-01 10:39:40', 26),
  (481, 34, 3, 183, 'ADJUSTMENT', 'INITIAL_LOAD', NULL, '2025-08-01 10:40:00', 14), (482, 34, 4, 279, 'ADJUSTMENT', 'INITIAL_LOAD', NULL, '2025-08-01 10:40:20', 5),
  (483, 34, 5, 279, 'ADJUSTMENT', 'INITIAL_LOAD', NULL, '2025-08-01 10:40:40', 21), (484, 34, 6, 35, 'ADJUSTMENT', 'INITIAL_LOAD', NULL, '2025-08-01 10:41:00', 32),
  (485, 34, 7, 73, 'ADJUSTMENT', 'INITIAL_LOAD', NULL, '2025-08-01 10:41:20', 12), (486, 34, 8, 48, 'ADJUSTMENT', 'INITIAL_LOAD', NULL, '2025-08-01 10:41:40', 33),
  (487, 34, 9, 50, 'ADJUSTMENT', 'INITIAL_LOAD', NULL, '2025-08-01 10:42:00', 7), (488, 34, 10, 18, 'ADJUSTMENT', 'INITIAL_LOAD', NULL, '2025-08-01 10:42:20', 20),
  (489, 34, 11, 36, 'ADJUSTMENT', 'INITIAL_LOAD', NULL, '2025-08-01 10:42:40', 3), (490, 34, 12, 10, 'ADJUSTMENT', 'INITIAL_LOAD', NULL, '2025-08-01 10:43:00', 25),
  (491, 34, 13, 56, 'ADJUSTMENT', 'INITIAL_LOAD', NULL, '2025-08-01 10:43:20', 6), (492, 34, 14, 61, 'ADJUSTMENT', 'INITIAL_LOAD', NULL, '2025-08-01 10:43:40', 4),
  (493, 34, 15, 68, 'ADJUSTMENT', 'INITIAL_LOAD', NULL, '2025-08-01 10:44:00', 22), (494, 34, 16, 71, 'ADJUSTMENT', 'INITIAL_LOAD', NULL, '2025-08-01 10:44:20', 23),
  (495, 35, 1, 75, 'ADJUSTMENT', 'INITIAL_LOAD', NULL, '2025-08-01 10:44:40', 28), (496, 35, 2, 67, 'ADJUSTMENT', 'INITIAL_LOAD', NULL, '2025-08-01 10:45:00', 27),
  (497, 35, 3, 197, 'ADJUSTMENT', 'INITIAL_LOAD', NULL, '2025-08-01 10:45:20', 8), (498, 35, 4, 229, 'ADJUSTMENT', 'INITIAL_LOAD', NULL, '2025-08-01 10:45:40', 15),
  (499, 35, 5, 190, 'ADJUSTMENT', 'INITIAL_LOAD', NULL, '2025-08-01 10:46:00', 1), (500, 35, 6, 30, 'ADJUSTMENT', 'INITIAL_LOAD', NULL, '2025-08-01 10:46:20', 25),
  (501, 35, 7, 85, 'ADJUSTMENT', 'INITIAL_LOAD', NULL, '2025-08-01 10:46:40', 4), (502, 35, 8, 28, 'ADJUSTMENT', 'INITIAL_LOAD', NULL, '2025-08-01 10:47:00', 20),
  (503, 35, 10, 42, 'ADJUSTMENT', 'INITIAL_LOAD', NULL, '2025-08-01 10:47:20', 3), (504, 35, 11, 12, 'ADJUSTMENT', 'INITIAL_LOAD', NULL, '2025-08-01 10:47:40', 21),
  (505, 35, 13, 70, 'ADJUSTMENT', 'INITIAL_LOAD', NULL, '2025-08-01 10:48:00', 10), (506, 35, 14, 20, 'ADJUSTMENT', 'INITIAL_LOAD', NULL, '2025-08-01 10:48:20', 21),
  (507, 35, 15, 60, 'ADJUSTMENT', 'INITIAL_LOAD', NULL, '2025-08-01 10:48:40', 34), (508, 35, 16, 25, 'ADJUSTMENT', 'INITIAL_LOAD', NULL, '2025-08-01 10:49:00', 15),
  (509, 36, 1, 113, 'ADJUSTMENT', 'INITIAL_LOAD', NULL, '2025-08-01 10:49:20', 10), (510, 36, 2, 122, 'ADJUSTMENT', 'INITIAL_LOAD', NULL, '2025-08-01 10:49:40', 4),
  (511, 36, 3, 113, 'ADJUSTMENT', 'INITIAL_LOAD', NULL, '2025-08-01 10:50:00', 26), (512, 36, 4, 205, 'ADJUSTMENT', 'INITIAL_LOAD', NULL, '2025-08-01 10:50:20', 29),
  (513, 36, 5, 55, 'ADJUSTMENT', 'INITIAL_LOAD', NULL, '2025-08-01 10:50:40', 34), (514, 36, 6, 11, 'ADJUSTMENT', 'INITIAL_LOAD', NULL, '2025-08-01 10:51:00', 6),
  (515, 36, 7, 29, 'ADJUSTMENT', 'INITIAL_LOAD', NULL, '2025-08-01 10:51:20', 15), (516, 36, 8, 4, 'ADJUSTMENT', 'INITIAL_LOAD', NULL, '2025-08-01 10:51:40', 28),
  (517, 36, 9, 22, 'ADJUSTMENT', 'INITIAL_LOAD', NULL, '2025-08-01 10:52:00', 19), (518, 36, 10, 42, 'ADJUSTMENT', 'INITIAL_LOAD', NULL, '2025-08-01 10:52:20', 26),
  (519, 36, 11, 4, 'ADJUSTMENT', 'INITIAL_LOAD', NULL, '2025-08-01 10:52:40', 10), (520, 36, 12, 50, 'ADJUSTMENT', 'INITIAL_LOAD', NULL, '2025-08-01 10:53:00', 9),
  (521, 36, 13, 23, 'ADJUSTMENT', 'INITIAL_LOAD', NULL, '2025-08-01 10:53:20', 22), (522, 36, 14, 37, 'ADJUSTMENT', 'INITIAL_LOAD', NULL, '2025-08-01 10:53:40', 6),
  (523, 36, 15, 1, 'ADJUSTMENT', 'INITIAL_LOAD', NULL, '2025-08-01 10:54:00', 32), (524, 36, 16, 12, 'ADJUSTMENT', 'INITIAL_LOAD', NULL, '2025-08-01 10:54:20', 4),
  (525, 37, 1, 125, 'ADJUSTMENT', 'INITIAL_LOAD', NULL, '2025-08-01 10:54:40', 26), (526, 37, 2, 112, 'ADJUSTMENT', 'INITIAL_LOAD', NULL, '2025-08-01 10:55:00', 17),
  (527, 37, 3, 156, 'ADJUSTMENT', 'INITIAL_LOAD', NULL, '2025-08-01 10:55:20', 6), (528, 37, 4, 204, 'ADJUSTMENT', 'INITIAL_LOAD', NULL, '2025-08-01 10:55:40', 26),
  (529, 37, 5, 179, 'ADJUSTMENT', 'INITIAL_LOAD', NULL, '2025-08-01 10:56:00', 34), (530, 37, 6, 67, 'ADJUSTMENT', 'INITIAL_LOAD', NULL, '2025-08-01 10:56:20', 28),
  (531, 37, 7, 17, 'ADJUSTMENT', 'INITIAL_LOAD', NULL, '2025-08-01 10:56:40', 9), (532, 37, 8, 59, 'ADJUSTMENT', 'INITIAL_LOAD', NULL, '2025-08-01 10:57:00', 9),
  (533, 37, 9, 52, 'ADJUSTMENT', 'INITIAL_LOAD', NULL, '2025-08-01 10:57:20', 32), (534, 37, 10, 58, 'ADJUSTMENT', 'INITIAL_LOAD', NULL, '2025-08-01 10:57:40', 13),
  (535, 37, 12, 43, 'ADJUSTMENT', 'INITIAL_LOAD', NULL, '2025-08-01 10:58:00', 33), (536, 37, 13, 72, 'ADJUSTMENT', 'INITIAL_LOAD', NULL, '2025-08-01 10:58:20', 26),
  (537, 37, 14, 31, 'ADJUSTMENT', 'INITIAL_LOAD', NULL, '2025-08-01 10:58:40', 13), (538, 37, 15, 81, 'ADJUSTMENT', 'INITIAL_LOAD', NULL, '2025-08-01 10:59:00', 16),
  (539, 37, 16, 54, 'ADJUSTMENT', 'INITIAL_LOAD', NULL, '2025-08-01 10:59:20', 16), (540, 38, 1, 62, 'ADJUSTMENT', 'INITIAL_LOAD', NULL, '2025-08-01 10:59:40', 5),
  (541, 38, 2, 142, 'ADJUSTMENT', 'INITIAL_LOAD', NULL, '2025-08-01 11:00:00', 18), (542, 38, 3, 211, 'ADJUSTMENT', 'INITIAL_LOAD', NULL, '2025-08-01 11:00:20', 28),
  (543, 38, 4, 64, 'ADJUSTMENT', 'INITIAL_LOAD', NULL, '2025-08-01 11:00:40', 21), (544, 38, 5, 87, 'ADJUSTMENT', 'INITIAL_LOAD', NULL, '2025-08-01 11:01:00', 6),
  (545, 38, 6, 33, 'ADJUSTMENT', 'INITIAL_LOAD', NULL, '2025-08-01 11:01:20', 8), (546, 38, 8, 49, 'ADJUSTMENT', 'INITIAL_LOAD', NULL, '2025-08-01 11:01:40', 27),
  (547, 38, 9, 34, 'ADJUSTMENT', 'INITIAL_LOAD', NULL, '2025-08-01 11:02:00', 28), (548, 38, 10, 38, 'ADJUSTMENT', 'INITIAL_LOAD', NULL, '2025-08-01 11:02:20', 24),
  (549, 38, 11, 29, 'ADJUSTMENT', 'INITIAL_LOAD', NULL, '2025-08-01 11:02:40', 23), (550, 38, 12, 83, 'ADJUSTMENT', 'INITIAL_LOAD', NULL, '2025-08-01 11:03:00', 13),
  (551, 38, 14, 15, 'ADJUSTMENT', 'INITIAL_LOAD', NULL, '2025-08-01 11:03:20', 21), (552, 38, 15, 20, 'ADJUSTMENT', 'INITIAL_LOAD', NULL, '2025-08-01 11:03:40', 23),
  (553, 38, 16, 64, 'ADJUSTMENT', 'INITIAL_LOAD', NULL, '2025-08-01 11:04:00', 2), (554, 39, 1, 267, 'ADJUSTMENT', 'INITIAL_LOAD', NULL, '2025-08-01 11:04:20', 20),
  (555, 39, 2, 220, 'ADJUSTMENT', 'INITIAL_LOAD', NULL, '2025-08-01 11:04:40', 11), (556, 39, 3, 237, 'ADJUSTMENT', 'INITIAL_LOAD', NULL, '2025-08-01 11:05:00', 23),
  (557, 39, 4, 119, 'ADJUSTMENT', 'INITIAL_LOAD', NULL, '2025-08-01 11:05:20', 29), (558, 39, 5, 216, 'ADJUSTMENT', 'INITIAL_LOAD', NULL, '2025-08-01 11:05:40', 10),
  (559, 39, 6, 15, 'ADJUSTMENT', 'INITIAL_LOAD', NULL, '2025-08-01 11:06:00', 29), (560, 39, 7, 47, 'ADJUSTMENT', 'INITIAL_LOAD', NULL, '2025-08-01 11:06:20', 3),
  (561, 39, 8, 28, 'ADJUSTMENT', 'INITIAL_LOAD', NULL, '2025-08-01 11:06:40', 15), (562, 39, 9, 17, 'ADJUSTMENT', 'INITIAL_LOAD', NULL, '2025-08-01 11:07:00', 13),
  (563, 39, 10, 58, 'ADJUSTMENT', 'INITIAL_LOAD', NULL, '2025-08-01 11:07:20', 24), (564, 39, 11, 77, 'ADJUSTMENT', 'INITIAL_LOAD', NULL, '2025-08-01 11:07:40', 10),
  (565, 39, 12, 89, 'ADJUSTMENT', 'INITIAL_LOAD', NULL, '2025-08-01 11:08:00', 6), (566, 39, 13, 60, 'ADJUSTMENT', 'INITIAL_LOAD', NULL, '2025-08-01 11:08:20', 8),
  (567, 39, 14, 85, 'ADJUSTMENT', 'INITIAL_LOAD', NULL, '2025-08-01 11:08:40', 4), (568, 39, 15, 31, 'ADJUSTMENT', 'INITIAL_LOAD', NULL, '2025-08-01 11:09:00', 16),
  (569, 39, 16, 76, 'ADJUSTMENT', 'INITIAL_LOAD', NULL, '2025-08-01 11:09:20', 10), (570, 40, 1, 60, 'ADJUSTMENT', 'INITIAL_LOAD', NULL, '2025-08-01 11:09:40', 19),
  (571, 40, 2, 174, 'ADJUSTMENT', 'INITIAL_LOAD', NULL, '2025-08-01 11:10:00', 1), (572, 40, 3, 154, 'ADJUSTMENT', 'INITIAL_LOAD', NULL, '2025-08-01 11:10:20', 22),
  (573, 40, 4, 175, 'ADJUSTMENT', 'INITIAL_LOAD', NULL, '2025-08-01 11:10:40', 8), (574, 40, 5, 220, 'ADJUSTMENT', 'INITIAL_LOAD', NULL, '2025-08-01 11:11:00', 20),
  (575, 40, 8, 70, 'ADJUSTMENT', 'INITIAL_LOAD', NULL, '2025-08-01 11:11:20', 29), (576, 40, 9, 25, 'ADJUSTMENT', 'INITIAL_LOAD', NULL, '2025-08-01 11:11:40', 32),
  (577, 40, 10, 21, 'ADJUSTMENT', 'INITIAL_LOAD', NULL, '2025-08-01 11:12:00', 2), (578, 40, 11, 66, 'ADJUSTMENT', 'INITIAL_LOAD', NULL, '2025-08-01 11:12:20', 22),
  (579, 40, 12, 87, 'ADJUSTMENT', 'INITIAL_LOAD', NULL, '2025-08-01 11:12:40', 14), (580, 40, 13, 74, 'ADJUSTMENT', 'INITIAL_LOAD', NULL, '2025-08-01 11:13:00', 14),
  (581, 40, 14, 65, 'ADJUSTMENT', 'INITIAL_LOAD', NULL, '2025-08-01 11:13:20', 14), (582, 40, 15, 7, 'ADJUSTMENT', 'INITIAL_LOAD', NULL, '2025-08-01 11:13:40', 17),
  (583, 40, 16, 65, 'ADJUSTMENT', 'INITIAL_LOAD', NULL, '2025-08-01 11:14:00', 32), (584, 41, 1, 184, 'ADJUSTMENT', 'INITIAL_LOAD', NULL, '2025-08-01 11:14:20', 10),
  (585, 41, 2, 54, 'ADJUSTMENT', 'INITIAL_LOAD', NULL, '2025-08-01 11:14:40', 2), (586, 41, 3, 183, 'ADJUSTMENT', 'INITIAL_LOAD', NULL, '2025-08-01 11:15:00', 25),
  (587, 41, 4, 158, 'ADJUSTMENT', 'INITIAL_LOAD', NULL, '2025-08-01 11:15:20', 3), (588, 41, 5, 212, 'ADJUSTMENT', 'INITIAL_LOAD', NULL, '2025-08-01 11:15:40', 17),
  (589, 41, 6, 39, 'ADJUSTMENT', 'INITIAL_LOAD', NULL, '2025-08-01 11:16:00', 11), (590, 41, 7, 50, 'ADJUSTMENT', 'INITIAL_LOAD', NULL, '2025-08-01 11:16:20', 4),
  (591, 41, 10, 54, 'ADJUSTMENT', 'INITIAL_LOAD', NULL, '2025-08-01 11:16:40', 19), (592, 41, 11, 8, 'ADJUSTMENT', 'INITIAL_LOAD', NULL, '2025-08-01 11:17:00', 13),
  (593, 41, 12, 7, 'ADJUSTMENT', 'INITIAL_LOAD', NULL, '2025-08-01 11:17:20', 18), (594, 41, 13, 8, 'ADJUSTMENT', 'INITIAL_LOAD', NULL, '2025-08-01 11:17:40', 4),
  (595, 41, 14, 59, 'ADJUSTMENT', 'INITIAL_LOAD', NULL, '2025-08-01 11:18:00', 31), (596, 41, 16, 17, 'ADJUSTMENT', 'INITIAL_LOAD', NULL, '2025-08-01 11:18:20', 1),
  (597, 42, 1, 226, 'ADJUSTMENT', 'INITIAL_LOAD', NULL, '2025-08-01 11:18:40', 5), (598, 42, 2, 205, 'ADJUSTMENT', 'INITIAL_LOAD', NULL, '2025-08-01 11:19:00', 25),
  (599, 42, 3, 147, 'ADJUSTMENT', 'INITIAL_LOAD', NULL, '2025-08-01 11:19:20', 18), (600, 42, 4, 135, 'ADJUSTMENT', 'INITIAL_LOAD', NULL, '2025-08-01 11:19:40', 24),
  (601, 42, 5, 268, 'ADJUSTMENT', 'INITIAL_LOAD', NULL, '2025-08-01 11:20:00', 7), (602, 42, 6, 48, 'ADJUSTMENT', 'INITIAL_LOAD', NULL, '2025-08-01 11:20:20', 2),
  (603, 42, 7, 48, 'ADJUSTMENT', 'INITIAL_LOAD', NULL, '2025-08-01 11:20:40', 19), (604, 42, 8, 87, 'ADJUSTMENT', 'INITIAL_LOAD', NULL, '2025-08-01 11:21:00', 25),
  (605, 42, 11, 68, 'ADJUSTMENT', 'INITIAL_LOAD', NULL, '2025-08-01 11:21:20', 15), (606, 42, 12, 16, 'ADJUSTMENT', 'INITIAL_LOAD', NULL, '2025-08-01 11:21:40', 25),
  (607, 42, 13, 28, 'ADJUSTMENT', 'INITIAL_LOAD', NULL, '2025-08-01 11:22:00', 34), (608, 42, 14, 2, 'ADJUSTMENT', 'INITIAL_LOAD', NULL, '2025-08-01 11:22:20', 7),
  (609, 42, 15, 59, 'ADJUSTMENT', 'INITIAL_LOAD', NULL, '2025-08-01 11:22:40', 21), (610, 42, 16, 69, 'ADJUSTMENT', 'INITIAL_LOAD', NULL, '2025-08-01 11:23:00', 33),
  (611, 43, 1, 137, 'ADJUSTMENT', 'INITIAL_LOAD', NULL, '2025-08-01 11:23:20', 6), (612, 43, 2, 250, 'ADJUSTMENT', 'INITIAL_LOAD', NULL, '2025-08-01 11:23:40', 12),
  (613, 43, 3, 98, 'ADJUSTMENT', 'INITIAL_LOAD', NULL, '2025-08-01 11:24:00', 13), (614, 43, 4, 103, 'ADJUSTMENT', 'INITIAL_LOAD', NULL, '2025-08-01 11:24:20', 34),
  (615, 43, 5, 157, 'ADJUSTMENT', 'INITIAL_LOAD', NULL, '2025-08-01 11:24:40', 31), (616, 43, 7, 28, 'ADJUSTMENT', 'INITIAL_LOAD', NULL, '2025-08-01 11:25:00', 2),
  (617, 43, 8, 11, 'ADJUSTMENT', 'INITIAL_LOAD', NULL, '2025-08-01 11:25:20', 3), (618, 43, 9, 84, 'ADJUSTMENT', 'INITIAL_LOAD', NULL, '2025-08-01 11:25:40', 16),
  (619, 43, 10, 27, 'ADJUSTMENT', 'INITIAL_LOAD', NULL, '2025-08-01 11:26:00', 20), (620, 43, 12, 18, 'ADJUSTMENT', 'INITIAL_LOAD', NULL, '2025-08-01 11:26:20', 22),
  (621, 43, 13, 86, 'ADJUSTMENT', 'INITIAL_LOAD', NULL, '2025-08-01 11:26:40', 33), (622, 43, 14, 6, 'ADJUSTMENT', 'INITIAL_LOAD', NULL, '2025-08-01 11:27:00', 26),
  (623, 43, 15, 5, 'ADJUSTMENT', 'INITIAL_LOAD', NULL, '2025-08-01 11:27:20', 11), (624, 43, 16, 29, 'ADJUSTMENT', 'INITIAL_LOAD', NULL, '2025-08-01 11:27:40', 2),
  (625, 44, 1, 233, 'ADJUSTMENT', 'INITIAL_LOAD', NULL, '2025-08-01 11:28:00', 23), (626, 44, 2, 261, 'ADJUSTMENT', 'INITIAL_LOAD', NULL, '2025-08-01 11:28:20', 23),
  (627, 44, 3, 238, 'ADJUSTMENT', 'INITIAL_LOAD', NULL, '2025-08-01 11:28:40', 23), (628, 44, 4, 54, 'ADJUSTMENT', 'INITIAL_LOAD', NULL, '2025-08-01 11:29:00', 20),
  (629, 44, 5, 75, 'ADJUSTMENT', 'INITIAL_LOAD', NULL, '2025-08-01 11:29:20', 16), (630, 44, 6, 64, 'ADJUSTMENT', 'INITIAL_LOAD', NULL, '2025-08-01 11:29:40', 34),
  (631, 44, 7, 29, 'ADJUSTMENT', 'INITIAL_LOAD', NULL, '2025-08-01 11:30:00', 18), (632, 44, 8, 73, 'ADJUSTMENT', 'INITIAL_LOAD', NULL, '2025-08-01 11:30:20', 4),
  (633, 44, 9, 76, 'ADJUSTMENT', 'INITIAL_LOAD', NULL, '2025-08-01 11:30:40', 17), (634, 44, 10, 41, 'ADJUSTMENT', 'INITIAL_LOAD', NULL, '2025-08-01 11:31:00', 25),
  (635, 44, 11, 18, 'ADJUSTMENT', 'INITIAL_LOAD', NULL, '2025-08-01 11:31:20', 2), (636, 44, 12, 66, 'ADJUSTMENT', 'INITIAL_LOAD', NULL, '2025-08-01 11:31:40', 18),
  (637, 44, 13, 38, 'ADJUSTMENT', 'INITIAL_LOAD', NULL, '2025-08-01 11:32:00', 15), (638, 44, 14, 71, 'ADJUSTMENT', 'INITIAL_LOAD', NULL, '2025-08-01 11:32:20', 10),
  (639, 44, 15, 59, 'ADJUSTMENT', 'INITIAL_LOAD', NULL, '2025-08-01 11:32:40', 22), (640, 44, 16, 54, 'ADJUSTMENT', 'INITIAL_LOAD', NULL, '2025-08-01 11:33:00', 26),
  (641, 45, 1, 52, 'ADJUSTMENT', 'INITIAL_LOAD', NULL, '2025-08-01 11:33:20', 9), (642, 45, 2, 128, 'ADJUSTMENT', 'INITIAL_LOAD', NULL, '2025-08-01 11:33:40', 6),
  (643, 45, 3, 204, 'ADJUSTMENT', 'INITIAL_LOAD', NULL, '2025-08-01 11:34:00', 25), (644, 45, 4, 211, 'ADJUSTMENT', 'INITIAL_LOAD', NULL, '2025-08-01 11:34:20', 15),
  (645, 45, 5, 137, 'ADJUSTMENT', 'INITIAL_LOAD', NULL, '2025-08-01 11:34:40', 27), (646, 45, 6, 67, 'ADJUSTMENT', 'INITIAL_LOAD', NULL, '2025-08-01 11:35:00', 16),
  (647, 45, 7, 57, 'ADJUSTMENT', 'INITIAL_LOAD', NULL, '2025-08-01 11:35:20', 10), (648, 45, 8, 38, 'ADJUSTMENT', 'INITIAL_LOAD', NULL, '2025-08-01 11:35:40', 28),
  (649, 45, 9, 68, 'ADJUSTMENT', 'INITIAL_LOAD', NULL, '2025-08-01 11:36:00', 20), (650, 45, 10, 28, 'ADJUSTMENT', 'INITIAL_LOAD', NULL, '2025-08-01 11:36:20', 22),
  (651, 45, 12, 59, 'ADJUSTMENT', 'INITIAL_LOAD', NULL, '2025-08-01 11:36:40', 29), (652, 45, 13, 71, 'ADJUSTMENT', 'INITIAL_LOAD', NULL, '2025-08-01 11:37:00', 9),
  (653, 45, 14, 53, 'ADJUSTMENT', 'INITIAL_LOAD', NULL, '2025-08-01 11:37:20', 14), (654, 45, 15, 17, 'ADJUSTMENT', 'INITIAL_LOAD', NULL, '2025-08-01 11:37:40', 9),
  (655, 45, 16, 60, 'ADJUSTMENT', 'INITIAL_LOAD', NULL, '2025-08-01 11:38:00', 13), (656, 46, 1, 205, 'ADJUSTMENT', 'INITIAL_LOAD', NULL, '2025-08-01 11:38:20', 9),
  (657, 46, 2, 60, 'ADJUSTMENT', 'INITIAL_LOAD', NULL, '2025-08-01 11:38:40', 20), (658, 46, 3, 276, 'ADJUSTMENT', 'INITIAL_LOAD', NULL, '2025-08-01 11:39:00', 9),
  (659, 46, 4, 155, 'ADJUSTMENT', 'INITIAL_LOAD', NULL, '2025-08-01 11:39:20', 28), (660, 46, 5, 256, 'ADJUSTMENT', 'INITIAL_LOAD', NULL, '2025-08-01 11:39:40', 10),
  (661, 46, 6, 50, 'ADJUSTMENT', 'INITIAL_LOAD', NULL, '2025-08-01 11:40:00', 11), (662, 46, 7, 44, 'ADJUSTMENT', 'INITIAL_LOAD', NULL, '2025-08-01 11:40:20', 21),
  (663, 46, 8, 48, 'ADJUSTMENT', 'INITIAL_LOAD', NULL, '2025-08-01 11:40:40', 5), (664, 46, 10, 54, 'ADJUSTMENT', 'INITIAL_LOAD', NULL, '2025-08-01 11:41:00', 8),
  (665, 46, 11, 75, 'ADJUSTMENT', 'INITIAL_LOAD', NULL, '2025-08-01 11:41:20', 12), (666, 46, 12, 71, 'ADJUSTMENT', 'INITIAL_LOAD', NULL, '2025-08-01 11:41:40', 21),
  (667, 46, 13, 26, 'ADJUSTMENT', 'INITIAL_LOAD', NULL, '2025-08-01 11:42:00', 10), (668, 46, 14, 42, 'ADJUSTMENT', 'INITIAL_LOAD', NULL, '2025-08-01 11:42:20', 2),
  (669, 46, 15, 1, 'ADJUSTMENT', 'INITIAL_LOAD', NULL, '2025-08-01 11:42:40', 21), (670, 46, 16, 24, 'ADJUSTMENT', 'INITIAL_LOAD', NULL, '2025-08-01 11:43:00', 27),
  (671, 47, 1, 70, 'ADJUSTMENT', 'INITIAL_LOAD', NULL, '2025-08-01 11:43:20', 27), (672, 47, 2, 231, 'ADJUSTMENT', 'INITIAL_LOAD', NULL, '2025-08-01 11:43:40', 20),
  (673, 47, 3, 233, 'ADJUSTMENT', 'INITIAL_LOAD', NULL, '2025-08-01 11:44:00', 29), (674, 47, 4, 162, 'ADJUSTMENT', 'INITIAL_LOAD', NULL, '2025-08-01 11:44:20', 18),
  (675, 47, 5, 274, 'ADJUSTMENT', 'INITIAL_LOAD', NULL, '2025-08-01 11:44:40', 10), (676, 47, 6, 31, 'ADJUSTMENT', 'INITIAL_LOAD', NULL, '2025-08-01 11:45:00', 13),
  (677, 47, 7, 90, 'ADJUSTMENT', 'INITIAL_LOAD', NULL, '2025-08-01 11:45:20', 7), (678, 47, 8, 30, 'ADJUSTMENT', 'INITIAL_LOAD', NULL, '2025-08-01 11:45:40', 9),
  (679, 47, 9, 36, 'ADJUSTMENT', 'INITIAL_LOAD', NULL, '2025-08-01 11:46:00', 12), (680, 47, 10, 68, 'ADJUSTMENT', 'INITIAL_LOAD', NULL, '2025-08-01 11:46:20', 2),
  (681, 47, 11, 39, 'ADJUSTMENT', 'INITIAL_LOAD', NULL, '2025-08-01 11:46:40', 18), (682, 47, 12, 65, 'ADJUSTMENT', 'INITIAL_LOAD', NULL, '2025-08-01 11:47:00', 15),
  (683, 47, 14, 60, 'ADJUSTMENT', 'INITIAL_LOAD', NULL, '2025-08-01 11:47:20', 15), (684, 47, 15, 40, 'ADJUSTMENT', 'INITIAL_LOAD', NULL, '2025-08-01 11:47:40', 15),
  (685, 47, 16, 47, 'ADJUSTMENT', 'INITIAL_LOAD', NULL, '2025-08-01 11:48:00', 2), (686, 48, 1, 51, 'ADJUSTMENT', 'INITIAL_LOAD', NULL, '2025-08-01 11:48:20', 23),
  (687, 48, 2, 184, 'ADJUSTMENT', 'INITIAL_LOAD', NULL, '2025-08-01 11:48:40', 6), (688, 48, 3, 261, 'ADJUSTMENT', 'INITIAL_LOAD', NULL, '2025-08-01 11:49:00', 32),
  (689, 48, 4, 96, 'ADJUSTMENT', 'INITIAL_LOAD', NULL, '2025-08-01 11:49:20', 9), (690, 48, 5, 229, 'ADJUSTMENT', 'INITIAL_LOAD', NULL, '2025-08-01 11:49:40', 34),
  (691, 48, 7, 70, 'ADJUSTMENT', 'INITIAL_LOAD', NULL, '2025-08-01 11:50:00', 32), (692, 48, 8, 74, 'ADJUSTMENT', 'INITIAL_LOAD', NULL, '2025-08-01 11:50:20', 24),
  (693, 48, 9, 59, 'ADJUSTMENT', 'INITIAL_LOAD', NULL, '2025-08-01 11:50:40', 12), (694, 48, 10, 42, 'ADJUSTMENT', 'INITIAL_LOAD', NULL, '2025-08-01 11:51:00', 25),
  (695, 48, 11, 72, 'ADJUSTMENT', 'INITIAL_LOAD', NULL, '2025-08-01 11:51:20', 33), (696, 48, 12, 63, 'ADJUSTMENT', 'INITIAL_LOAD', NULL, '2025-08-01 11:51:40', 32),
  (697, 48, 13, 87, 'ADJUSTMENT', 'INITIAL_LOAD', NULL, '2025-08-01 11:52:00', 9), (698, 48, 14, 62, 'ADJUSTMENT', 'INITIAL_LOAD', NULL, '2025-08-01 11:52:20', 11),
  (699, 48, 15, 82, 'ADJUSTMENT', 'INITIAL_LOAD', NULL, '2025-08-01 11:52:40', 13), (700, 49, 1, 243, 'ADJUSTMENT', 'INITIAL_LOAD', NULL, '2025-08-01 11:53:00', 15),
  (701, 49, 2, 130, 'ADJUSTMENT', 'INITIAL_LOAD', NULL, '2025-08-01 11:53:20', 3), (702, 49, 3, 83, 'ADJUSTMENT', 'INITIAL_LOAD', NULL, '2025-08-01 11:53:40', 27),
  (703, 49, 4, 75, 'ADJUSTMENT', 'INITIAL_LOAD', NULL, '2025-08-01 11:54:00', 1), (704, 49, 5, 224, 'ADJUSTMENT', 'INITIAL_LOAD', NULL, '2025-08-01 11:54:20', 18),
  (705, 49, 6, 69, 'ADJUSTMENT', 'INITIAL_LOAD', NULL, '2025-08-01 11:54:40', 27), (706, 49, 7, 69, 'ADJUSTMENT', 'INITIAL_LOAD', NULL, '2025-08-01 11:55:00', 15),
  (707, 49, 8, 7, 'ADJUSTMENT', 'INITIAL_LOAD', NULL, '2025-08-01 11:55:20', 13), (708, 49, 9, 27, 'ADJUSTMENT', 'INITIAL_LOAD', NULL, '2025-08-01 11:55:40', 14),
  (709, 49, 12, 80, 'ADJUSTMENT', 'INITIAL_LOAD', NULL, '2025-08-01 11:56:00', 5), (710, 49, 13, 38, 'ADJUSTMENT', 'INITIAL_LOAD', NULL, '2025-08-01 11:56:20', 12),
  (711, 49, 14, 50, 'ADJUSTMENT', 'INITIAL_LOAD', NULL, '2025-08-01 11:56:40', 29), (712, 49, 16, 81, 'ADJUSTMENT', 'INITIAL_LOAD', NULL, '2025-08-01 11:57:00', 33),
  (713, 50, 1, 197, 'ADJUSTMENT', 'INITIAL_LOAD', NULL, '2025-08-01 11:57:20', 21), (714, 50, 2, 273, 'ADJUSTMENT', 'INITIAL_LOAD', NULL, '2025-08-01 11:57:40', 31),
  (715, 50, 3, 163, 'ADJUSTMENT', 'INITIAL_LOAD', NULL, '2025-08-01 11:58:00', 16), (716, 50, 4, 208, 'ADJUSTMENT', 'INITIAL_LOAD', NULL, '2025-08-01 11:58:20', 28),
  (717, 50, 5, 164, 'ADJUSTMENT', 'INITIAL_LOAD', NULL, '2025-08-01 11:58:40', 26), (718, 50, 6, 23, 'ADJUSTMENT', 'INITIAL_LOAD', NULL, '2025-08-01 11:59:00', 3),
  (719, 50, 7, 70, 'ADJUSTMENT', 'INITIAL_LOAD', NULL, '2025-08-01 11:59:20', 25), (720, 50, 8, 2, 'ADJUSTMENT', 'INITIAL_LOAD', NULL, '2025-08-01 11:59:40', 21),
  (721, 50, 9, 35, 'ADJUSTMENT', 'INITIAL_LOAD', NULL, '2025-08-01 12:00:00', 26), (722, 50, 11, 89, 'ADJUSTMENT', 'INITIAL_LOAD', NULL, '2025-08-01 12:00:20', 3),
  (723, 50, 13, 32, 'ADJUSTMENT', 'INITIAL_LOAD', NULL, '2025-08-01 12:00:40', 7), (724, 50, 15, 67, 'ADJUSTMENT', 'INITIAL_LOAD', NULL, '2025-08-01 12:01:00', 29),
  (725, 50, 16, 45, 'ADJUSTMENT', 'INITIAL_LOAD', NULL, '2025-08-01 12:01:20', 31), (726, 51, 1, 141, 'ADJUSTMENT', 'INITIAL_LOAD', NULL, '2025-08-01 12:01:40', 3),
  (727, 51, 2, 60, 'ADJUSTMENT', 'INITIAL_LOAD', NULL, '2025-08-01 12:02:00', 16), (728, 51, 3, 135, 'ADJUSTMENT', 'INITIAL_LOAD', NULL, '2025-08-01 12:02:20', 26),
  (729, 51, 4, 143, 'ADJUSTMENT', 'INITIAL_LOAD', NULL, '2025-08-01 12:02:40', 3), (730, 51, 5, 157, 'ADJUSTMENT', 'INITIAL_LOAD', NULL, '2025-08-01 12:03:00', 25),
  (731, 51, 6, 72, 'ADJUSTMENT', 'INITIAL_LOAD', NULL, '2025-08-01 12:03:20', 4), (732, 51, 7, 89, 'ADJUSTMENT', 'INITIAL_LOAD', NULL, '2025-08-01 12:03:40', 13),
  (733, 51, 8, 87, 'ADJUSTMENT', 'INITIAL_LOAD', NULL, '2025-08-01 12:04:00', 19), (734, 51, 9, 18, 'ADJUSTMENT', 'INITIAL_LOAD', NULL, '2025-08-01 12:04:20', 29),
  (735, 51, 10, 83, 'ADJUSTMENT', 'INITIAL_LOAD', NULL, '2025-08-01 12:04:40', 26), (736, 51, 11, 47, 'ADJUSTMENT', 'INITIAL_LOAD', NULL, '2025-08-01 12:05:00', 20),
  (737, 51, 12, 48, 'ADJUSTMENT', 'INITIAL_LOAD', NULL, '2025-08-01 12:05:20', 19), (738, 51, 13, 7, 'ADJUSTMENT', 'INITIAL_LOAD', NULL, '2025-08-01 12:05:40', 31),
  (739, 51, 15, 63, 'ADJUSTMENT', 'INITIAL_LOAD', NULL, '2025-08-01 12:06:00', 11), (740, 51, 16, 82, 'ADJUSTMENT', 'INITIAL_LOAD', NULL, '2025-08-01 12:06:20', 28),
  (741, 52, 1, 184, 'ADJUSTMENT', 'INITIAL_LOAD', NULL, '2025-08-01 12:06:40', 19), (742, 52, 2, 259, 'ADJUSTMENT', 'INITIAL_LOAD', NULL, '2025-08-01 12:07:00', 4),
  (743, 52, 3, 64, 'ADJUSTMENT', 'INITIAL_LOAD', NULL, '2025-08-01 12:07:20', 10), (744, 52, 4, 269, 'ADJUSTMENT', 'INITIAL_LOAD', NULL, '2025-08-01 12:07:40', 31),
  (745, 52, 5, 175, 'ADJUSTMENT', 'INITIAL_LOAD', NULL, '2025-08-01 12:08:00', 29), (746, 52, 6, 5, 'ADJUSTMENT', 'INITIAL_LOAD', NULL, '2025-08-01 12:08:20', 6),
  (747, 52, 7, 88, 'ADJUSTMENT', 'INITIAL_LOAD', NULL, '2025-08-01 12:08:40', 34), (748, 52, 8, 60, 'ADJUSTMENT', 'INITIAL_LOAD', NULL, '2025-08-01 12:09:00', 8),
  (749, 52, 9, 9, 'ADJUSTMENT', 'INITIAL_LOAD', NULL, '2025-08-01 12:09:20', 12), (750, 52, 10, 35, 'ADJUSTMENT', 'INITIAL_LOAD', NULL, '2025-08-01 12:09:40', 9),
  (751, 52, 11, 72, 'ADJUSTMENT', 'INITIAL_LOAD', NULL, '2025-08-01 12:10:00', 26), (752, 52, 12, 22, 'ADJUSTMENT', 'INITIAL_LOAD', NULL, '2025-08-01 12:10:20', 27),
  (753, 52, 14, 26, 'ADJUSTMENT', 'INITIAL_LOAD', NULL, '2025-08-01 12:10:40', 21), (754, 52, 15, 50, 'ADJUSTMENT', 'INITIAL_LOAD', NULL, '2025-08-01 12:11:00', 29),
  (755, 52, 16, 55, 'ADJUSTMENT', 'INITIAL_LOAD', NULL, '2025-08-01 12:11:20', 2), (756, 53, 1, 101, 'ADJUSTMENT', 'INITIAL_LOAD', NULL, '2025-08-01 12:11:40', 12),
  (757, 53, 2, 185, 'ADJUSTMENT', 'INITIAL_LOAD', NULL, '2025-08-01 12:12:00', 31), (758, 53, 3, 253, 'ADJUSTMENT', 'INITIAL_LOAD', NULL, '2025-08-01 12:12:20', 13),
  (759, 53, 4, 257, 'ADJUSTMENT', 'INITIAL_LOAD', NULL, '2025-08-01 12:12:40', 31), (760, 53, 5, 139, 'ADJUSTMENT', 'INITIAL_LOAD', NULL, '2025-08-01 12:13:00', 6),
  (761, 53, 6, 86, 'ADJUSTMENT', 'INITIAL_LOAD', NULL, '2025-08-01 12:13:20', 17), (762, 53, 7, 42, 'ADJUSTMENT', 'INITIAL_LOAD', NULL, '2025-08-01 12:13:40', 21),
  (763, 53, 8, 17, 'ADJUSTMENT', 'INITIAL_LOAD', NULL, '2025-08-01 12:14:00', 11), (764, 53, 9, 88, 'ADJUSTMENT', 'INITIAL_LOAD', NULL, '2025-08-01 12:14:20', 8),
  (765, 53, 10, 64, 'ADJUSTMENT', 'INITIAL_LOAD', NULL, '2025-08-01 12:14:40', 6), (766, 53, 12, 55, 'ADJUSTMENT', 'INITIAL_LOAD', NULL, '2025-08-01 12:15:00', 8),
  (767, 53, 13, 37, 'ADJUSTMENT', 'INITIAL_LOAD', NULL, '2025-08-01 12:15:20', 29), (768, 53, 14, 78, 'ADJUSTMENT', 'INITIAL_LOAD', NULL, '2025-08-01 12:15:40', 24),
  (769, 53, 15, 50, 'ADJUSTMENT', 'INITIAL_LOAD', NULL, '2025-08-01 12:16:00', 6), (770, 53, 16, 56, 'ADJUSTMENT', 'INITIAL_LOAD', NULL, '2025-08-01 12:16:20', 25),
  (771, 54, 1, 109, 'ADJUSTMENT', 'INITIAL_LOAD', NULL, '2025-08-01 12:16:40', 34), (772, 54, 2, 240, 'ADJUSTMENT', 'INITIAL_LOAD', NULL, '2025-08-01 12:17:00', 11),
  (773, 54, 3, 155, 'ADJUSTMENT', 'INITIAL_LOAD', NULL, '2025-08-01 12:17:20', 25), (774, 54, 4, 165, 'ADJUSTMENT', 'INITIAL_LOAD', NULL, '2025-08-01 12:17:40', 25),
  (775, 54, 5, 98, 'ADJUSTMENT', 'INITIAL_LOAD', NULL, '2025-08-01 12:18:00', 3), (776, 54, 6, 45, 'ADJUSTMENT', 'INITIAL_LOAD', NULL, '2025-08-01 12:18:20', 11),
  (777, 54, 7, 48, 'ADJUSTMENT', 'INITIAL_LOAD', NULL, '2025-08-01 12:18:40', 22), (778, 54, 8, 87, 'ADJUSTMENT', 'INITIAL_LOAD', NULL, '2025-08-01 12:19:00', 10),
  (779, 54, 10, 79, 'ADJUSTMENT', 'INITIAL_LOAD', NULL, '2025-08-01 12:19:20', 11), (780, 54, 11, 31, 'ADJUSTMENT', 'INITIAL_LOAD', NULL, '2025-08-01 12:19:40', 10),
  (781, 54, 12, 10, 'ADJUSTMENT', 'INITIAL_LOAD', NULL, '2025-08-01 12:20:00', 12), (782, 54, 13, 48, 'ADJUSTMENT', 'INITIAL_LOAD', NULL, '2025-08-01 12:20:20', 4),
  (783, 54, 15, 49, 'ADJUSTMENT', 'INITIAL_LOAD', NULL, '2025-08-01 12:20:40', 27), (784, 55, 1, 118, 'ADJUSTMENT', 'INITIAL_LOAD', NULL, '2025-08-01 12:21:00', 20),
  (785, 55, 2, 153, 'ADJUSTMENT', 'INITIAL_LOAD', NULL, '2025-08-01 12:21:20', 20), (786, 55, 3, 132, 'ADJUSTMENT', 'INITIAL_LOAD', NULL, '2025-08-01 12:21:40', 29),
  (787, 55, 4, 234, 'ADJUSTMENT', 'INITIAL_LOAD', NULL, '2025-08-01 12:22:00', 19), (788, 55, 5, 109, 'ADJUSTMENT', 'INITIAL_LOAD', NULL, '2025-08-01 12:22:20', 12),
  (789, 55, 7, 23, 'ADJUSTMENT', 'INITIAL_LOAD', NULL, '2025-08-01 12:22:40', 8), (790, 55, 8, 71, 'ADJUSTMENT', 'INITIAL_LOAD', NULL, '2025-08-01 12:23:00', 9),
  (791, 55, 10, 37, 'ADJUSTMENT', 'INITIAL_LOAD', NULL, '2025-08-01 12:23:20', 13), (792, 55, 11, 11, 'ADJUSTMENT', 'INITIAL_LOAD', NULL, '2025-08-01 12:23:40', 1),
  (793, 55, 12, 41, 'ADJUSTMENT', 'INITIAL_LOAD', NULL, '2025-08-01 12:24:00', 17), (794, 55, 13, 1, 'ADJUSTMENT', 'INITIAL_LOAD', NULL, '2025-08-01 12:24:20', 1),
  (795, 55, 14, 49, 'ADJUSTMENT', 'INITIAL_LOAD', NULL, '2025-08-01 12:24:40', 31), (796, 55, 15, 71, 'ADJUSTMENT', 'INITIAL_LOAD', NULL, '2025-08-01 12:25:00', 33),
  (797, 55, 16, 31, 'ADJUSTMENT', 'INITIAL_LOAD', NULL, '2025-08-01 12:25:20', 33), (798, 56, 1, 83, 'ADJUSTMENT', 'INITIAL_LOAD', NULL, '2025-08-01 12:25:40', 1),
  (799, 56, 2, 215, 'ADJUSTMENT', 'INITIAL_LOAD', NULL, '2025-08-01 12:26:00', 33), (800, 56, 3, 137, 'ADJUSTMENT', 'INITIAL_LOAD', NULL, '2025-08-01 12:26:20', 16),
  (801, 56, 4, 83, 'ADJUSTMENT', 'INITIAL_LOAD', NULL, '2025-08-01 12:26:40', 14), (802, 56, 5, 75, 'ADJUSTMENT', 'INITIAL_LOAD', NULL, '2025-08-01 12:27:00', 32),
  (803, 56, 6, 34, 'ADJUSTMENT', 'INITIAL_LOAD', NULL, '2025-08-01 12:27:20', 31), (804, 56, 8, 21, 'ADJUSTMENT', 'INITIAL_LOAD', NULL, '2025-08-01 12:27:40', 27),
  (805, 56, 9, 53, 'ADJUSTMENT', 'INITIAL_LOAD', NULL, '2025-08-01 12:28:00', 29), (806, 56, 10, 54, 'ADJUSTMENT', 'INITIAL_LOAD', NULL, '2025-08-01 12:28:20', 6),
  (807, 56, 11, 31, 'ADJUSTMENT', 'INITIAL_LOAD', NULL, '2025-08-01 12:28:40', 1), (808, 56, 12, 63, 'ADJUSTMENT', 'INITIAL_LOAD', NULL, '2025-08-01 12:29:00', 16),
  (809, 56, 13, 25, 'ADJUSTMENT', 'INITIAL_LOAD', NULL, '2025-08-01 12:29:20', 18), (810, 56, 14, 17, 'ADJUSTMENT', 'INITIAL_LOAD', NULL, '2025-08-01 12:29:40', 14),
  (811, 56, 15, 50, 'ADJUSTMENT', 'INITIAL_LOAD', NULL, '2025-08-01 12:30:00', 4), (812, 56, 16, 79, 'ADJUSTMENT', 'INITIAL_LOAD', NULL, '2025-08-01 12:30:20', 12),
  (813, 57, 1, 260, 'ADJUSTMENT', 'INITIAL_LOAD', NULL, '2025-08-01 12:30:40', 10), (814, 57, 2, 124, 'ADJUSTMENT', 'INITIAL_LOAD', NULL, '2025-08-01 12:31:00', 4),
  (815, 57, 3, 152, 'ADJUSTMENT', 'INITIAL_LOAD', NULL, '2025-08-01 12:31:20', 23), (816, 57, 4, 125, 'ADJUSTMENT', 'INITIAL_LOAD', NULL, '2025-08-01 12:31:40', 3),
  (817, 57, 5, 150, 'ADJUSTMENT', 'INITIAL_LOAD', NULL, '2025-08-01 12:32:00', 10), (818, 57, 6, 83, 'ADJUSTMENT', 'INITIAL_LOAD', NULL, '2025-08-01 12:32:20', 3),
  (819, 57, 7, 17, 'ADJUSTMENT', 'INITIAL_LOAD', NULL, '2025-08-01 12:32:40', 20), (820, 57, 8, 77, 'ADJUSTMENT', 'INITIAL_LOAD', NULL, '2025-08-01 12:33:00', 22),
  (821, 57, 9, 51, 'ADJUSTMENT', 'INITIAL_LOAD', NULL, '2025-08-01 12:33:20', 6), (822, 57, 10, 22, 'ADJUSTMENT', 'INITIAL_LOAD', NULL, '2025-08-01 12:33:40', 4),
  (823, 57, 11, 40, 'ADJUSTMENT', 'INITIAL_LOAD', NULL, '2025-08-01 12:34:00', 7), (824, 57, 12, 88, 'ADJUSTMENT', 'INITIAL_LOAD', NULL, '2025-08-01 12:34:20', 27),
  (825, 57, 13, 73, 'ADJUSTMENT', 'INITIAL_LOAD', NULL, '2025-08-01 12:34:40', 12), (826, 57, 14, 41, 'ADJUSTMENT', 'INITIAL_LOAD', NULL, '2025-08-01 12:35:00', 11),
  (827, 57, 15, 50, 'ADJUSTMENT', 'INITIAL_LOAD', NULL, '2025-08-01 12:35:20', 19), (828, 57, 16, 48, 'ADJUSTMENT', 'INITIAL_LOAD', NULL, '2025-08-01 12:35:40', 12),
  (829, 58, 1, 179, 'ADJUSTMENT', 'INITIAL_LOAD', NULL, '2025-08-01 12:36:00', 31), (830, 58, 2, 86, 'ADJUSTMENT', 'INITIAL_LOAD', NULL, '2025-08-01 12:36:20', 24),
  (831, 58, 3, 214, 'ADJUSTMENT', 'INITIAL_LOAD', NULL, '2025-08-01 12:36:40', 3), (832, 58, 4, 236, 'ADJUSTMENT', 'INITIAL_LOAD', NULL, '2025-08-01 12:37:00', 6),
  (833, 58, 5, 180, 'ADJUSTMENT', 'INITIAL_LOAD', NULL, '2025-08-01 12:37:20', 20), (834, 58, 6, 28, 'ADJUSTMENT', 'INITIAL_LOAD', NULL, '2025-08-01 12:37:40', 21),
  (835, 58, 7, 59, 'ADJUSTMENT', 'INITIAL_LOAD', NULL, '2025-08-01 12:38:00', 24), (836, 58, 8, 26, 'ADJUSTMENT', 'INITIAL_LOAD', NULL, '2025-08-01 12:38:20', 25),
  (837, 58, 9, 37, 'ADJUSTMENT', 'INITIAL_LOAD', NULL, '2025-08-01 12:38:40', 5), (838, 58, 10, 57, 'ADJUSTMENT', 'INITIAL_LOAD', NULL, '2025-08-01 12:39:00', 28),
  (839, 58, 11, 52, 'ADJUSTMENT', 'INITIAL_LOAD', NULL, '2025-08-01 12:39:20', 5), (840, 58, 12, 17, 'ADJUSTMENT', 'INITIAL_LOAD', NULL, '2025-08-01 12:39:40', 19),
  (841, 58, 13, 30, 'ADJUSTMENT', 'INITIAL_LOAD', NULL, '2025-08-01 12:40:00', 32), (842, 58, 14, 19, 'ADJUSTMENT', 'INITIAL_LOAD', NULL, '2025-08-01 12:40:20', 9),
  (843, 58, 16, 76, 'ADJUSTMENT', 'INITIAL_LOAD', NULL, '2025-08-01 12:40:40', 8), (844, 59, 1, 142, 'ADJUSTMENT', 'INITIAL_LOAD', NULL, '2025-08-01 12:41:00', 18),
  (845, 59, 2, 176, 'ADJUSTMENT', 'INITIAL_LOAD', NULL, '2025-08-01 12:41:20', 22), (846, 59, 3, 169, 'ADJUSTMENT', 'INITIAL_LOAD', NULL, '2025-08-01 12:41:40', 27),
  (847, 59, 4, 276, 'ADJUSTMENT', 'INITIAL_LOAD', NULL, '2025-08-01 12:42:00', 14), (848, 59, 5, 275, 'ADJUSTMENT', 'INITIAL_LOAD', NULL, '2025-08-01 12:42:20', 14),
  (849, 59, 6, 88, 'ADJUSTMENT', 'INITIAL_LOAD', NULL, '2025-08-01 12:42:40', 4), (850, 59, 7, 4, 'ADJUSTMENT', 'INITIAL_LOAD', NULL, '2025-08-01 12:43:00', 7),
  (851, 59, 8, 46, 'ADJUSTMENT', 'INITIAL_LOAD', NULL, '2025-08-01 12:43:20', 6), (852, 59, 9, 68, 'ADJUSTMENT', 'INITIAL_LOAD', NULL, '2025-08-01 12:43:40', 32),
  (853, 59, 11, 31, 'ADJUSTMENT', 'INITIAL_LOAD', NULL, '2025-08-01 12:44:00', 19), (854, 59, 13, 31, 'ADJUSTMENT', 'INITIAL_LOAD', NULL, '2025-08-01 12:44:20', 28),
  (855, 59, 14, 82, 'ADJUSTMENT', 'INITIAL_LOAD', NULL, '2025-08-01 12:44:40', 21), (856, 59, 15, 51, 'ADJUSTMENT', 'INITIAL_LOAD', NULL, '2025-08-01 12:45:00', 17),
  (857, 59, 16, 45, 'ADJUSTMENT', 'INITIAL_LOAD', NULL, '2025-08-01 12:45:20', 23), (858, 60, 1, 150, 'ADJUSTMENT', 'INITIAL_LOAD', NULL, '2025-08-01 12:45:40', 9),
  (859, 60, 2, 67, 'ADJUSTMENT', 'INITIAL_LOAD', NULL, '2025-08-01 12:46:00', 33), (860, 60, 3, 42, 'ADJUSTMENT', 'INITIAL_LOAD', NULL, '2025-08-01 12:46:20', 33),
  (861, 60, 4, 65, 'ADJUSTMENT', 'INITIAL_LOAD', NULL, '2025-08-01 12:46:40', 33), (862, 60, 5, 106, 'ADJUSTMENT', 'INITIAL_LOAD', NULL, '2025-08-01 12:47:00', 12),
  (863, 60, 6, 28, 'ADJUSTMENT', 'INITIAL_LOAD', NULL, '2025-08-01 12:47:20', 15), (864, 60, 7, 66, 'ADJUSTMENT', 'INITIAL_LOAD', NULL, '2025-08-01 12:47:40', 19),
  (865, 60, 8, 88, 'ADJUSTMENT', 'INITIAL_LOAD', NULL, '2025-08-01 12:48:00', 13), (866, 60, 9, 57, 'ADJUSTMENT', 'INITIAL_LOAD', NULL, '2025-08-01 12:48:20', 1),
  (867, 60, 10, 59, 'ADJUSTMENT', 'INITIAL_LOAD', NULL, '2025-08-01 12:48:40', 8), (868, 60, 11, 75, 'ADJUSTMENT', 'INITIAL_LOAD', NULL, '2025-08-01 12:49:00', 2),
  (869, 60, 12, 19, 'ADJUSTMENT', 'INITIAL_LOAD', NULL, '2025-08-01 12:49:20', 31), (870, 60, 13, 3, 'ADJUSTMENT', 'INITIAL_LOAD', NULL, '2025-08-01 12:49:40', 8),
  (871, 60, 14, 37, 'ADJUSTMENT', 'INITIAL_LOAD', NULL, '2025-08-01 12:50:00', 14), (872, 60, 16, 18, 'ADJUSTMENT', 'INITIAL_LOAD', NULL, '2025-08-01 12:50:20', 27),
  (873, 61, 1, 127, 'ADJUSTMENT', 'INITIAL_LOAD', NULL, '2025-08-01 12:50:40', 27), (874, 61, 2, 156, 'ADJUSTMENT', 'INITIAL_LOAD', NULL, '2025-08-01 12:51:00', 3),
  (875, 61, 3, 240, 'ADJUSTMENT', 'INITIAL_LOAD', NULL, '2025-08-01 12:51:20', 22), (876, 61, 4, 92, 'ADJUSTMENT', 'INITIAL_LOAD', NULL, '2025-08-01 12:51:40', 23),
  (877, 61, 5, 173, 'ADJUSTMENT', 'INITIAL_LOAD', NULL, '2025-08-01 12:52:00', 14), (878, 61, 6, 61, 'ADJUSTMENT', 'INITIAL_LOAD', NULL, '2025-08-01 12:52:20', 1),
  (879, 61, 7, 12, 'ADJUSTMENT', 'INITIAL_LOAD', NULL, '2025-08-01 12:52:40', 13), (880, 61, 8, 89, 'ADJUSTMENT', 'INITIAL_LOAD', NULL, '2025-08-01 12:53:00', 19),
  (881, 61, 9, 37, 'ADJUSTMENT', 'INITIAL_LOAD', NULL, '2025-08-01 12:53:20', 17), (882, 61, 11, 43, 'ADJUSTMENT', 'INITIAL_LOAD', NULL, '2025-08-01 12:53:40', 5),
  (883, 61, 12, 86, 'ADJUSTMENT', 'INITIAL_LOAD', NULL, '2025-08-01 12:54:00', 20), (884, 61, 13, 58, 'ADJUSTMENT', 'INITIAL_LOAD', NULL, '2025-08-01 12:54:20', 20),
  (885, 61, 15, 71, 'ADJUSTMENT', 'INITIAL_LOAD', NULL, '2025-08-01 12:54:40', 34), (886, 61, 16, 59, 'ADJUSTMENT', 'INITIAL_LOAD', NULL, '2025-08-01 12:55:00', 21),
  (887, 62, 1, 143, 'ADJUSTMENT', 'INITIAL_LOAD', NULL, '2025-08-01 12:55:20', 1), (888, 62, 2, 201, 'ADJUSTMENT', 'INITIAL_LOAD', NULL, '2025-08-01 12:55:40', 8),
  (889, 62, 3, 87, 'ADJUSTMENT', 'INITIAL_LOAD', NULL, '2025-08-01 12:56:00', 22), (890, 62, 4, 87, 'ADJUSTMENT', 'INITIAL_LOAD', NULL, '2025-08-01 12:56:20', 22),
  (891, 62, 5, 203, 'ADJUSTMENT', 'INITIAL_LOAD', NULL, '2025-08-01 12:56:40', 26), (892, 62, 6, 84, 'ADJUSTMENT', 'INITIAL_LOAD', NULL, '2025-08-01 12:57:00', 2),
  (893, 62, 7, 3, 'ADJUSTMENT', 'INITIAL_LOAD', NULL, '2025-08-01 12:57:20', 12), (894, 62, 8, 25, 'ADJUSTMENT', 'INITIAL_LOAD', NULL, '2025-08-01 12:57:40', 13),
  (895, 62, 9, 54, 'ADJUSTMENT', 'INITIAL_LOAD', NULL, '2025-08-01 12:58:00', 22), (896, 62, 10, 90, 'ADJUSTMENT', 'INITIAL_LOAD', NULL, '2025-08-01 12:58:20', 22),
  (897, 62, 11, 35, 'ADJUSTMENT', 'INITIAL_LOAD', NULL, '2025-08-01 12:58:40', 32), (898, 62, 12, 13, 'ADJUSTMENT', 'INITIAL_LOAD', NULL, '2025-08-01 12:59:00', 32),
  (899, 62, 13, 43, 'ADJUSTMENT', 'INITIAL_LOAD', NULL, '2025-08-01 12:59:20', 3), (900, 62, 14, 22, 'ADJUSTMENT', 'INITIAL_LOAD', NULL, '2025-08-01 12:59:40', 9),
  (901, 62, 15, 14, 'ADJUSTMENT', 'INITIAL_LOAD', NULL, '2025-08-01 13:00:00', 32), (902, 62, 16, 62, 'ADJUSTMENT', 'INITIAL_LOAD', NULL, '2025-08-01 13:00:20', 10),
  (903, 63, 1, 203, 'ADJUSTMENT', 'INITIAL_LOAD', NULL, '2025-08-01 13:00:40', 31), (904, 63, 2, 120, 'ADJUSTMENT', 'INITIAL_LOAD', NULL, '2025-08-01 13:01:00', 22),
  (905, 63, 3, 192, 'ADJUSTMENT', 'INITIAL_LOAD', NULL, '2025-08-01 13:01:20', 31), (906, 63, 4, 139, 'ADJUSTMENT', 'INITIAL_LOAD', NULL, '2025-08-01 13:01:40', 27),
  (907, 63, 5, 196, 'ADJUSTMENT', 'INITIAL_LOAD', NULL, '2025-08-01 13:02:00', 4), (908, 63, 6, 50, 'ADJUSTMENT', 'INITIAL_LOAD', NULL, '2025-08-01 13:02:20', 20),
  (909, 63, 7, 44, 'ADJUSTMENT', 'INITIAL_LOAD', NULL, '2025-08-01 13:02:40', 21), (910, 63, 8, 58, 'ADJUSTMENT', 'INITIAL_LOAD', NULL, '2025-08-01 13:03:00', 2),
  (911, 63, 9, 86, 'ADJUSTMENT', 'INITIAL_LOAD', NULL, '2025-08-01 13:03:20', 14), (912, 63, 10, 38, 'ADJUSTMENT', 'INITIAL_LOAD', NULL, '2025-08-01 13:03:40', 22),
  (913, 63, 12, 42, 'ADJUSTMENT', 'INITIAL_LOAD', NULL, '2025-08-01 13:04:00', 23), (914, 63, 13, 30, 'ADJUSTMENT', 'INITIAL_LOAD', NULL, '2025-08-01 13:04:20', 5),
  (915, 63, 14, 23, 'ADJUSTMENT', 'INITIAL_LOAD', NULL, '2025-08-01 13:04:40', 10), (916, 63, 15, 18, 'ADJUSTMENT', 'INITIAL_LOAD', NULL, '2025-08-01 13:05:00', 18),
  (917, 63, 16, 53, 'ADJUSTMENT', 'INITIAL_LOAD', NULL, '2025-08-01 13:05:20', 2), (918, 64, 1, 187, 'ADJUSTMENT', 'INITIAL_LOAD', NULL, '2025-08-01 13:05:40', 22),
  (919, 64, 2, 138, 'ADJUSTMENT', 'INITIAL_LOAD', NULL, '2025-08-01 13:06:00', 25), (920, 64, 3, 148, 'ADJUSTMENT', 'INITIAL_LOAD', NULL, '2025-08-01 13:06:20', 11),
  (921, 64, 4, 87, 'ADJUSTMENT', 'INITIAL_LOAD', NULL, '2025-08-01 13:06:40', 25), (922, 64, 5, 164, 'ADJUSTMENT', 'INITIAL_LOAD', NULL, '2025-08-01 13:07:00', 12),
  (923, 64, 6, 81, 'ADJUSTMENT', 'INITIAL_LOAD', NULL, '2025-08-01 13:07:20', 8), (924, 64, 7, 82, 'ADJUSTMENT', 'INITIAL_LOAD', NULL, '2025-08-01 13:07:40', 20),
  (925, 64, 8, 22, 'ADJUSTMENT', 'INITIAL_LOAD', NULL, '2025-08-01 13:08:00', 21), (926, 64, 9, 62, 'ADJUSTMENT', 'INITIAL_LOAD', NULL, '2025-08-01 13:08:20', 3),
  (927, 64, 10, 23, 'ADJUSTMENT', 'INITIAL_LOAD', NULL, '2025-08-01 13:08:40', 18), (928, 64, 11, 57, 'ADJUSTMENT', 'INITIAL_LOAD', NULL, '2025-08-01 13:09:00', 27),
  (929, 64, 12, 45, 'ADJUSTMENT', 'INITIAL_LOAD', NULL, '2025-08-01 13:09:20', 6), (930, 64, 14, 49, 'ADJUSTMENT', 'INITIAL_LOAD', NULL, '2025-08-01 13:09:40', 33),
  (931, 64, 15, 64, 'ADJUSTMENT', 'INITIAL_LOAD', NULL, '2025-08-01 13:10:00', 16), (932, 64, 16, 52, 'ADJUSTMENT', 'INITIAL_LOAD', NULL, '2025-08-01 13:10:20', 24),
  (933, 65, 1, 146, 'ADJUSTMENT', 'INITIAL_LOAD', NULL, '2025-08-01 13:10:40', 29), (934, 65, 2, 221, 'ADJUSTMENT', 'INITIAL_LOAD', NULL, '2025-08-01 13:11:00', 20),
  (935, 65, 3, 255, 'ADJUSTMENT', 'INITIAL_LOAD', NULL, '2025-08-01 13:11:20', 14), (936, 65, 4, 153, 'ADJUSTMENT', 'INITIAL_LOAD', NULL, '2025-08-01 13:11:40', 20),
  (937, 65, 5, 165, 'ADJUSTMENT', 'INITIAL_LOAD', NULL, '2025-08-01 13:12:00', 12), (938, 65, 7, 29, 'ADJUSTMENT', 'INITIAL_LOAD', NULL, '2025-08-01 13:12:20', 8),
  (939, 65, 8, 28, 'ADJUSTMENT', 'INITIAL_LOAD', NULL, '2025-08-01 13:12:40', 24), (940, 65, 9, 35, 'ADJUSTMENT', 'INITIAL_LOAD', NULL, '2025-08-01 13:13:00', 3),
  (941, 65, 11, 58, 'ADJUSTMENT', 'INITIAL_LOAD', NULL, '2025-08-01 13:13:20', 13), (942, 65, 12, 63, 'ADJUSTMENT', 'INITIAL_LOAD', NULL, '2025-08-01 13:13:40', 6),
  (943, 65, 13, 29, 'ADJUSTMENT', 'INITIAL_LOAD', NULL, '2025-08-01 13:14:00', 29), (944, 65, 14, 34, 'ADJUSTMENT', 'INITIAL_LOAD', NULL, '2025-08-01 13:14:20', 34),
  (945, 65, 15, 46, 'ADJUSTMENT', 'INITIAL_LOAD', NULL, '2025-08-01 13:14:40', 2), (946, 65, 16, 25, 'ADJUSTMENT', 'INITIAL_LOAD', NULL, '2025-08-01 13:15:00', 32),
  (947, 66, 1, 152, 'ADJUSTMENT', 'INITIAL_LOAD', NULL, '2025-08-01 13:15:20', 34), (948, 66, 2, 179, 'ADJUSTMENT', 'INITIAL_LOAD', NULL, '2025-08-01 13:15:40', 10),
  (949, 66, 3, 95, 'ADJUSTMENT', 'INITIAL_LOAD', NULL, '2025-08-01 13:16:00', 13), (950, 66, 4, 148, 'ADJUSTMENT', 'INITIAL_LOAD', NULL, '2025-08-01 13:16:20', 22),
  (951, 66, 5, 66, 'ADJUSTMENT', 'INITIAL_LOAD', NULL, '2025-08-01 13:16:40', 32), (952, 66, 6, 83, 'ADJUSTMENT', 'INITIAL_LOAD', NULL, '2025-08-01 13:17:00', 20),
  (953, 66, 7, 38, 'ADJUSTMENT', 'INITIAL_LOAD', NULL, '2025-08-01 13:17:20', 21), (954, 66, 8, 8, 'ADJUSTMENT', 'INITIAL_LOAD', NULL, '2025-08-01 13:17:40', 10),
  (955, 66, 9, 44, 'ADJUSTMENT', 'INITIAL_LOAD', NULL, '2025-08-01 13:18:00', 7), (956, 66, 10, 11, 'ADJUSTMENT', 'INITIAL_LOAD', NULL, '2025-08-01 13:18:20', 9),
  (957, 66, 11, 15, 'ADJUSTMENT', 'INITIAL_LOAD', NULL, '2025-08-01 13:18:40', 14), (958, 66, 12, 30, 'ADJUSTMENT', 'INITIAL_LOAD', NULL, '2025-08-01 13:19:00', 3),
  (959, 66, 13, 75, 'ADJUSTMENT', 'INITIAL_LOAD', NULL, '2025-08-01 13:19:20', 31), (960, 66, 14, 90, 'ADJUSTMENT', 'INITIAL_LOAD', NULL, '2025-08-01 13:19:40', 25),
  (961, 66, 15, 33, 'ADJUSTMENT', 'INITIAL_LOAD', NULL, '2025-08-01 13:20:00', 8), (962, 66, 16, 21, 'ADJUSTMENT', 'INITIAL_LOAD', NULL, '2025-08-01 13:20:20', 1),
  (963, 67, 1, 248, 'ADJUSTMENT', 'INITIAL_LOAD', NULL, '2025-08-01 13:20:40', 20), (964, 67, 2, 92, 'ADJUSTMENT', 'INITIAL_LOAD', NULL, '2025-08-01 13:21:00', 3),
  (965, 67, 3, 246, 'ADJUSTMENT', 'INITIAL_LOAD', NULL, '2025-08-01 13:21:20', 6), (966, 67, 4, 55, 'ADJUSTMENT', 'INITIAL_LOAD', NULL, '2025-08-01 13:21:40', 22),
  (967, 67, 5, 185, 'ADJUSTMENT', 'INITIAL_LOAD', NULL, '2025-08-01 13:22:00', 31), (968, 67, 6, 44, 'ADJUSTMENT', 'INITIAL_LOAD', NULL, '2025-08-01 13:22:20', 3),
  (969, 67, 7, 76, 'ADJUSTMENT', 'INITIAL_LOAD', NULL, '2025-08-01 13:22:40', 7), (970, 67, 8, 41, 'ADJUSTMENT', 'INITIAL_LOAD', NULL, '2025-08-01 13:23:00', 20),
  (971, 67, 9, 37, 'ADJUSTMENT', 'INITIAL_LOAD', NULL, '2025-08-01 13:23:20', 2), (972, 67, 10, 34, 'ADJUSTMENT', 'INITIAL_LOAD', NULL, '2025-08-01 13:23:40', 20),
  (973, 67, 11, 65, 'ADJUSTMENT', 'INITIAL_LOAD', NULL, '2025-08-01 13:24:00', 14), (974, 67, 12, 86, 'ADJUSTMENT', 'INITIAL_LOAD', NULL, '2025-08-01 13:24:20', 21),
  (975, 67, 13, 54, 'ADJUSTMENT', 'INITIAL_LOAD', NULL, '2025-08-01 13:24:40', 13), (976, 67, 14, 52, 'ADJUSTMENT', 'INITIAL_LOAD', NULL, '2025-08-01 13:25:00', 13),
  (977, 67, 15, 42, 'ADJUSTMENT', 'INITIAL_LOAD', NULL, '2025-08-01 13:25:20', 19), (978, 67, 16, 16, 'ADJUSTMENT', 'INITIAL_LOAD', NULL, '2025-08-01 13:25:40', 18),
  (979, 68, 1, 73, 'ADJUSTMENT', 'INITIAL_LOAD', NULL, '2025-08-01 13:26:00', 21), (980, 68, 2, 103, 'ADJUSTMENT', 'INITIAL_LOAD', NULL, '2025-08-01 13:26:20', 29),
  (981, 68, 3, 77, 'ADJUSTMENT', 'INITIAL_LOAD', NULL, '2025-08-01 13:26:40', 8), (982, 68, 4, 222, 'ADJUSTMENT', 'INITIAL_LOAD', NULL, '2025-08-01 13:27:00', 18),
  (983, 68, 5, 122, 'ADJUSTMENT', 'INITIAL_LOAD', NULL, '2025-08-01 13:27:20', 10), (984, 68, 6, 31, 'ADJUSTMENT', 'INITIAL_LOAD', NULL, '2025-08-01 13:27:40', 11),
  (985, 68, 7, 86, 'ADJUSTMENT', 'INITIAL_LOAD', NULL, '2025-08-01 13:28:00', 18), (986, 68, 8, 18, 'ADJUSTMENT', 'INITIAL_LOAD', NULL, '2025-08-01 13:28:20', 8),
  (987, 68, 9, 34, 'ADJUSTMENT', 'INITIAL_LOAD', NULL, '2025-08-01 13:28:40', 1), (988, 68, 10, 48, 'ADJUSTMENT', 'INITIAL_LOAD', NULL, '2025-08-01 13:29:00', 34),
  (989, 68, 11, 81, 'ADJUSTMENT', 'INITIAL_LOAD', NULL, '2025-08-01 13:29:20', 7), (990, 68, 12, 11, 'ADJUSTMENT', 'INITIAL_LOAD', NULL, '2025-08-01 13:29:40', 14),
  (991, 68, 13, 35, 'ADJUSTMENT', 'INITIAL_LOAD', NULL, '2025-08-01 13:30:00', 23), (992, 68, 14, 47, 'ADJUSTMENT', 'INITIAL_LOAD', NULL, '2025-08-01 13:30:20', 21),
  (993, 68, 15, 62, 'ADJUSTMENT', 'INITIAL_LOAD', NULL, '2025-08-01 13:30:40', 18), (994, 69, 1, 256, 'ADJUSTMENT', 'INITIAL_LOAD', NULL, '2025-08-01 13:31:00', 10),
  (995, 69, 2, 227, 'ADJUSTMENT', 'INITIAL_LOAD', NULL, '2025-08-01 13:31:20', 19), (996, 69, 3, 63, 'ADJUSTMENT', 'INITIAL_LOAD', NULL, '2025-08-01 13:31:40', 16),
  (997, 69, 4, 227, 'ADJUSTMENT', 'INITIAL_LOAD', NULL, '2025-08-01 13:32:00', 11), (998, 69, 5, 157, 'ADJUSTMENT', 'INITIAL_LOAD', NULL, '2025-08-01 13:32:20', 5),
  (999, 69, 6, 81, 'ADJUSTMENT', 'INITIAL_LOAD', NULL, '2025-08-01 13:32:40', 20), (1000, 69, 7, 45, 'ADJUSTMENT', 'INITIAL_LOAD', NULL, '2025-08-01 13:33:00', 22),
  (1001, 69, 8, 68, 'ADJUSTMENT', 'INITIAL_LOAD', NULL, '2025-08-01 13:33:20', 29), (1002, 69, 9, 54, 'ADJUSTMENT', 'INITIAL_LOAD', NULL, '2025-08-01 13:33:40', 4),
  (1003, 69, 10, 63, 'ADJUSTMENT', 'INITIAL_LOAD', NULL, '2025-08-01 13:34:00', 9), (1004, 69, 11, 36, 'ADJUSTMENT', 'INITIAL_LOAD', NULL, '2025-08-01 13:34:20', 2),
  (1005, 69, 13, 62, 'ADJUSTMENT', 'INITIAL_LOAD', NULL, '2025-08-01 13:34:40', 32), (1006, 69, 14, 87, 'ADJUSTMENT', 'INITIAL_LOAD', NULL, '2025-08-01 13:35:00', 4),
  (1007, 69, 16, 23, 'ADJUSTMENT', 'INITIAL_LOAD', NULL, '2025-08-01 13:35:20', 7), (1008, 70, 1, 277, 'ADJUSTMENT', 'INITIAL_LOAD', NULL, '2025-08-01 13:35:40', 25),
  (1009, 70, 2, 259, 'ADJUSTMENT', 'INITIAL_LOAD', NULL, '2025-08-01 13:36:00', 4), (1010, 70, 3, 80, 'ADJUSTMENT', 'INITIAL_LOAD', NULL, '2025-08-01 13:36:20', 6),
  (1011, 70, 4, 152, 'ADJUSTMENT', 'INITIAL_LOAD', NULL, '2025-08-01 13:36:40', 28), (1012, 70, 5, 156, 'ADJUSTMENT', 'INITIAL_LOAD', NULL, '2025-08-01 13:37:00', 26),
  (1013, 70, 6, 45, 'ADJUSTMENT', 'INITIAL_LOAD', NULL, '2025-08-01 13:37:20', 12), (1014, 70, 7, 54, 'ADJUSTMENT', 'INITIAL_LOAD', NULL, '2025-08-01 13:37:40', 29),
  (1015, 70, 8, 88, 'ADJUSTMENT', 'INITIAL_LOAD', NULL, '2025-08-01 13:38:00', 23), (1016, 70, 9, 83, 'ADJUSTMENT', 'INITIAL_LOAD', NULL, '2025-08-01 13:38:20', 20),
  (1017, 70, 11, 53, 'ADJUSTMENT', 'INITIAL_LOAD', NULL, '2025-08-01 13:38:40', 22), (1018, 70, 12, 47, 'ADJUSTMENT', 'INITIAL_LOAD', NULL, '2025-08-01 13:39:00', 13),
  (1019, 70, 14, 55, 'ADJUSTMENT', 'INITIAL_LOAD', NULL, '2025-08-01 13:39:20', 6), (1020, 70, 15, 89, 'ADJUSTMENT', 'INITIAL_LOAD', NULL, '2025-08-01 13:39:40', 31),
  (1021, 70, 16, 54, 'ADJUSTMENT', 'INITIAL_LOAD', NULL, '2025-08-01 13:40:00', 9), (1022, 71, 1, 220, 'ADJUSTMENT', 'INITIAL_LOAD', NULL, '2025-08-01 13:40:20', 6),
  (1023, 71, 2, 64, 'ADJUSTMENT', 'INITIAL_LOAD', NULL, '2025-08-01 13:40:40', 31), (1024, 71, 3, 40, 'ADJUSTMENT', 'INITIAL_LOAD', NULL, '2025-08-01 13:41:00', 7),
  (1025, 71, 4, 94, 'ADJUSTMENT', 'INITIAL_LOAD', NULL, '2025-08-01 13:41:20', 31), (1026, 71, 5, 162, 'ADJUSTMENT', 'INITIAL_LOAD', NULL, '2025-08-01 13:41:40', 20),
  (1027, 71, 6, 22, 'ADJUSTMENT', 'INITIAL_LOAD', NULL, '2025-08-01 13:42:00', 31), (1028, 71, 7, 46, 'ADJUSTMENT', 'INITIAL_LOAD', NULL, '2025-08-01 13:42:20', 32),
  (1029, 71, 9, 89, 'ADJUSTMENT', 'INITIAL_LOAD', NULL, '2025-08-01 13:42:40', 15), (1030, 71, 10, 15, 'ADJUSTMENT', 'INITIAL_LOAD', NULL, '2025-08-01 13:43:00', 15),
  (1031, 71, 11, 54, 'ADJUSTMENT', 'INITIAL_LOAD', NULL, '2025-08-01 13:43:20', 10), (1032, 71, 15, 56, 'ADJUSTMENT', 'INITIAL_LOAD', NULL, '2025-08-01 13:43:40', 17),
  (1033, 71, 16, 26, 'ADJUSTMENT', 'INITIAL_LOAD', NULL, '2025-08-01 13:44:00', 24), (1034, 72, 1, 248, 'ADJUSTMENT', 'INITIAL_LOAD', NULL, '2025-08-01 13:44:20', 26),
  (1035, 72, 2, 232, 'ADJUSTMENT', 'INITIAL_LOAD', NULL, '2025-08-01 13:44:40', 12), (1036, 72, 3, 263, 'ADJUSTMENT', 'INITIAL_LOAD', NULL, '2025-08-01 13:45:00', 22),
  (1037, 72, 4, 74, 'ADJUSTMENT', 'INITIAL_LOAD', NULL, '2025-08-01 13:45:20', 21), (1038, 72, 5, 204, 'ADJUSTMENT', 'INITIAL_LOAD', NULL, '2025-08-01 13:45:40', 31),
  (1039, 72, 6, 43, 'ADJUSTMENT', 'INITIAL_LOAD', NULL, '2025-08-01 13:46:00', 33), (1040, 72, 7, 67, 'ADJUSTMENT', 'INITIAL_LOAD', NULL, '2025-08-01 13:46:20', 2),
  (1041, 72, 8, 78, 'ADJUSTMENT', 'INITIAL_LOAD', NULL, '2025-08-01 13:46:40', 5), (1042, 72, 9, 56, 'ADJUSTMENT', 'INITIAL_LOAD', NULL, '2025-08-01 13:47:00', 32),
  (1043, 72, 10, 27, 'ADJUSTMENT', 'INITIAL_LOAD', NULL, '2025-08-01 13:47:20', 8), (1044, 72, 11, 19, 'ADJUSTMENT', 'INITIAL_LOAD', NULL, '2025-08-01 13:47:40', 23),
  (1045, 72, 12, 78, 'ADJUSTMENT', 'INITIAL_LOAD', NULL, '2025-08-01 13:48:00', 32), (1046, 72, 15, 15, 'ADJUSTMENT', 'INITIAL_LOAD', NULL, '2025-08-01 13:48:20', 31),
  (1047, 72, 16, 49, 'ADJUSTMENT', 'INITIAL_LOAD', NULL, '2025-08-01 13:48:40', 11), (1048, 73, 1, 149, 'ADJUSTMENT', 'INITIAL_LOAD', NULL, '2025-08-01 13:49:00', 19),
  (1049, 73, 2, 120, 'ADJUSTMENT', 'INITIAL_LOAD', NULL, '2025-08-01 13:49:20', 23), (1050, 73, 3, 242, 'ADJUSTMENT', 'INITIAL_LOAD', NULL, '2025-08-01 13:49:40', 9),
  (1051, 73, 4, 75, 'ADJUSTMENT', 'INITIAL_LOAD', NULL, '2025-08-01 13:50:00', 34), (1052, 73, 5, 103, 'ADJUSTMENT', 'INITIAL_LOAD', NULL, '2025-08-01 13:50:20', 7),
  (1053, 73, 6, 35, 'ADJUSTMENT', 'INITIAL_LOAD', NULL, '2025-08-01 13:50:40', 26), (1054, 73, 7, 31, 'ADJUSTMENT', 'INITIAL_LOAD', NULL, '2025-08-01 13:51:00', 7),
  (1055, 73, 8, 76, 'ADJUSTMENT', 'INITIAL_LOAD', NULL, '2025-08-01 13:51:20', 21), (1056, 73, 9, 36, 'ADJUSTMENT', 'INITIAL_LOAD', NULL, '2025-08-01 13:51:40', 5),
  (1057, 73, 10, 51, 'ADJUSTMENT', 'INITIAL_LOAD', NULL, '2025-08-01 13:52:00', 20), (1058, 73, 11, 84, 'ADJUSTMENT', 'INITIAL_LOAD', NULL, '2025-08-01 13:52:20', 31),
  (1059, 73, 12, 26, 'ADJUSTMENT', 'INITIAL_LOAD', NULL, '2025-08-01 13:52:40', 26), (1060, 73, 14, 50, 'ADJUSTMENT', 'INITIAL_LOAD', NULL, '2025-08-01 13:53:00', 27),
  (1061, 73, 15, 6, 'ADJUSTMENT', 'INITIAL_LOAD', NULL, '2025-08-01 13:53:20', 16), (1062, 73, 16, 57, 'ADJUSTMENT', 'INITIAL_LOAD', NULL, '2025-08-01 13:53:40', 16),
  (1063, 74, 1, 68, 'ADJUSTMENT', 'INITIAL_LOAD', NULL, '2025-08-01 13:54:00', 11), (1064, 74, 2, 101, 'ADJUSTMENT', 'INITIAL_LOAD', NULL, '2025-08-01 13:54:20', 32),
  (1065, 74, 3, 167, 'ADJUSTMENT', 'INITIAL_LOAD', NULL, '2025-08-01 13:54:40', 25), (1066, 74, 4, 203, 'ADJUSTMENT', 'INITIAL_LOAD', NULL, '2025-08-01 13:55:00', 5),
  (1067, 74, 5, 192, 'ADJUSTMENT', 'INITIAL_LOAD', NULL, '2025-08-01 13:55:20', 22), (1068, 74, 6, 9, 'ADJUSTMENT', 'INITIAL_LOAD', NULL, '2025-08-01 13:55:40', 14),
  (1069, 74, 7, 20, 'ADJUSTMENT', 'INITIAL_LOAD', NULL, '2025-08-01 13:56:00', 28), (1070, 74, 9, 72, 'ADJUSTMENT', 'INITIAL_LOAD', NULL, '2025-08-01 13:56:20', 28),
  (1071, 74, 10, 69, 'ADJUSTMENT', 'INITIAL_LOAD', NULL, '2025-08-01 13:56:40', 22), (1072, 74, 11, 60, 'ADJUSTMENT', 'INITIAL_LOAD', NULL, '2025-08-01 13:57:00', 16),
  (1073, 74, 14, 39, 'ADJUSTMENT', 'INITIAL_LOAD', NULL, '2025-08-01 13:57:20', 12), (1074, 74, 15, 7, 'ADJUSTMENT', 'INITIAL_LOAD', NULL, '2025-08-01 13:57:40', 5),
  (1075, 74, 16, 50, 'ADJUSTMENT', 'INITIAL_LOAD', NULL, '2025-08-01 13:58:00', 33), (1076, 75, 1, 200, 'ADJUSTMENT', 'INITIAL_LOAD', NULL, '2025-08-01 13:58:20', 8),
  (1077, 75, 2, 222, 'ADJUSTMENT', 'INITIAL_LOAD', NULL, '2025-08-01 13:58:40', 31), (1078, 75, 3, 168, 'ADJUSTMENT', 'INITIAL_LOAD', NULL, '2025-08-01 13:59:00', 21),
  (1079, 75, 4, 236, 'ADJUSTMENT', 'INITIAL_LOAD', NULL, '2025-08-01 13:59:20', 7), (1080, 75, 5, 146, 'ADJUSTMENT', 'INITIAL_LOAD', NULL, '2025-08-01 13:59:40', 29),
  (1081, 75, 6, 54, 'ADJUSTMENT', 'INITIAL_LOAD', NULL, '2025-08-01 14:00:00', 12), (1082, 75, 7, 10, 'ADJUSTMENT', 'INITIAL_LOAD', NULL, '2025-08-01 14:00:20', 20),
  (1083, 75, 8, 68, 'ADJUSTMENT', 'INITIAL_LOAD', NULL, '2025-08-01 14:00:40', 26), (1084, 75, 10, 34, 'ADJUSTMENT', 'INITIAL_LOAD', NULL, '2025-08-01 14:01:00', 5),
  (1085, 75, 11, 26, 'ADJUSTMENT', 'INITIAL_LOAD', NULL, '2025-08-01 14:01:20', 7), (1086, 75, 12, 19, 'ADJUSTMENT', 'INITIAL_LOAD', NULL, '2025-08-01 14:01:40', 25),
  (1087, 75, 13, 50, 'ADJUSTMENT', 'INITIAL_LOAD', NULL, '2025-08-01 14:02:00', 21), (1088, 75, 14, 83, 'ADJUSTMENT', 'INITIAL_LOAD', NULL, '2025-08-01 14:02:20', 33),
  (1089, 75, 15, 8, 'ADJUSTMENT', 'INITIAL_LOAD', NULL, '2025-08-01 14:02:40', 4), (1090, 75, 16, 55, 'ADJUSTMENT', 'INITIAL_LOAD', NULL, '2025-08-01 14:03:00', 6),
  (1091, 76, 1, 256, 'ADJUSTMENT', 'INITIAL_LOAD', NULL, '2025-08-01 14:03:20', 14), (1092, 76, 2, 101, 'ADJUSTMENT', 'INITIAL_LOAD', NULL, '2025-08-01 14:03:40', 9),
  (1093, 76, 3, 54, 'ADJUSTMENT', 'INITIAL_LOAD', NULL, '2025-08-01 14:04:00', 1), (1094, 76, 4, 102, 'ADJUSTMENT', 'INITIAL_LOAD', NULL, '2025-08-01 14:04:20', 10),
  (1095, 76, 5, 62, 'ADJUSTMENT', 'INITIAL_LOAD', NULL, '2025-08-01 14:04:40', 10), (1096, 76, 7, 78, 'ADJUSTMENT', 'INITIAL_LOAD', NULL, '2025-08-01 14:05:00', 29),
  (1097, 76, 8, 39, 'ADJUSTMENT', 'INITIAL_LOAD', NULL, '2025-08-01 14:05:20', 19), (1098, 76, 9, 84, 'ADJUSTMENT', 'INITIAL_LOAD', NULL, '2025-08-01 14:05:40', 25),
  (1099, 76, 11, 55, 'ADJUSTMENT', 'INITIAL_LOAD', NULL, '2025-08-01 14:06:00', 29), (1100, 76, 12, 20, 'ADJUSTMENT', 'INITIAL_LOAD', NULL, '2025-08-01 14:06:20', 13),
  (1101, 76, 13, 60, 'ADJUSTMENT', 'INITIAL_LOAD', NULL, '2025-08-01 14:06:40', 14), (1102, 76, 15, 16, 'ADJUSTMENT', 'INITIAL_LOAD', NULL, '2025-08-01 14:07:00', 21),
  (1103, 76, 16, 34, 'ADJUSTMENT', 'INITIAL_LOAD', NULL, '2025-08-01 14:07:20', 20), (1104, 77, 1, 70, 'ADJUSTMENT', 'INITIAL_LOAD', NULL, '2025-08-01 14:07:40', 20),
  (1105, 77, 2, 237, 'ADJUSTMENT', 'INITIAL_LOAD', NULL, '2025-08-01 14:08:00', 28), (1106, 77, 3, 270, 'ADJUSTMENT', 'INITIAL_LOAD', NULL, '2025-08-01 14:08:20', 23),
  (1107, 77, 4, 47, 'ADJUSTMENT', 'INITIAL_LOAD', NULL, '2025-08-01 14:08:40', 6), (1108, 77, 5, 125, 'ADJUSTMENT', 'INITIAL_LOAD', NULL, '2025-08-01 14:09:00', 1),
  (1109, 77, 6, 54, 'ADJUSTMENT', 'INITIAL_LOAD', NULL, '2025-08-01 14:09:20', 34), (1110, 77, 7, 40, 'ADJUSTMENT', 'INITIAL_LOAD', NULL, '2025-08-01 14:09:40', 26),
  (1111, 77, 8, 73, 'ADJUSTMENT', 'INITIAL_LOAD', NULL, '2025-08-01 14:10:00', 9), (1112, 77, 9, 63, 'ADJUSTMENT', 'INITIAL_LOAD', NULL, '2025-08-01 14:10:20', 19),
  (1113, 77, 12, 20, 'ADJUSTMENT', 'INITIAL_LOAD', NULL, '2025-08-01 14:10:40', 4), (1114, 77, 13, 53, 'ADJUSTMENT', 'INITIAL_LOAD', NULL, '2025-08-01 14:11:00', 24),
  (1115, 77, 14, 86, 'ADJUSTMENT', 'INITIAL_LOAD', NULL, '2025-08-01 14:11:20', 4), (1116, 77, 15, 29, 'ADJUSTMENT', 'INITIAL_LOAD', NULL, '2025-08-01 14:11:40', 1),
  (1117, 78, 1, 260, 'ADJUSTMENT', 'INITIAL_LOAD', NULL, '2025-08-01 14:12:00', 23), (1118, 78, 2, 43, 'ADJUSTMENT', 'INITIAL_LOAD', NULL, '2025-08-01 14:12:20', 8),
  (1119, 78, 3, 102, 'ADJUSTMENT', 'INITIAL_LOAD', NULL, '2025-08-01 14:12:40', 19), (1120, 78, 4, 51, 'ADJUSTMENT', 'INITIAL_LOAD', NULL, '2025-08-01 14:13:00', 2),
  (1121, 78, 5, 160, 'ADJUSTMENT', 'INITIAL_LOAD', NULL, '2025-08-01 14:13:20', 16), (1122, 78, 6, 46, 'ADJUSTMENT', 'INITIAL_LOAD', NULL, '2025-08-01 14:13:40', 28),
  (1123, 78, 8, 4, 'ADJUSTMENT', 'INITIAL_LOAD', NULL, '2025-08-01 14:14:00', 26), (1124, 78, 9, 83, 'ADJUSTMENT', 'INITIAL_LOAD', NULL, '2025-08-01 14:14:20', 21),
  (1125, 78, 10, 41, 'ADJUSTMENT', 'INITIAL_LOAD', NULL, '2025-08-01 14:14:40', 25), (1126, 78, 11, 40, 'ADJUSTMENT', 'INITIAL_LOAD', NULL, '2025-08-01 14:15:00', 26),
  (1127, 78, 12, 45, 'ADJUSTMENT', 'INITIAL_LOAD', NULL, '2025-08-01 14:15:20', 25), (1128, 78, 13, 56, 'ADJUSTMENT', 'INITIAL_LOAD', NULL, '2025-08-01 14:15:40', 28),
  (1129, 78, 15, 66, 'ADJUSTMENT', 'INITIAL_LOAD', NULL, '2025-08-01 14:16:00', 14), (1130, 78, 16, 9, 'ADJUSTMENT', 'INITIAL_LOAD', NULL, '2025-08-01 14:16:20', 12),
  (1131, 79, 1, 159, 'ADJUSTMENT', 'INITIAL_LOAD', NULL, '2025-08-01 14:16:40', 32), (1132, 79, 2, 261, 'ADJUSTMENT', 'INITIAL_LOAD', NULL, '2025-08-01 14:17:00', 9),
  (1133, 79, 3, 112, 'ADJUSTMENT', 'INITIAL_LOAD', NULL, '2025-08-01 14:17:20', 13), (1134, 79, 4, 238, 'ADJUSTMENT', 'INITIAL_LOAD', NULL, '2025-08-01 14:17:40', 25),
  (1135, 79, 5, 256, 'ADJUSTMENT', 'INITIAL_LOAD', NULL, '2025-08-01 14:18:00', 24), (1136, 79, 6, 42, 'ADJUSTMENT', 'INITIAL_LOAD', NULL, '2025-08-01 14:18:20', 27),
  (1137, 79, 7, 70, 'ADJUSTMENT', 'INITIAL_LOAD', NULL, '2025-08-01 14:18:40', 10), (1138, 79, 8, 47, 'ADJUSTMENT', 'INITIAL_LOAD', NULL, '2025-08-01 14:19:00', 19),
  (1139, 79, 9, 72, 'ADJUSTMENT', 'INITIAL_LOAD', NULL, '2025-08-01 14:19:20', 9), (1140, 79, 10, 79, 'ADJUSTMENT', 'INITIAL_LOAD', NULL, '2025-08-01 14:19:40', 9),
  (1141, 79, 11, 47, 'ADJUSTMENT', 'INITIAL_LOAD', NULL, '2025-08-01 14:20:00', 1), (1142, 79, 12, 63, 'ADJUSTMENT', 'INITIAL_LOAD', NULL, '2025-08-01 14:20:20', 5),
  (1143, 79, 13, 25, 'ADJUSTMENT', 'INITIAL_LOAD', NULL, '2025-08-01 14:20:40', 2), (1144, 79, 14, 69, 'ADJUSTMENT', 'INITIAL_LOAD', NULL, '2025-08-01 14:21:00', 10),
  (1145, 79, 15, 38, 'ADJUSTMENT', 'INITIAL_LOAD', NULL, '2025-08-01 14:21:20', 33), (1146, 80, 1, 178, 'ADJUSTMENT', 'INITIAL_LOAD', NULL, '2025-08-01 14:21:40', 28),
  (1147, 80, 2, 128, 'ADJUSTMENT', 'INITIAL_LOAD', NULL, '2025-08-01 14:22:00', 9), (1148, 80, 3, 202, 'ADJUSTMENT', 'INITIAL_LOAD', NULL, '2025-08-01 14:22:20', 6),
  (1149, 80, 4, 254, 'ADJUSTMENT', 'INITIAL_LOAD', NULL, '2025-08-01 14:22:40', 9), (1150, 80, 5, 217, 'ADJUSTMENT', 'INITIAL_LOAD', NULL, '2025-08-01 14:23:00', 27),
  (1151, 80, 6, 42, 'ADJUSTMENT', 'INITIAL_LOAD', NULL, '2025-08-01 14:23:20', 31), (1152, 80, 8, 48, 'ADJUSTMENT', 'INITIAL_LOAD', NULL, '2025-08-01 14:23:40', 28),
  (1153, 80, 10, 67, 'ADJUSTMENT', 'INITIAL_LOAD', NULL, '2025-08-01 14:24:00', 12), (1154, 80, 11, 53, 'ADJUSTMENT', 'INITIAL_LOAD', NULL, '2025-08-01 14:24:20', 31),
  (1155, 80, 12, 7, 'ADJUSTMENT', 'INITIAL_LOAD', NULL, '2025-08-01 14:24:40', 34), (1156, 80, 13, 39, 'ADJUSTMENT', 'INITIAL_LOAD', NULL, '2025-08-01 14:25:00', 28),
  (1157, 80, 15, 29, 'ADJUSTMENT', 'INITIAL_LOAD', NULL, '2025-08-01 14:25:20', 29), (1158, 80, 16, 66, 'ADJUSTMENT', 'INITIAL_LOAD', NULL, '2025-08-01 14:25:40', 25),
  (1159, 81, 1, 269, 'ADJUSTMENT', 'INITIAL_LOAD', NULL, '2025-08-01 14:26:00', 23), (1160, 81, 2, 135, 'ADJUSTMENT', 'INITIAL_LOAD', NULL, '2025-08-01 14:26:20', 15),
  (1161, 81, 3, 157, 'ADJUSTMENT', 'INITIAL_LOAD', NULL, '2025-08-01 14:26:40', 12), (1162, 81, 4, 231, 'ADJUSTMENT', 'INITIAL_LOAD', NULL, '2025-08-01 14:27:00', 28),
  (1163, 81, 5, 61, 'ADJUSTMENT', 'INITIAL_LOAD', NULL, '2025-08-01 14:27:20', 1), (1164, 81, 7, 46, 'ADJUSTMENT', 'INITIAL_LOAD', NULL, '2025-08-01 14:27:40', 33),
  (1165, 81, 8, 29, 'ADJUSTMENT', 'INITIAL_LOAD', NULL, '2025-08-01 14:28:00', 16), (1166, 81, 10, 84, 'ADJUSTMENT', 'INITIAL_LOAD', NULL, '2025-08-01 14:28:20', 34),
  (1167, 81, 11, 30, 'ADJUSTMENT', 'INITIAL_LOAD', NULL, '2025-08-01 14:28:40', 18), (1168, 81, 12, 40, 'ADJUSTMENT', 'INITIAL_LOAD', NULL, '2025-08-01 14:29:00', 27),
  (1169, 81, 13, 50, 'ADJUSTMENT', 'INITIAL_LOAD', NULL, '2025-08-01 14:29:20', 24), (1170, 81, 14, 41, 'ADJUSTMENT', 'INITIAL_LOAD', NULL, '2025-08-01 14:29:40', 3),
  (1171, 81, 15, 34, 'ADJUSTMENT', 'INITIAL_LOAD', NULL, '2025-08-01 14:30:00', 3), (1172, 82, 1, 237, 'ADJUSTMENT', 'INITIAL_LOAD', NULL, '2025-08-01 14:30:20', 32),
  (1173, 82, 2, 189, 'ADJUSTMENT', 'INITIAL_LOAD', NULL, '2025-08-01 14:30:40', 24), (1174, 82, 3, 67, 'ADJUSTMENT', 'INITIAL_LOAD', NULL, '2025-08-01 14:31:00', 8),
  (1175, 82, 4, 79, 'ADJUSTMENT', 'INITIAL_LOAD', NULL, '2025-08-01 14:31:20', 32), (1176, 82, 5, 67, 'ADJUSTMENT', 'INITIAL_LOAD', NULL, '2025-08-01 14:31:40', 6),
  (1177, 82, 6, 21, 'ADJUSTMENT', 'INITIAL_LOAD', NULL, '2025-08-01 14:32:00', 10), (1178, 82, 7, 40, 'ADJUSTMENT', 'INITIAL_LOAD', NULL, '2025-08-01 14:32:20', 18),
  (1179, 82, 8, 68, 'ADJUSTMENT', 'INITIAL_LOAD', NULL, '2025-08-01 14:32:40', 31), (1180, 82, 9, 26, 'ADJUSTMENT', 'INITIAL_LOAD', NULL, '2025-08-01 14:33:00', 6),
  (1181, 82, 10, 59, 'ADJUSTMENT', 'INITIAL_LOAD', NULL, '2025-08-01 14:33:20', 6), (1182, 82, 12, 87, 'ADJUSTMENT', 'INITIAL_LOAD', NULL, '2025-08-01 14:33:40', 16),
  (1183, 82, 13, 90, 'ADJUSTMENT', 'INITIAL_LOAD', NULL, '2025-08-01 14:34:00', 32), (1184, 82, 14, 5, 'ADJUSTMENT', 'INITIAL_LOAD', NULL, '2025-08-01 14:34:20', 5),
  (1185, 82, 15, 38, 'ADJUSTMENT', 'INITIAL_LOAD', NULL, '2025-08-01 14:34:40', 20), (1186, 82, 16, 31, 'ADJUSTMENT', 'INITIAL_LOAD', NULL, '2025-08-01 14:35:00', 4),
  (1187, 83, 1, 141, 'ADJUSTMENT', 'INITIAL_LOAD', NULL, '2025-08-01 14:35:20', 22), (1188, 83, 2, 171, 'ADJUSTMENT', 'INITIAL_LOAD', NULL, '2025-08-01 14:35:40', 1),
  (1189, 83, 3, 52, 'ADJUSTMENT', 'INITIAL_LOAD', NULL, '2025-08-01 14:36:00', 32), (1190, 83, 4, 213, 'ADJUSTMENT', 'INITIAL_LOAD', NULL, '2025-08-01 14:36:20', 31),
  (1191, 83, 5, 116, 'ADJUSTMENT', 'INITIAL_LOAD', NULL, '2025-08-01 14:36:40', 34), (1192, 83, 6, 51, 'ADJUSTMENT', 'INITIAL_LOAD', NULL, '2025-08-01 14:37:00', 32),
  (1193, 83, 8, 51, 'ADJUSTMENT', 'INITIAL_LOAD', NULL, '2025-08-01 14:37:20', 22), (1194, 83, 9, 71, 'ADJUSTMENT', 'INITIAL_LOAD', NULL, '2025-08-01 14:37:40', 27),
  (1195, 83, 10, 30, 'ADJUSTMENT', 'INITIAL_LOAD', NULL, '2025-08-01 14:38:00', 23), (1196, 83, 11, 13, 'ADJUSTMENT', 'INITIAL_LOAD', NULL, '2025-08-01 14:38:20', 19),
  (1197, 83, 12, 38, 'ADJUSTMENT', 'INITIAL_LOAD', NULL, '2025-08-01 14:38:40', 19), (1198, 83, 13, 7, 'ADJUSTMENT', 'INITIAL_LOAD', NULL, '2025-08-01 14:39:00', 11),
  (1199, 83, 15, 51, 'ADJUSTMENT', 'INITIAL_LOAD', NULL, '2025-08-01 14:39:20', 3), (1200, 83, 16, 80, 'ADJUSTMENT', 'INITIAL_LOAD', NULL, '2025-08-01 14:39:40', 20),
  (1201, 84, 1, 61, 'ADJUSTMENT', 'INITIAL_LOAD', NULL, '2025-08-01 14:40:00', 17), (1202, 84, 2, 189, 'ADJUSTMENT', 'INITIAL_LOAD', NULL, '2025-08-01 14:40:20', 4),
  (1203, 84, 3, 190, 'ADJUSTMENT', 'INITIAL_LOAD', NULL, '2025-08-01 14:40:40', 32), (1204, 84, 4, 106, 'ADJUSTMENT', 'INITIAL_LOAD', NULL, '2025-08-01 14:41:00', 11),
  (1205, 84, 5, 274, 'ADJUSTMENT', 'INITIAL_LOAD', NULL, '2025-08-01 14:41:20', 4), (1206, 84, 8, 82, 'ADJUSTMENT', 'INITIAL_LOAD', NULL, '2025-08-01 14:41:40', 19),
  (1207, 84, 10, 40, 'ADJUSTMENT', 'INITIAL_LOAD', NULL, '2025-08-01 14:42:00', 2), (1208, 84, 11, 21, 'ADJUSTMENT', 'INITIAL_LOAD', NULL, '2025-08-01 14:42:20', 19),
  (1209, 84, 12, 73, 'ADJUSTMENT', 'INITIAL_LOAD', NULL, '2025-08-01 14:42:40', 33), (1210, 84, 13, 50, 'ADJUSTMENT', 'INITIAL_LOAD', NULL, '2025-08-01 14:43:00', 6),
  (1211, 84, 14, 48, 'ADJUSTMENT', 'INITIAL_LOAD', NULL, '2025-08-01 14:43:20', 9), (1212, 84, 15, 30, 'ADJUSTMENT', 'INITIAL_LOAD', NULL, '2025-08-01 14:43:40', 34),
  (1213, 84, 16, 23, 'ADJUSTMENT', 'INITIAL_LOAD', NULL, '2025-08-01 14:44:00', 5), (1214, 85, 1, 154, 'ADJUSTMENT', 'INITIAL_LOAD', NULL, '2025-08-01 14:44:20', 18),
  (1215, 85, 2, 266, 'ADJUSTMENT', 'INITIAL_LOAD', NULL, '2025-08-01 14:44:40', 17), (1216, 85, 3, 78, 'ADJUSTMENT', 'INITIAL_LOAD', NULL, '2025-08-01 14:45:00', 9),
  (1217, 85, 4, 48, 'ADJUSTMENT', 'INITIAL_LOAD', NULL, '2025-08-01 14:45:20', 18), (1218, 85, 5, 197, 'ADJUSTMENT', 'INITIAL_LOAD', NULL, '2025-08-01 14:45:40', 18),
  (1219, 85, 6, 79, 'ADJUSTMENT', 'INITIAL_LOAD', NULL, '2025-08-01 14:46:00', 17), (1220, 85, 7, 82, 'ADJUSTMENT', 'INITIAL_LOAD', NULL, '2025-08-01 14:46:20', 1),
  (1221, 85, 8, 52, 'ADJUSTMENT', 'INITIAL_LOAD', NULL, '2025-08-01 14:46:40', 8), (1222, 85, 9, 46, 'ADJUSTMENT', 'INITIAL_LOAD', NULL, '2025-08-01 14:47:00', 12),
  (1223, 85, 10, 35, 'ADJUSTMENT', 'INITIAL_LOAD', NULL, '2025-08-01 14:47:20', 10), (1224, 85, 11, 45, 'ADJUSTMENT', 'INITIAL_LOAD', NULL, '2025-08-01 14:47:40', 29),
  (1225, 85, 12, 67, 'ADJUSTMENT', 'INITIAL_LOAD', NULL, '2025-08-01 14:48:00', 24), (1226, 85, 13, 69, 'ADJUSTMENT', 'INITIAL_LOAD', NULL, '2025-08-01 14:48:20', 12),
  (1227, 85, 14, 48, 'ADJUSTMENT', 'INITIAL_LOAD', NULL, '2025-08-01 14:48:40', 17), (1228, 85, 15, 45, 'ADJUSTMENT', 'INITIAL_LOAD', NULL, '2025-08-01 14:49:00', 16),
  (1229, 85, 16, 62, 'ADJUSTMENT', 'INITIAL_LOAD', NULL, '2025-08-01 14:49:20', 33), (1230, 86, 1, 184, 'ADJUSTMENT', 'INITIAL_LOAD', NULL, '2025-08-01 14:49:40', 12),
  (1231, 86, 2, 168, 'ADJUSTMENT', 'INITIAL_LOAD', NULL, '2025-08-01 14:50:00', 3), (1232, 86, 3, 122, 'ADJUSTMENT', 'INITIAL_LOAD', NULL, '2025-08-01 14:50:20', 22),
  (1233, 86, 4, 139, 'ADJUSTMENT', 'INITIAL_LOAD', NULL, '2025-08-01 14:50:40', 6), (1234, 86, 5, 109, 'ADJUSTMENT', 'INITIAL_LOAD', NULL, '2025-08-01 14:51:00', 10),
  (1235, 86, 6, 16, 'ADJUSTMENT', 'INITIAL_LOAD', NULL, '2025-08-01 14:51:20', 10), (1236, 86, 7, 76, 'ADJUSTMENT', 'INITIAL_LOAD', NULL, '2025-08-01 14:51:40', 33),
  (1237, 86, 8, 39, 'ADJUSTMENT', 'INITIAL_LOAD', NULL, '2025-08-01 14:52:00', 27), (1238, 86, 9, 60, 'ADJUSTMENT', 'INITIAL_LOAD', NULL, '2025-08-01 14:52:20', 25),
  (1239, 86, 10, 74, 'ADJUSTMENT', 'INITIAL_LOAD', NULL, '2025-08-01 14:52:40', 16), (1240, 86, 11, 46, 'ADJUSTMENT', 'INITIAL_LOAD', NULL, '2025-08-01 14:53:00', 29),
  (1241, 86, 12, 84, 'ADJUSTMENT', 'INITIAL_LOAD', NULL, '2025-08-01 14:53:20', 11), (1242, 86, 13, 68, 'ADJUSTMENT', 'INITIAL_LOAD', NULL, '2025-08-01 14:53:40', 14),
  (1243, 86, 14, 7, 'ADJUSTMENT', 'INITIAL_LOAD', NULL, '2025-08-01 14:54:00', 23), (1244, 86, 15, 28, 'ADJUSTMENT', 'INITIAL_LOAD', NULL, '2025-08-01 14:54:20', 4),
  (1245, 86, 16, 49, 'ADJUSTMENT', 'INITIAL_LOAD', NULL, '2025-08-01 14:54:40', 17), (1246, 87, 1, 254, 'ADJUSTMENT', 'INITIAL_LOAD', NULL, '2025-08-01 14:55:00', 8),
  (1247, 87, 2, 256, 'ADJUSTMENT', 'INITIAL_LOAD', NULL, '2025-08-01 14:55:20', 4), (1248, 87, 3, 84, 'ADJUSTMENT', 'INITIAL_LOAD', NULL, '2025-08-01 14:55:40', 11),
  (1249, 87, 4, 85, 'ADJUSTMENT', 'INITIAL_LOAD', NULL, '2025-08-01 14:56:00', 31), (1250, 87, 5, 100, 'ADJUSTMENT', 'INITIAL_LOAD', NULL, '2025-08-01 14:56:20', 26),
  (1251, 87, 6, 75, 'ADJUSTMENT', 'INITIAL_LOAD', NULL, '2025-08-01 14:56:40', 32), (1252, 87, 7, 89, 'ADJUSTMENT', 'INITIAL_LOAD', NULL, '2025-08-01 14:57:00', 20),
  (1253, 87, 9, 89, 'ADJUSTMENT', 'INITIAL_LOAD', NULL, '2025-08-01 14:57:20', 32), (1254, 87, 10, 72, 'ADJUSTMENT', 'INITIAL_LOAD', NULL, '2025-08-01 14:57:40', 15),
  (1255, 87, 11, 72, 'ADJUSTMENT', 'INITIAL_LOAD', NULL, '2025-08-01 14:58:00', 25), (1256, 87, 12, 63, 'ADJUSTMENT', 'INITIAL_LOAD', NULL, '2025-08-01 14:58:20', 25),
  (1257, 87, 13, 22, 'ADJUSTMENT', 'INITIAL_LOAD', NULL, '2025-08-01 14:58:40', 32), (1258, 87, 15, 77, 'ADJUSTMENT', 'INITIAL_LOAD', NULL, '2025-08-01 14:59:00', 17),
  (1259, 87, 16, 67, 'ADJUSTMENT', 'INITIAL_LOAD', NULL, '2025-08-01 14:59:20', 10), (1260, 88, 1, 124, 'ADJUSTMENT', 'INITIAL_LOAD', NULL, '2025-08-01 14:59:40', 28),
  (1261, 88, 2, 274, 'ADJUSTMENT', 'INITIAL_LOAD', NULL, '2025-08-01 15:00:00', 1), (1262, 88, 3, 197, 'ADJUSTMENT', 'INITIAL_LOAD', NULL, '2025-08-01 15:00:20', 19),
  (1263, 88, 4, 91, 'ADJUSTMENT', 'INITIAL_LOAD', NULL, '2025-08-01 15:00:40', 29), (1264, 88, 5, 246, 'ADJUSTMENT', 'INITIAL_LOAD', NULL, '2025-08-01 15:01:00', 25),
  (1265, 88, 6, 16, 'ADJUSTMENT', 'INITIAL_LOAD', NULL, '2025-08-01 15:01:20', 21), (1266, 88, 7, 22, 'ADJUSTMENT', 'INITIAL_LOAD', NULL, '2025-08-01 15:01:40', 3),
  (1267, 88, 8, 51, 'ADJUSTMENT', 'INITIAL_LOAD', NULL, '2025-08-01 15:02:00', 7), (1268, 88, 9, 18, 'ADJUSTMENT', 'INITIAL_LOAD', NULL, '2025-08-01 15:02:20', 23),
  (1269, 88, 10, 18, 'ADJUSTMENT', 'INITIAL_LOAD', NULL, '2025-08-01 15:02:40', 28), (1270, 88, 11, 67, 'ADJUSTMENT', 'INITIAL_LOAD', NULL, '2025-08-01 15:03:00', 18),
  (1271, 88, 12, 9, 'ADJUSTMENT', 'INITIAL_LOAD', NULL, '2025-08-01 15:03:20', 22), (1272, 88, 13, 84, 'ADJUSTMENT', 'INITIAL_LOAD', NULL, '2025-08-01 15:03:40', 18),
  (1273, 88, 14, 12, 'ADJUSTMENT', 'INITIAL_LOAD', NULL, '2025-08-01 15:04:00', 18), (1274, 88, 15, 17, 'ADJUSTMENT', 'INITIAL_LOAD', NULL, '2025-08-01 15:04:20', 7),
  (1275, 88, 16, 20, 'ADJUSTMENT', 'INITIAL_LOAD', NULL, '2025-08-01 15:04:40', 17), (1276, 89, 1, 151, 'ADJUSTMENT', 'INITIAL_LOAD', NULL, '2025-08-01 15:05:00', 26),
  (1277, 89, 2, 242, 'ADJUSTMENT', 'INITIAL_LOAD', NULL, '2025-08-01 15:05:20', 31), (1278, 89, 3, 203, 'ADJUSTMENT', 'INITIAL_LOAD', NULL, '2025-08-01 15:05:40', 16),
  (1279, 89, 4, 164, 'ADJUSTMENT', 'INITIAL_LOAD', NULL, '2025-08-01 15:06:00', 13), (1280, 89, 5, 206, 'ADJUSTMENT', 'INITIAL_LOAD', NULL, '2025-08-01 15:06:20', 22),
  (1281, 89, 6, 60, 'ADJUSTMENT', 'INITIAL_LOAD', NULL, '2025-08-01 15:06:40', 12), (1282, 89, 7, 71, 'ADJUSTMENT', 'INITIAL_LOAD', NULL, '2025-08-01 15:07:00', 21),
  (1283, 89, 8, 78, 'ADJUSTMENT', 'INITIAL_LOAD', NULL, '2025-08-01 15:07:20', 1), (1284, 89, 9, 28, 'ADJUSTMENT', 'INITIAL_LOAD', NULL, '2025-08-01 15:07:40', 1),
  (1285, 89, 10, 51, 'ADJUSTMENT', 'INITIAL_LOAD', NULL, '2025-08-01 15:08:00', 5), (1286, 89, 11, 88, 'ADJUSTMENT', 'INITIAL_LOAD', NULL, '2025-08-01 15:08:20', 1),
  (1287, 89, 12, 22, 'ADJUSTMENT', 'INITIAL_LOAD', NULL, '2025-08-01 15:08:40', 27), (1288, 89, 13, 89, 'ADJUSTMENT', 'INITIAL_LOAD', NULL, '2025-08-01 15:09:00', 7),
  (1289, 89, 14, 50, 'ADJUSTMENT', 'INITIAL_LOAD', NULL, '2025-08-01 15:09:20', 7), (1290, 89, 16, 77, 'ADJUSTMENT', 'INITIAL_LOAD', NULL, '2025-08-01 15:09:40', 29),
  (1291, 90, 1, 247, 'ADJUSTMENT', 'INITIAL_LOAD', NULL, '2025-08-01 15:10:00', 23), (1292, 90, 2, 196, 'ADJUSTMENT', 'INITIAL_LOAD', NULL, '2025-08-01 15:10:20', 15),
  (1293, 90, 3, 96, 'ADJUSTMENT', 'INITIAL_LOAD', NULL, '2025-08-01 15:10:40', 19), (1294, 90, 4, 203, 'ADJUSTMENT', 'INITIAL_LOAD', NULL, '2025-08-01 15:11:00', 17),
  (1295, 90, 5, 184, 'ADJUSTMENT', 'INITIAL_LOAD', NULL, '2025-08-01 15:11:20', 13), (1296, 90, 6, 48, 'ADJUSTMENT', 'INITIAL_LOAD', NULL, '2025-08-01 15:11:40', 3),
  (1297, 90, 7, 18, 'ADJUSTMENT', 'INITIAL_LOAD', NULL, '2025-08-01 15:12:00', 2), (1298, 90, 8, 42, 'ADJUSTMENT', 'INITIAL_LOAD', NULL, '2025-08-01 15:12:20', 6),
  (1299, 90, 10, 11, 'ADJUSTMENT', 'INITIAL_LOAD', NULL, '2025-08-01 15:12:40', 4), (1300, 90, 11, 85, 'ADJUSTMENT', 'INITIAL_LOAD', NULL, '2025-08-01 15:13:00', 14),
  (1301, 90, 12, 42, 'ADJUSTMENT', 'INITIAL_LOAD', NULL, '2025-08-01 15:13:20', 8), (1302, 90, 13, 33, 'ADJUSTMENT', 'INITIAL_LOAD', NULL, '2025-08-01 15:13:40', 8),
  (1303, 90, 14, 59, 'ADJUSTMENT', 'INITIAL_LOAD', NULL, '2025-08-01 15:14:00', 6), (1304, 90, 15, 32, 'ADJUSTMENT', 'INITIAL_LOAD', NULL, '2025-08-01 15:14:20', 9),
  (1305, 91, 1, 152, 'ADJUSTMENT', 'INITIAL_LOAD', NULL, '2025-08-01 15:14:40', 25), (1306, 91, 2, 227, 'ADJUSTMENT', 'INITIAL_LOAD', NULL, '2025-08-01 15:15:00', 12),
  (1307, 91, 3, 147, 'ADJUSTMENT', 'INITIAL_LOAD', NULL, '2025-08-01 15:15:20', 8), (1308, 91, 4, 82, 'ADJUSTMENT', 'INITIAL_LOAD', NULL, '2025-08-01 15:15:40', 12),
  (1309, 91, 5, 266, 'ADJUSTMENT', 'INITIAL_LOAD', NULL, '2025-08-01 15:16:00', 17), (1310, 91, 6, 52, 'ADJUSTMENT', 'INITIAL_LOAD', NULL, '2025-08-01 15:16:20', 19),
  (1311, 91, 7, 48, 'ADJUSTMENT', 'INITIAL_LOAD', NULL, '2025-08-01 15:16:40', 31), (1312, 91, 9, 61, 'ADJUSTMENT', 'INITIAL_LOAD', NULL, '2025-08-01 15:17:00', 5),
  (1313, 91, 10, 73, 'ADJUSTMENT', 'INITIAL_LOAD', NULL, '2025-08-01 15:17:20', 31), (1314, 91, 11, 87, 'ADJUSTMENT', 'INITIAL_LOAD', NULL, '2025-08-01 15:17:40', 18),
  (1315, 91, 13, 4, 'ADJUSTMENT', 'INITIAL_LOAD', NULL, '2025-08-01 15:18:00', 28), (1316, 91, 14, 40, 'ADJUSTMENT', 'INITIAL_LOAD', NULL, '2025-08-01 15:18:20', 21),
  (1317, 91, 15, 7, 'ADJUSTMENT', 'INITIAL_LOAD', NULL, '2025-08-01 15:18:40', 17), (1318, 91, 16, 35, 'ADJUSTMENT', 'INITIAL_LOAD', NULL, '2025-08-01 15:19:00', 11),
  (1319, 92, 1, 81, 'ADJUSTMENT', 'INITIAL_LOAD', NULL, '2025-08-01 15:19:20', 5), (1320, 92, 2, 227, 'ADJUSTMENT', 'INITIAL_LOAD', NULL, '2025-08-01 15:19:40', 18),
  (1321, 92, 3, 59, 'ADJUSTMENT', 'INITIAL_LOAD', NULL, '2025-08-01 15:20:00', 4), (1322, 92, 4, 180, 'ADJUSTMENT', 'INITIAL_LOAD', NULL, '2025-08-01 15:20:20', 25),
  (1323, 92, 5, 269, 'ADJUSTMENT', 'INITIAL_LOAD', NULL, '2025-08-01 15:20:40', 25), (1324, 92, 6, 40, 'ADJUSTMENT', 'INITIAL_LOAD', NULL, '2025-08-01 15:21:00', 22),
  (1325, 92, 7, 78, 'ADJUSTMENT', 'INITIAL_LOAD', NULL, '2025-08-01 15:21:20', 4), (1326, 92, 11, 12, 'ADJUSTMENT', 'INITIAL_LOAD', NULL, '2025-08-01 15:21:40', 17),
  (1327, 92, 12, 24, 'ADJUSTMENT', 'INITIAL_LOAD', NULL, '2025-08-01 15:22:00', 17), (1328, 92, 13, 70, 'ADJUSTMENT', 'INITIAL_LOAD', NULL, '2025-08-01 15:22:20', 12),
  (1329, 92, 14, 69, 'ADJUSTMENT', 'INITIAL_LOAD', NULL, '2025-08-01 15:22:40', 29), (1330, 92, 15, 36, 'ADJUSTMENT', 'INITIAL_LOAD', NULL, '2025-08-01 15:23:00', 5),
  (1331, 93, 1, 186, 'ADJUSTMENT', 'INITIAL_LOAD', NULL, '2025-08-01 15:23:20', 33), (1332, 93, 2, 180, 'ADJUSTMENT', 'INITIAL_LOAD', NULL, '2025-08-01 15:23:40', 13),
  (1333, 93, 3, 255, 'ADJUSTMENT', 'INITIAL_LOAD', NULL, '2025-08-01 15:24:00', 26), (1334, 93, 4, 165, 'ADJUSTMENT', 'INITIAL_LOAD', NULL, '2025-08-01 15:24:20', 12),
  (1335, 93, 5, 79, 'ADJUSTMENT', 'INITIAL_LOAD', NULL, '2025-08-01 15:24:40', 33), (1336, 93, 6, 6, 'ADJUSTMENT', 'INITIAL_LOAD', NULL, '2025-08-01 15:25:00', 7),
  (1337, 93, 8, 84, 'ADJUSTMENT', 'INITIAL_LOAD', NULL, '2025-08-01 15:25:20', 10), (1338, 93, 10, 35, 'ADJUSTMENT', 'INITIAL_LOAD', NULL, '2025-08-01 15:25:40', 28),
  (1339, 93, 11, 81, 'ADJUSTMENT', 'INITIAL_LOAD', NULL, '2025-08-01 15:26:00', 14), (1340, 93, 12, 10, 'ADJUSTMENT', 'INITIAL_LOAD', NULL, '2025-08-01 15:26:20', 7),
  (1341, 93, 13, 46, 'ADJUSTMENT', 'INITIAL_LOAD', NULL, '2025-08-01 15:26:40', 29), (1342, 93, 14, 50, 'ADJUSTMENT', 'INITIAL_LOAD', NULL, '2025-08-01 15:27:00', 17),
  (1343, 93, 15, 84, 'ADJUSTMENT', 'INITIAL_LOAD', NULL, '2025-08-01 15:27:20', 7), (1344, 93, 16, 82, 'ADJUSTMENT', 'INITIAL_LOAD', NULL, '2025-08-01 15:27:40', 3),
  (1345, 94, 1, 87, 'ADJUSTMENT', 'INITIAL_LOAD', NULL, '2025-08-01 15:28:00', 5), (1346, 94, 2, 134, 'ADJUSTMENT', 'INITIAL_LOAD', NULL, '2025-08-01 15:28:20', 5),
  (1347, 94, 3, 266, 'ADJUSTMENT', 'INITIAL_LOAD', NULL, '2025-08-01 15:28:40', 17), (1348, 94, 4, 137, 'ADJUSTMENT', 'INITIAL_LOAD', NULL, '2025-08-01 15:29:00', 29),
  (1349, 94, 5, 134, 'ADJUSTMENT', 'INITIAL_LOAD', NULL, '2025-08-01 15:29:20', 2), (1350, 94, 6, 23, 'ADJUSTMENT', 'INITIAL_LOAD', NULL, '2025-08-01 15:29:40', 33),
  (1351, 94, 7, 54, 'ADJUSTMENT', 'INITIAL_LOAD', NULL, '2025-08-01 15:30:00', 10), (1352, 94, 8, 33, 'ADJUSTMENT', 'INITIAL_LOAD', NULL, '2025-08-01 15:30:20', 1),
  (1353, 94, 9, 59, 'ADJUSTMENT', 'INITIAL_LOAD', NULL, '2025-08-01 15:30:40', 3), (1354, 94, 10, 19, 'ADJUSTMENT', 'INITIAL_LOAD', NULL, '2025-08-01 15:31:00', 25),
  (1355, 94, 11, 28, 'ADJUSTMENT', 'INITIAL_LOAD', NULL, '2025-08-01 15:31:20', 18), (1356, 94, 12, 85, 'ADJUSTMENT', 'INITIAL_LOAD', NULL, '2025-08-01 15:31:40', 10),
  (1357, 94, 13, 69, 'ADJUSTMENT', 'INITIAL_LOAD', NULL, '2025-08-01 15:32:00', 22), (1358, 94, 14, 75, 'ADJUSTMENT', 'INITIAL_LOAD', NULL, '2025-08-01 15:32:20', 26),
  (1359, 94, 15, 7, 'ADJUSTMENT', 'INITIAL_LOAD', NULL, '2025-08-01 15:32:40', 1), (1360, 94, 16, 66, 'ADJUSTMENT', 'INITIAL_LOAD', NULL, '2025-08-01 15:33:00', 34),
  (1361, 95, 1, 177, 'ADJUSTMENT', 'INITIAL_LOAD', NULL, '2025-08-01 15:33:20', 33), (1362, 95, 2, 215, 'ADJUSTMENT', 'INITIAL_LOAD', NULL, '2025-08-01 15:33:40', 32),
  (1363, 95, 3, 261, 'ADJUSTMENT', 'INITIAL_LOAD', NULL, '2025-08-01 15:34:00', 28), (1364, 95, 4, 279, 'ADJUSTMENT', 'INITIAL_LOAD', NULL, '2025-08-01 15:34:20', 26),
  (1365, 95, 5, 161, 'ADJUSTMENT', 'INITIAL_LOAD', NULL, '2025-08-01 15:34:40', 5), (1366, 95, 6, 73, 'ADJUSTMENT', 'INITIAL_LOAD', NULL, '2025-08-01 15:35:00', 15),
  (1367, 95, 7, 60, 'ADJUSTMENT', 'INITIAL_LOAD', NULL, '2025-08-01 15:35:20', 1), (1368, 95, 8, 50, 'ADJUSTMENT', 'INITIAL_LOAD', NULL, '2025-08-01 15:35:40', 25),
  (1369, 95, 9, 4, 'ADJUSTMENT', 'INITIAL_LOAD', NULL, '2025-08-01 15:36:00', 32), (1370, 95, 10, 66, 'ADJUSTMENT', 'INITIAL_LOAD', NULL, '2025-08-01 15:36:20', 8),
  (1371, 95, 11, 86, 'ADJUSTMENT', 'INITIAL_LOAD', NULL, '2025-08-01 15:36:40', 23), (1372, 95, 14, 21, 'ADJUSTMENT', 'INITIAL_LOAD', NULL, '2025-08-01 15:37:00', 22),
  (1373, 96, 1, 214, 'ADJUSTMENT', 'INITIAL_LOAD', NULL, '2025-08-01 15:37:20', 20), (1374, 96, 2, 151, 'ADJUSTMENT', 'INITIAL_LOAD', NULL, '2025-08-01 15:37:40', 26),
  (1375, 96, 3, 91, 'ADJUSTMENT', 'INITIAL_LOAD', NULL, '2025-08-01 15:38:00', 4), (1376, 96, 4, 250, 'ADJUSTMENT', 'INITIAL_LOAD', NULL, '2025-08-01 15:38:20', 6),
  (1377, 96, 5, 200, 'ADJUSTMENT', 'INITIAL_LOAD', NULL, '2025-08-01 15:38:40', 24), (1378, 96, 6, 54, 'ADJUSTMENT', 'INITIAL_LOAD', NULL, '2025-08-01 15:39:00', 22),
  (1379, 96, 7, 33, 'ADJUSTMENT', 'INITIAL_LOAD', NULL, '2025-08-01 15:39:20', 6), (1380, 96, 8, 48, 'ADJUSTMENT', 'INITIAL_LOAD', NULL, '2025-08-01 15:39:40', 31),
  (1381, 96, 9, 71, 'ADJUSTMENT', 'INITIAL_LOAD', NULL, '2025-08-01 15:40:00', 19), (1382, 96, 10, 41, 'ADJUSTMENT', 'INITIAL_LOAD', NULL, '2025-08-01 15:40:20', 13),
  (1383, 96, 11, 66, 'ADJUSTMENT', 'INITIAL_LOAD', NULL, '2025-08-01 15:40:40', 12), (1384, 96, 12, 1, 'ADJUSTMENT', 'INITIAL_LOAD', NULL, '2025-08-01 15:41:00', 3),
  (1385, 96, 13, 79, 'ADJUSTMENT', 'INITIAL_LOAD', NULL, '2025-08-01 15:41:20', 25), (1386, 96, 14, 40, 'ADJUSTMENT', 'INITIAL_LOAD', NULL, '2025-08-01 15:41:40', 13),
  (1387, 96, 16, 75, 'ADJUSTMENT', 'INITIAL_LOAD', NULL, '2025-08-01 15:42:00', 20), (1388, 97, 1, 280, 'ADJUSTMENT', 'INITIAL_LOAD', NULL, '2025-08-01 15:42:20', 25),
  (1389, 97, 2, 65, 'ADJUSTMENT', 'INITIAL_LOAD', NULL, '2025-08-01 15:42:40', 7), (1390, 97, 3, 276, 'ADJUSTMENT', 'INITIAL_LOAD', NULL, '2025-08-01 15:43:00', 23),
  (1391, 97, 4, 67, 'ADJUSTMENT', 'INITIAL_LOAD', NULL, '2025-08-01 15:43:20', 33), (1392, 97, 5, 184, 'ADJUSTMENT', 'INITIAL_LOAD', NULL, '2025-08-01 15:43:40', 6),
  (1393, 97, 6, 19, 'ADJUSTMENT', 'INITIAL_LOAD', NULL, '2025-08-01 15:44:00', 29), (1394, 97, 7, 68, 'ADJUSTMENT', 'INITIAL_LOAD', NULL, '2025-08-01 15:44:20', 13),
  (1395, 97, 8, 52, 'ADJUSTMENT', 'INITIAL_LOAD', NULL, '2025-08-01 15:44:40', 9), (1396, 97, 9, 83, 'ADJUSTMENT', 'INITIAL_LOAD', NULL, '2025-08-01 15:45:00', 3),
  (1397, 97, 10, 77, 'ADJUSTMENT', 'INITIAL_LOAD', NULL, '2025-08-01 15:45:20', 13), (1398, 97, 11, 22, 'ADJUSTMENT', 'INITIAL_LOAD', NULL, '2025-08-01 15:45:40', 2),
  (1399, 97, 12, 18, 'ADJUSTMENT', 'INITIAL_LOAD', NULL, '2025-08-01 15:46:00', 16), (1400, 97, 13, 87, 'ADJUSTMENT', 'INITIAL_LOAD', NULL, '2025-08-01 15:46:20', 33),
  (1401, 97, 14, 4, 'ADJUSTMENT', 'INITIAL_LOAD', NULL, '2025-08-01 15:46:40', 25), (1402, 97, 15, 42, 'ADJUSTMENT', 'INITIAL_LOAD', NULL, '2025-08-01 15:47:00', 5),
  (1403, 97, 16, 6, 'ADJUSTMENT', 'INITIAL_LOAD', NULL, '2025-08-01 15:47:20', 20), (1404, 98, 1, 275, 'ADJUSTMENT', 'INITIAL_LOAD', NULL, '2025-08-01 15:47:40', 33),
  (1405, 98, 2, 108, 'ADJUSTMENT', 'INITIAL_LOAD', NULL, '2025-08-01 15:48:00', 29), (1406, 98, 3, 269, 'ADJUSTMENT', 'INITIAL_LOAD', NULL, '2025-08-01 15:48:20', 2),
  (1407, 98, 4, 135, 'ADJUSTMENT', 'INITIAL_LOAD', NULL, '2025-08-01 15:48:40', 3), (1408, 98, 5, 45, 'ADJUSTMENT', 'INITIAL_LOAD', NULL, '2025-08-01 15:49:00', 22),
  (1409, 98, 6, 43, 'ADJUSTMENT', 'INITIAL_LOAD', NULL, '2025-08-01 15:49:20', 4), (1410, 98, 7, 38, 'ADJUSTMENT', 'INITIAL_LOAD', NULL, '2025-08-01 15:49:40', 22),
  (1411, 98, 8, 62, 'ADJUSTMENT', 'INITIAL_LOAD', NULL, '2025-08-01 15:50:00', 3), (1412, 98, 9, 52, 'ADJUSTMENT', 'INITIAL_LOAD', NULL, '2025-08-01 15:50:20', 26),
  (1413, 98, 11, 56, 'ADJUSTMENT', 'INITIAL_LOAD', NULL, '2025-08-01 15:50:40', 8), (1414, 98, 12, 41, 'ADJUSTMENT', 'INITIAL_LOAD', NULL, '2025-08-01 15:51:00', 14),
  (1415, 98, 13, 53, 'ADJUSTMENT', 'INITIAL_LOAD', NULL, '2025-08-01 15:51:20', 31), (1416, 98, 14, 27, 'ADJUSTMENT', 'INITIAL_LOAD', NULL, '2025-08-01 15:51:40', 10),
  (1417, 98, 15, 27, 'ADJUSTMENT', 'INITIAL_LOAD', NULL, '2025-08-01 15:52:00', 15), (1418, 98, 16, 52, 'ADJUSTMENT', 'INITIAL_LOAD', NULL, '2025-08-01 15:52:20', 5),
  (1419, 99, 1, 234, 'ADJUSTMENT', 'INITIAL_LOAD', NULL, '2025-08-01 15:52:40', 3), (1420, 99, 2, 172, 'ADJUSTMENT', 'INITIAL_LOAD', NULL, '2025-08-01 15:53:00', 10),
  (1421, 99, 3, 262, 'ADJUSTMENT', 'INITIAL_LOAD', NULL, '2025-08-01 15:53:20', 33), (1422, 99, 4, 135, 'ADJUSTMENT', 'INITIAL_LOAD', NULL, '2025-08-01 15:53:40', 2),
  (1423, 99, 5, 250, 'ADJUSTMENT', 'INITIAL_LOAD', NULL, '2025-08-01 15:54:00', 32), (1424, 99, 6, 12, 'ADJUSTMENT', 'INITIAL_LOAD', NULL, '2025-08-01 15:54:20', 3),
  (1425, 99, 8, 90, 'ADJUSTMENT', 'INITIAL_LOAD', NULL, '2025-08-01 15:54:40', 16), (1426, 99, 9, 17, 'ADJUSTMENT', 'INITIAL_LOAD', NULL, '2025-08-01 15:55:00', 9),
  (1427, 99, 10, 67, 'ADJUSTMENT', 'INITIAL_LOAD', NULL, '2025-08-01 15:55:20', 1), (1428, 99, 11, 38, 'ADJUSTMENT', 'INITIAL_LOAD', NULL, '2025-08-01 15:55:40', 12),
  (1429, 99, 12, 25, 'ADJUSTMENT', 'INITIAL_LOAD', NULL, '2025-08-01 15:56:00', 4), (1430, 99, 13, 13, 'ADJUSTMENT', 'INITIAL_LOAD', NULL, '2025-08-01 15:56:20', 20),
  (1431, 99, 14, 48, 'ADJUSTMENT', 'INITIAL_LOAD', NULL, '2025-08-01 15:56:40', 7), (1432, 99, 15, 38, 'ADJUSTMENT', 'INITIAL_LOAD', NULL, '2025-08-01 15:57:00', 31),
  (1433, 99, 16, 47, 'ADJUSTMENT', 'INITIAL_LOAD', NULL, '2025-08-01 15:57:20', 11), (1434, 100, 1, 169, 'ADJUSTMENT', 'INITIAL_LOAD', NULL, '2025-08-01 15:57:40', 5),
  (1435, 100, 2, 141, 'ADJUSTMENT', 'INITIAL_LOAD', NULL, '2025-08-01 15:58:00', 7), (1436, 100, 3, 202, 'ADJUSTMENT', 'INITIAL_LOAD', NULL, '2025-08-01 15:58:20', 8),
  (1437, 100, 4, 276, 'ADJUSTMENT', 'INITIAL_LOAD', NULL, '2025-08-01 15:58:40', 33), (1438, 100, 5, 71, 'ADJUSTMENT', 'INITIAL_LOAD', NULL, '2025-08-01 15:59:00', 15),
  (1439, 100, 7, 53, 'ADJUSTMENT', 'INITIAL_LOAD', NULL, '2025-08-01 15:59:20', 5), (1440, 100, 8, 53, 'ADJUSTMENT', 'INITIAL_LOAD', NULL, '2025-08-01 15:59:40', 13),
  (1441, 100, 9, 60, 'ADJUSTMENT', 'INITIAL_LOAD', NULL, '2025-08-01 16:00:00', 28), (1442, 100, 10, 44, 'ADJUSTMENT', 'INITIAL_LOAD', NULL, '2025-08-01 16:00:20', 22),
  (1443, 100, 11, 33, 'ADJUSTMENT', 'INITIAL_LOAD', NULL, '2025-08-01 16:00:40', 26), (1444, 100, 13, 3, 'ADJUSTMENT', 'INITIAL_LOAD', NULL, '2025-08-01 16:01:00', 21),
  (1445, 100, 14, 54, 'ADJUSTMENT', 'INITIAL_LOAD', NULL, '2025-08-01 16:01:20', 8), (1446, 100, 15, 27, 'ADJUSTMENT', 'INITIAL_LOAD', NULL, '2025-08-01 16:01:40', 9),
  (1447, 100, 16, 82, 'ADJUSTMENT', 'INITIAL_LOAD', NULL, '2025-08-01 16:02:00', 21), (1448, 101, 1, 92, 'ADJUSTMENT', 'INITIAL_LOAD', NULL, '2025-08-01 16:02:20', 14),
  (1449, 101, 2, 108, 'ADJUSTMENT', 'INITIAL_LOAD', NULL, '2025-08-01 16:02:40', 3), (1450, 101, 3, 206, 'ADJUSTMENT', 'INITIAL_LOAD', NULL, '2025-08-01 16:03:00', 12),
  (1451, 101, 4, 144, 'ADJUSTMENT', 'INITIAL_LOAD', NULL, '2025-08-01 16:03:20', 22), (1452, 101, 5, 171, 'ADJUSTMENT', 'INITIAL_LOAD', NULL, '2025-08-01 16:03:40', 5),
  (1453, 101, 6, 60, 'ADJUSTMENT', 'INITIAL_LOAD', NULL, '2025-08-01 16:04:00', 8), (1454, 101, 8, 16, 'ADJUSTMENT', 'INITIAL_LOAD', NULL, '2025-08-01 16:04:20', 18),
  (1455, 101, 9, 76, 'ADJUSTMENT', 'INITIAL_LOAD', NULL, '2025-08-01 16:04:40', 10), (1456, 101, 10, 28, 'ADJUSTMENT', 'INITIAL_LOAD', NULL, '2025-08-01 16:05:00', 27),
  (1457, 101, 11, 39, 'ADJUSTMENT', 'INITIAL_LOAD', NULL, '2025-08-01 16:05:20', 11), (1458, 101, 12, 90, 'ADJUSTMENT', 'INITIAL_LOAD', NULL, '2025-08-01 16:05:40', 24),
  (1459, 101, 13, 54, 'ADJUSTMENT', 'INITIAL_LOAD', NULL, '2025-08-01 16:06:00', 11), (1460, 101, 14, 44, 'ADJUSTMENT', 'INITIAL_LOAD', NULL, '2025-08-01 16:06:20', 29),
  (1461, 101, 15, 27, 'ADJUSTMENT', 'INITIAL_LOAD', NULL, '2025-08-01 16:06:40', 16), (1462, 101, 16, 86, 'ADJUSTMENT', 'INITIAL_LOAD', NULL, '2025-08-01 16:07:00', 3),
  (1463, 102, 1, 199, 'ADJUSTMENT', 'INITIAL_LOAD', NULL, '2025-08-01 16:07:20', 9), (1464, 102, 2, 141, 'ADJUSTMENT', 'INITIAL_LOAD', NULL, '2025-08-01 16:07:40', 7),
  (1465, 102, 3, 189, 'ADJUSTMENT', 'INITIAL_LOAD', NULL, '2025-08-01 16:08:00', 25), (1466, 102, 4, 66, 'ADJUSTMENT', 'INITIAL_LOAD', NULL, '2025-08-01 16:08:20', 11),
  (1467, 102, 5, 41, 'ADJUSTMENT', 'INITIAL_LOAD', NULL, '2025-08-01 16:08:40', 2), (1468, 102, 6, 65, 'ADJUSTMENT', 'INITIAL_LOAD', NULL, '2025-08-01 16:09:00', 33),
  (1469, 102, 7, 47, 'ADJUSTMENT', 'INITIAL_LOAD', NULL, '2025-08-01 16:09:20', 6), (1470, 102, 8, 76, 'ADJUSTMENT', 'INITIAL_LOAD', NULL, '2025-08-01 16:09:40', 1),
  (1471, 102, 9, 38, 'ADJUSTMENT', 'INITIAL_LOAD', NULL, '2025-08-01 16:10:00', 1), (1472, 102, 11, 35, 'ADJUSTMENT', 'INITIAL_LOAD', NULL, '2025-08-01 16:10:20', 12),
  (1473, 102, 12, 35, 'ADJUSTMENT', 'INITIAL_LOAD', NULL, '2025-08-01 16:10:40', 6), (1474, 102, 13, 83, 'ADJUSTMENT', 'INITIAL_LOAD', NULL, '2025-08-01 16:11:00', 19),
  (1475, 102, 14, 19, 'ADJUSTMENT', 'INITIAL_LOAD', NULL, '2025-08-01 16:11:20', 27), (1476, 102, 15, 30, 'ADJUSTMENT', 'INITIAL_LOAD', NULL, '2025-08-01 16:11:40', 32),
  (1477, 102, 16, 76, 'ADJUSTMENT', 'INITIAL_LOAD', NULL, '2025-08-01 16:12:00', 9), (1478, 103, 1, 121, 'ADJUSTMENT', 'INITIAL_LOAD', NULL, '2025-08-01 16:12:20', 14),
  (1479, 103, 2, 214, 'ADJUSTMENT', 'INITIAL_LOAD', NULL, '2025-08-01 16:12:40', 10), (1480, 103, 3, 75, 'ADJUSTMENT', 'INITIAL_LOAD', NULL, '2025-08-01 16:13:00', 18),
  (1481, 103, 4, 224, 'ADJUSTMENT', 'INITIAL_LOAD', NULL, '2025-08-01 16:13:20', 29), (1482, 103, 5, 46, 'ADJUSTMENT', 'INITIAL_LOAD', NULL, '2025-08-01 16:13:40', 27),
  (1483, 103, 6, 83, 'ADJUSTMENT', 'INITIAL_LOAD', NULL, '2025-08-01 16:14:00', 16), (1484, 103, 7, 37, 'ADJUSTMENT', 'INITIAL_LOAD', NULL, '2025-08-01 16:14:20', 12),
  (1485, 103, 8, 53, 'ADJUSTMENT', 'INITIAL_LOAD', NULL, '2025-08-01 16:14:40', 3), (1486, 103, 9, 21, 'ADJUSTMENT', 'INITIAL_LOAD', NULL, '2025-08-01 16:15:00', 12),
  (1487, 103, 10, 73, 'ADJUSTMENT', 'INITIAL_LOAD', NULL, '2025-08-01 16:15:20', 33), (1488, 103, 11, 50, 'ADJUSTMENT', 'INITIAL_LOAD', NULL, '2025-08-01 16:15:40', 6),
  (1489, 103, 12, 28, 'ADJUSTMENT', 'INITIAL_LOAD', NULL, '2025-08-01 16:16:00', 20), (1490, 103, 13, 81, 'ADJUSTMENT', 'INITIAL_LOAD', NULL, '2025-08-01 16:16:20', 23),
  (1491, 103, 14, 85, 'ADJUSTMENT', 'INITIAL_LOAD', NULL, '2025-08-01 16:16:40', 27), (1492, 103, 15, 47, 'ADJUSTMENT', 'INITIAL_LOAD', NULL, '2025-08-01 16:17:00', 1),
  (1493, 103, 16, 84, 'ADJUSTMENT', 'INITIAL_LOAD', NULL, '2025-08-01 16:17:20', 16), (1494, 104, 1, 86, 'ADJUSTMENT', 'INITIAL_LOAD', NULL, '2025-08-01 16:17:40', 13),
  (1495, 104, 2, 115, 'ADJUSTMENT', 'INITIAL_LOAD', NULL, '2025-08-01 16:18:00', 8), (1496, 104, 3, 64, 'ADJUSTMENT', 'INITIAL_LOAD', NULL, '2025-08-01 16:18:20', 7),
  (1497, 104, 4, 160, 'ADJUSTMENT', 'INITIAL_LOAD', NULL, '2025-08-01 16:18:40', 24), (1498, 104, 5, 72, 'ADJUSTMENT', 'INITIAL_LOAD', NULL, '2025-08-01 16:19:00', 34),
  (1499, 104, 6, 33, 'ADJUSTMENT', 'INITIAL_LOAD', NULL, '2025-08-01 16:19:20', 15), (1500, 104, 7, 71, 'ADJUSTMENT', 'INITIAL_LOAD', NULL, '2025-08-01 16:19:40', 31),
  (1501, 104, 8, 52, 'ADJUSTMENT', 'INITIAL_LOAD', NULL, '2025-08-01 16:20:00', 14), (1502, 104, 9, 42, 'ADJUSTMENT', 'INITIAL_LOAD', NULL, '2025-08-01 16:20:20', 18),
  (1503, 104, 10, 28, 'ADJUSTMENT', 'INITIAL_LOAD', NULL, '2025-08-01 16:20:40', 4), (1504, 104, 11, 39, 'ADJUSTMENT', 'INITIAL_LOAD', NULL, '2025-08-01 16:21:00', 13),
  (1505, 104, 12, 42, 'ADJUSTMENT', 'INITIAL_LOAD', NULL, '2025-08-01 16:21:20', 8), (1506, 104, 13, 74, 'ADJUSTMENT', 'INITIAL_LOAD', NULL, '2025-08-01 16:21:40', 10),
  (1507, 104, 14, 15, 'ADJUSTMENT', 'INITIAL_LOAD', NULL, '2025-08-01 16:22:00', 32), (1508, 104, 15, 81, 'ADJUSTMENT', 'INITIAL_LOAD', NULL, '2025-08-01 16:22:20', 33),
  (1509, 105, 1, 267, 'ADJUSTMENT', 'INITIAL_LOAD', NULL, '2025-08-01 16:22:40', 12), (1510, 105, 2, 89, 'ADJUSTMENT', 'INITIAL_LOAD', NULL, '2025-08-01 16:23:00', 11),
  (1511, 105, 3, 168, 'ADJUSTMENT', 'INITIAL_LOAD', NULL, '2025-08-01 16:23:20', 3), (1512, 105, 4, 70, 'ADJUSTMENT', 'INITIAL_LOAD', NULL, '2025-08-01 16:23:40', 4),
  (1513, 105, 5, 262, 'ADJUSTMENT', 'INITIAL_LOAD', NULL, '2025-08-01 16:24:00', 24), (1514, 105, 6, 87, 'ADJUSTMENT', 'INITIAL_LOAD', NULL, '2025-08-01 16:24:20', 19),
  (1515, 105, 7, 38, 'ADJUSTMENT', 'INITIAL_LOAD', NULL, '2025-08-01 16:24:40', 14), (1516, 105, 8, 25, 'ADJUSTMENT', 'INITIAL_LOAD', NULL, '2025-08-01 16:25:00', 28),
  (1517, 105, 9, 25, 'ADJUSTMENT', 'INITIAL_LOAD', NULL, '2025-08-01 16:25:20', 17), (1518, 105, 10, 72, 'ADJUSTMENT', 'INITIAL_LOAD', NULL, '2025-08-01 16:25:40', 22),
  (1519, 105, 11, 42, 'ADJUSTMENT', 'INITIAL_LOAD', NULL, '2025-08-01 16:26:00', 31), (1520, 105, 12, 23, 'ADJUSTMENT', 'INITIAL_LOAD', NULL, '2025-08-01 16:26:20', 3),
  (1521, 105, 13, 62, 'ADJUSTMENT', 'INITIAL_LOAD', NULL, '2025-08-01 16:26:40', 7), (1522, 105, 14, 49, 'ADJUSTMENT', 'INITIAL_LOAD', NULL, '2025-08-01 16:27:00', 4),
  (1523, 105, 16, 35, 'ADJUSTMENT', 'INITIAL_LOAD', NULL, '2025-08-01 16:27:20', 12), (1524, 106, 1, 238, 'ADJUSTMENT', 'INITIAL_LOAD', NULL, '2025-08-01 16:27:40', 11),
  (1525, 106, 2, 83, 'ADJUSTMENT', 'INITIAL_LOAD', NULL, '2025-08-01 16:28:00', 2), (1526, 106, 3, 187, 'ADJUSTMENT', 'INITIAL_LOAD', NULL, '2025-08-01 16:28:20', 33),
  (1527, 106, 4, 235, 'ADJUSTMENT', 'INITIAL_LOAD', NULL, '2025-08-01 16:28:40', 34), (1528, 106, 5, 80, 'ADJUSTMENT', 'INITIAL_LOAD', NULL, '2025-08-01 16:29:00', 8),
  (1529, 106, 6, 62, 'ADJUSTMENT', 'INITIAL_LOAD', NULL, '2025-08-01 16:29:20', 5), (1530, 106, 8, 55, 'ADJUSTMENT', 'INITIAL_LOAD', NULL, '2025-08-01 16:29:40', 16),
  (1531, 106, 9, 51, 'ADJUSTMENT', 'INITIAL_LOAD', NULL, '2025-08-01 16:30:00', 29), (1532, 106, 10, 61, 'ADJUSTMENT', 'INITIAL_LOAD', NULL, '2025-08-01 16:30:20', 21),
  (1533, 106, 11, 4, 'ADJUSTMENT', 'INITIAL_LOAD', NULL, '2025-08-01 16:30:40', 27), (1534, 106, 12, 47, 'ADJUSTMENT', 'INITIAL_LOAD', NULL, '2025-08-01 16:31:00', 13),
  (1535, 106, 13, 47, 'ADJUSTMENT', 'INITIAL_LOAD', NULL, '2025-08-01 16:31:20', 21), (1536, 106, 14, 60, 'ADJUSTMENT', 'INITIAL_LOAD', NULL, '2025-08-01 16:31:40', 15),
  (1537, 106, 15, 27, 'ADJUSTMENT', 'INITIAL_LOAD', NULL, '2025-08-01 16:32:00', 8), (1538, 106, 16, 31, 'ADJUSTMENT', 'INITIAL_LOAD', NULL, '2025-08-01 16:32:20', 21),
  (1539, 107, 1, 264, 'ADJUSTMENT', 'INITIAL_LOAD', NULL, '2025-08-01 16:32:40', 15), (1540, 107, 2, 128, 'ADJUSTMENT', 'INITIAL_LOAD', NULL, '2025-08-01 16:33:00', 7),
  (1541, 107, 3, 119, 'ADJUSTMENT', 'INITIAL_LOAD', NULL, '2025-08-01 16:33:20', 16), (1542, 107, 4, 73, 'ADJUSTMENT', 'INITIAL_LOAD', NULL, '2025-08-01 16:33:40', 27),
  (1543, 107, 5, 66, 'ADJUSTMENT', 'INITIAL_LOAD', NULL, '2025-08-01 16:34:00', 13), (1544, 107, 6, 49, 'ADJUSTMENT', 'INITIAL_LOAD', NULL, '2025-08-01 16:34:20', 25),
  (1545, 107, 8, 5, 'ADJUSTMENT', 'INITIAL_LOAD', NULL, '2025-08-01 16:34:40', 15), (1546, 107, 9, 37, 'ADJUSTMENT', 'INITIAL_LOAD', NULL, '2025-08-01 16:35:00', 5),
  (1547, 107, 10, 66, 'ADJUSTMENT', 'INITIAL_LOAD', NULL, '2025-08-01 16:35:20', 32), (1548, 107, 11, 43, 'ADJUSTMENT', 'INITIAL_LOAD', NULL, '2025-08-01 16:35:40', 33),
  (1549, 107, 12, 87, 'ADJUSTMENT', 'INITIAL_LOAD', NULL, '2025-08-01 16:36:00', 4), (1550, 107, 13, 43, 'ADJUSTMENT', 'INITIAL_LOAD', NULL, '2025-08-01 16:36:20', 28),
  (1551, 107, 14, 62, 'ADJUSTMENT', 'INITIAL_LOAD', NULL, '2025-08-01 16:36:40', 10), (1552, 107, 16, 48, 'ADJUSTMENT', 'INITIAL_LOAD', NULL, '2025-08-01 16:37:00', 14),
  (1553, 108, 1, 97, 'ADJUSTMENT', 'INITIAL_LOAD', NULL, '2025-08-01 16:37:20', 31), (1554, 108, 2, 226, 'ADJUSTMENT', 'INITIAL_LOAD', NULL, '2025-08-01 16:37:40', 12),
  (1555, 108, 3, 73, 'ADJUSTMENT', 'INITIAL_LOAD', NULL, '2025-08-01 16:38:00', 25), (1556, 108, 4, 94, 'ADJUSTMENT', 'INITIAL_LOAD', NULL, '2025-08-01 16:38:20', 24),
  (1557, 108, 5, 227, 'ADJUSTMENT', 'INITIAL_LOAD', NULL, '2025-08-01 16:38:40', 9), (1558, 108, 6, 60, 'ADJUSTMENT', 'INITIAL_LOAD', NULL, '2025-08-01 16:39:00', 31),
  (1559, 108, 8, 83, 'ADJUSTMENT', 'INITIAL_LOAD', NULL, '2025-08-01 16:39:20', 13), (1560, 108, 9, 48, 'ADJUSTMENT', 'INITIAL_LOAD', NULL, '2025-08-01 16:39:40', 23),
  (1561, 108, 10, 32, 'ADJUSTMENT', 'INITIAL_LOAD', NULL, '2025-08-01 16:40:00', 18), (1562, 108, 12, 6, 'ADJUSTMENT', 'INITIAL_LOAD', NULL, '2025-08-01 16:40:20', 13),
  (1563, 108, 13, 83, 'ADJUSTMENT', 'INITIAL_LOAD', NULL, '2025-08-01 16:40:40', 22), (1564, 108, 14, 6, 'ADJUSTMENT', 'INITIAL_LOAD', NULL, '2025-08-01 16:41:00', 9),
  (1565, 108, 15, 53, 'ADJUSTMENT', 'INITIAL_LOAD', NULL, '2025-08-01 16:41:20', 3), (1566, 108, 16, 15, 'ADJUSTMENT', 'INITIAL_LOAD', NULL, '2025-08-01 16:41:40', 4),
  (1567, 109, 1, 161, 'ADJUSTMENT', 'INITIAL_LOAD', NULL, '2025-08-01 16:42:00', 18), (1568, 109, 2, 219, 'ADJUSTMENT', 'INITIAL_LOAD', NULL, '2025-08-01 16:42:20', 9),
  (1569, 109, 3, 79, 'ADJUSTMENT', 'INITIAL_LOAD', NULL, '2025-08-01 16:42:40', 8), (1570, 109, 4, 92, 'ADJUSTMENT', 'INITIAL_LOAD', NULL, '2025-08-01 16:43:00', 31),
  (1571, 109, 5, 217, 'ADJUSTMENT', 'INITIAL_LOAD', NULL, '2025-08-01 16:43:20', 31), (1572, 109, 6, 87, 'ADJUSTMENT', 'INITIAL_LOAD', NULL, '2025-08-01 16:43:40', 27),
  (1573, 109, 7, 47, 'ADJUSTMENT', 'INITIAL_LOAD', NULL, '2025-08-01 16:44:00', 11), (1574, 109, 8, 12, 'ADJUSTMENT', 'INITIAL_LOAD', NULL, '2025-08-01 16:44:20', 22),
  (1575, 109, 9, 34, 'ADJUSTMENT', 'INITIAL_LOAD', NULL, '2025-08-01 16:44:40', 15), (1576, 109, 11, 13, 'ADJUSTMENT', 'INITIAL_LOAD', NULL, '2025-08-01 16:45:00', 19),
  (1577, 109, 13, 14, 'ADJUSTMENT', 'INITIAL_LOAD', NULL, '2025-08-01 16:45:20', 11), (1578, 109, 15, 25, 'ADJUSTMENT', 'INITIAL_LOAD', NULL, '2025-08-01 16:45:40', 11),
  (1579, 109, 16, 66, 'ADJUSTMENT', 'INITIAL_LOAD', NULL, '2025-08-01 16:46:00', 15), (1580, 110, 1, 131, 'ADJUSTMENT', 'INITIAL_LOAD', NULL, '2025-08-01 16:46:20', 6),
  (1581, 110, 2, 220, 'ADJUSTMENT', 'INITIAL_LOAD', NULL, '2025-08-01 16:46:40', 27), (1582, 110, 3, 144, 'ADJUSTMENT', 'INITIAL_LOAD', NULL, '2025-08-01 16:47:00', 33),
  (1583, 110, 4, 115, 'ADJUSTMENT', 'INITIAL_LOAD', NULL, '2025-08-01 16:47:20', 14), (1584, 110, 5, 81, 'ADJUSTMENT', 'INITIAL_LOAD', NULL, '2025-08-01 16:47:40', 32),
  (1585, 110, 6, 5, 'ADJUSTMENT', 'INITIAL_LOAD', NULL, '2025-08-01 16:48:00', 31), (1586, 110, 7, 26, 'ADJUSTMENT', 'INITIAL_LOAD', NULL, '2025-08-01 16:48:20', 18),
  (1587, 110, 8, 61, 'ADJUSTMENT', 'INITIAL_LOAD', NULL, '2025-08-01 16:48:40', 1), (1588, 110, 10, 11, 'ADJUSTMENT', 'INITIAL_LOAD', NULL, '2025-08-01 16:49:00', 28),
  (1589, 110, 11, 73, 'ADJUSTMENT', 'INITIAL_LOAD', NULL, '2025-08-01 16:49:20', 16), (1590, 110, 12, 51, 'ADJUSTMENT', 'INITIAL_LOAD', NULL, '2025-08-01 16:49:40', 16),
  (1591, 110, 14, 53, 'ADJUSTMENT', 'INITIAL_LOAD', NULL, '2025-08-01 16:50:00', 21), (1592, 110, 15, 82, 'ADJUSTMENT', 'INITIAL_LOAD', NULL, '2025-08-01 16:50:20', 28),
  (1593, 110, 16, 37, 'ADJUSTMENT', 'INITIAL_LOAD', NULL, '2025-08-01 16:50:40', 15), (1594, 111, 1, 52, 'ADJUSTMENT', 'INITIAL_LOAD', NULL, '2025-08-01 16:51:00', 10),
  (1595, 111, 2, 65, 'ADJUSTMENT', 'INITIAL_LOAD', NULL, '2025-08-01 16:51:20', 1), (1596, 111, 3, 248, 'ADJUSTMENT', 'INITIAL_LOAD', NULL, '2025-08-01 16:51:40', 27),
  (1597, 111, 4, 84, 'ADJUSTMENT', 'INITIAL_LOAD', NULL, '2025-08-01 16:52:00', 3), (1598, 111, 5, 263, 'ADJUSTMENT', 'INITIAL_LOAD', NULL, '2025-08-01 16:52:20', 3),
  (1599, 111, 6, 5, 'ADJUSTMENT', 'INITIAL_LOAD', NULL, '2025-08-01 16:52:40', 32), (1600, 111, 7, 46, 'ADJUSTMENT', 'INITIAL_LOAD', NULL, '2025-08-01 16:53:00', 34),
  (1601, 111, 8, 40, 'ADJUSTMENT', 'INITIAL_LOAD', NULL, '2025-08-01 16:53:20', 3), (1602, 111, 11, 25, 'ADJUSTMENT', 'INITIAL_LOAD', NULL, '2025-08-01 16:53:40', 28),
  (1603, 111, 12, 21, 'ADJUSTMENT', 'INITIAL_LOAD', NULL, '2025-08-01 16:54:00', 26), (1604, 111, 13, 56, 'ADJUSTMENT', 'INITIAL_LOAD', NULL, '2025-08-01 16:54:20', 32),
  (1605, 111, 14, 34, 'ADJUSTMENT', 'INITIAL_LOAD', NULL, '2025-08-01 16:54:40', 7), (1606, 111, 15, 11, 'ADJUSTMENT', 'INITIAL_LOAD', NULL, '2025-08-01 16:55:00', 29),
  (1607, 112, 1, 142, 'ADJUSTMENT', 'INITIAL_LOAD', NULL, '2025-08-01 16:55:20', 33), (1608, 112, 2, 142, 'ADJUSTMENT', 'INITIAL_LOAD', NULL, '2025-08-01 16:55:40', 16),
  (1609, 112, 3, 156, 'ADJUSTMENT', 'INITIAL_LOAD', NULL, '2025-08-01 16:56:00', 6), (1610, 112, 4, 109, 'ADJUSTMENT', 'INITIAL_LOAD', NULL, '2025-08-01 16:56:20', 1),
  (1611, 112, 5, 253, 'ADJUSTMENT', 'INITIAL_LOAD', NULL, '2025-08-01 16:56:40', 27), (1612, 112, 6, 49, 'ADJUSTMENT', 'INITIAL_LOAD', NULL, '2025-08-01 16:57:00', 14),
  (1613, 112, 7, 61, 'ADJUSTMENT', 'INITIAL_LOAD', NULL, '2025-08-01 16:57:20', 9), (1614, 112, 8, 83, 'ADJUSTMENT', 'INITIAL_LOAD', NULL, '2025-08-01 16:57:40', 23),
  (1615, 112, 10, 89, 'ADJUSTMENT', 'INITIAL_LOAD', NULL, '2025-08-01 16:58:00', 19), (1616, 112, 11, 11, 'ADJUSTMENT', 'INITIAL_LOAD', NULL, '2025-08-01 16:58:20', 16),
  (1617, 112, 12, 75, 'ADJUSTMENT', 'INITIAL_LOAD', NULL, '2025-08-01 16:58:40', 6), (1618, 112, 13, 72, 'ADJUSTMENT', 'INITIAL_LOAD', NULL, '2025-08-01 16:59:00', 2),
  (1619, 112, 14, 23, 'ADJUSTMENT', 'INITIAL_LOAD', NULL, '2025-08-01 16:59:20', 32), (1620, 112, 15, 45, 'ADJUSTMENT', 'INITIAL_LOAD', NULL, '2025-08-01 16:59:40', 20),
  (1621, 112, 16, 87, 'ADJUSTMENT', 'INITIAL_LOAD', NULL, '2025-08-01 17:00:00', 11), (1622, 113, 1, 226, 'ADJUSTMENT', 'INITIAL_LOAD', NULL, '2025-08-01 17:00:20', 31),
  (1623, 113, 2, 268, 'ADJUSTMENT', 'INITIAL_LOAD', NULL, '2025-08-01 17:00:40', 2), (1624, 113, 3, 73, 'ADJUSTMENT', 'INITIAL_LOAD', NULL, '2025-08-01 17:01:00', 31),
  (1625, 113, 4, 163, 'ADJUSTMENT', 'INITIAL_LOAD', NULL, '2025-08-01 17:01:20', 31), (1626, 113, 5, 275, 'ADJUSTMENT', 'INITIAL_LOAD', NULL, '2025-08-01 17:01:40', 9),
  (1627, 113, 7, 52, 'ADJUSTMENT', 'INITIAL_LOAD', NULL, '2025-08-01 17:02:00', 26), (1628, 113, 8, 8, 'ADJUSTMENT', 'INITIAL_LOAD', NULL, '2025-08-01 17:02:20', 12),
  (1629, 113, 9, 58, 'ADJUSTMENT', 'INITIAL_LOAD', NULL, '2025-08-01 17:02:40', 24), (1630, 113, 10, 86, 'ADJUSTMENT', 'INITIAL_LOAD', NULL, '2025-08-01 17:03:00', 31),
  (1631, 113, 11, 73, 'ADJUSTMENT', 'INITIAL_LOAD', NULL, '2025-08-01 17:03:20', 1), (1632, 113, 12, 28, 'ADJUSTMENT', 'INITIAL_LOAD', NULL, '2025-08-01 17:03:40', 5),
  (1633, 113, 13, 85, 'ADJUSTMENT', 'INITIAL_LOAD', NULL, '2025-08-01 17:04:00', 25), (1634, 113, 14, 66, 'ADJUSTMENT', 'INITIAL_LOAD', NULL, '2025-08-01 17:04:20', 22),
  (1635, 113, 15, 89, 'ADJUSTMENT', 'INITIAL_LOAD', NULL, '2025-08-01 17:04:40', 3), (1636, 113, 16, 55, 'ADJUSTMENT', 'INITIAL_LOAD', NULL, '2025-08-01 17:05:00', 19),
  (1637, 114, 1, 103, 'ADJUSTMENT', 'INITIAL_LOAD', NULL, '2025-08-01 17:05:20', 28), (1638, 114, 2, 163, 'ADJUSTMENT', 'INITIAL_LOAD', NULL, '2025-08-01 17:05:40', 18),
  (1639, 114, 3, 128, 'ADJUSTMENT', 'INITIAL_LOAD', NULL, '2025-08-01 17:06:00', 14), (1640, 114, 4, 209, 'ADJUSTMENT', 'INITIAL_LOAD', NULL, '2025-08-01 17:06:20', 6),
  (1641, 114, 5, 213, 'ADJUSTMENT', 'INITIAL_LOAD', NULL, '2025-08-01 17:06:40', 22), (1642, 114, 6, 82, 'ADJUSTMENT', 'INITIAL_LOAD', NULL, '2025-08-01 17:07:00', 4),
  (1643, 114, 7, 71, 'ADJUSTMENT', 'INITIAL_LOAD', NULL, '2025-08-01 17:07:20', 34), (1644, 114, 9, 82, 'ADJUSTMENT', 'INITIAL_LOAD', NULL, '2025-08-01 17:07:40', 24),
  (1645, 114, 10, 64, 'ADJUSTMENT', 'INITIAL_LOAD', NULL, '2025-08-01 17:08:00', 4), (1646, 114, 11, 63, 'ADJUSTMENT', 'INITIAL_LOAD', NULL, '2025-08-01 17:08:20', 8),
  (1647, 114, 12, 9, 'ADJUSTMENT', 'INITIAL_LOAD', NULL, '2025-08-01 17:08:40', 25), (1648, 114, 13, 41, 'ADJUSTMENT', 'INITIAL_LOAD', NULL, '2025-08-01 17:09:00', 24),
  (1649, 114, 15, 28, 'ADJUSTMENT', 'INITIAL_LOAD', NULL, '2025-08-01 17:09:20', 31), (1650, 114, 16, 48, 'ADJUSTMENT', 'INITIAL_LOAD', NULL, '2025-08-01 17:09:40', 3),
  (1651, 115, 1, 100, 'ADJUSTMENT', 'INITIAL_LOAD', NULL, '2025-08-01 17:10:00', 24), (1652, 115, 2, 60, 'ADJUSTMENT', 'INITIAL_LOAD', NULL, '2025-08-01 17:10:20', 24),
  (1653, 115, 3, 157, 'ADJUSTMENT', 'INITIAL_LOAD', NULL, '2025-08-01 17:10:40', 12), (1654, 115, 4, 153, 'ADJUSTMENT', 'INITIAL_LOAD', NULL, '2025-08-01 17:11:00', 5),
  (1655, 115, 5, 245, 'ADJUSTMENT', 'INITIAL_LOAD', NULL, '2025-08-01 17:11:20', 14), (1656, 115, 6, 73, 'ADJUSTMENT', 'INITIAL_LOAD', NULL, '2025-08-01 17:11:40', 9),
  (1657, 115, 7, 63, 'ADJUSTMENT', 'INITIAL_LOAD', NULL, '2025-08-01 17:12:00', 22), (1658, 115, 8, 15, 'ADJUSTMENT', 'INITIAL_LOAD', NULL, '2025-08-01 17:12:20', 16),
  (1659, 115, 10, 51, 'ADJUSTMENT', 'INITIAL_LOAD', NULL, '2025-08-01 17:12:40', 8), (1660, 115, 11, 71, 'ADJUSTMENT', 'INITIAL_LOAD', NULL, '2025-08-01 17:13:00', 32),
  (1661, 115, 12, 35, 'ADJUSTMENT', 'INITIAL_LOAD', NULL, '2025-08-01 17:13:20', 14), (1662, 115, 13, 79, 'ADJUSTMENT', 'INITIAL_LOAD', NULL, '2025-08-01 17:13:40', 15),
  (1663, 115, 14, 65, 'ADJUSTMENT', 'INITIAL_LOAD', NULL, '2025-08-01 17:14:00', 21), (1664, 115, 15, 83, 'ADJUSTMENT', 'INITIAL_LOAD', NULL, '2025-08-01 17:14:20', 23),
  (1665, 115, 16, 43, 'ADJUSTMENT', 'INITIAL_LOAD', NULL, '2025-08-01 17:14:40', 18), (1666, 116, 1, 53, 'ADJUSTMENT', 'INITIAL_LOAD', NULL, '2025-08-01 17:15:00', 34),
  (1667, 116, 2, 249, 'ADJUSTMENT', 'INITIAL_LOAD', NULL, '2025-08-01 17:15:20', 28), (1668, 116, 3, 97, 'ADJUSTMENT', 'INITIAL_LOAD', NULL, '2025-08-01 17:15:40', 18),
  (1669, 116, 4, 256, 'ADJUSTMENT', 'INITIAL_LOAD', NULL, '2025-08-01 17:16:00', 4), (1670, 116, 5, 156, 'ADJUSTMENT', 'INITIAL_LOAD', NULL, '2025-08-01 17:16:20', 5),
  (1671, 116, 6, 42, 'ADJUSTMENT', 'INITIAL_LOAD', NULL, '2025-08-01 17:16:40', 24), (1672, 116, 7, 79, 'ADJUSTMENT', 'INITIAL_LOAD', NULL, '2025-08-01 17:17:00', 23),
  (1673, 116, 8, 84, 'ADJUSTMENT', 'INITIAL_LOAD', NULL, '2025-08-01 17:17:20', 29), (1674, 116, 9, 46, 'ADJUSTMENT', 'INITIAL_LOAD', NULL, '2025-08-01 17:17:40', 33),
  (1675, 116, 10, 84, 'ADJUSTMENT', 'INITIAL_LOAD', NULL, '2025-08-01 17:18:00', 34), (1676, 116, 11, 43, 'ADJUSTMENT', 'INITIAL_LOAD', NULL, '2025-08-01 17:18:20', 8),
  (1677, 116, 12, 81, 'ADJUSTMENT', 'INITIAL_LOAD', NULL, '2025-08-01 17:18:40', 32), (1678, 116, 13, 37, 'ADJUSTMENT', 'INITIAL_LOAD', NULL, '2025-08-01 17:19:00', 19),
  (1679, 116, 14, 47, 'ADJUSTMENT', 'INITIAL_LOAD', NULL, '2025-08-01 17:19:20', 29), (1680, 116, 15, 5, 'ADJUSTMENT', 'INITIAL_LOAD', NULL, '2025-08-01 17:19:40', 24),
  (1681, 117, 1, 223, 'ADJUSTMENT', 'INITIAL_LOAD', NULL, '2025-08-01 17:20:00', 5), (1682, 117, 2, 230, 'ADJUSTMENT', 'INITIAL_LOAD', NULL, '2025-08-01 17:20:20', 13),
  (1683, 117, 3, 224, 'ADJUSTMENT', 'INITIAL_LOAD', NULL, '2025-08-01 17:20:40', 31), (1684, 117, 4, 144, 'ADJUSTMENT', 'INITIAL_LOAD', NULL, '2025-08-01 17:21:00', 6),
  (1685, 117, 5, 67, 'ADJUSTMENT', 'INITIAL_LOAD', NULL, '2025-08-01 17:21:20', 6), (1686, 117, 6, 32, 'ADJUSTMENT', 'INITIAL_LOAD', NULL, '2025-08-01 17:21:40', 26),
  (1687, 117, 8, 50, 'ADJUSTMENT', 'INITIAL_LOAD', NULL, '2025-08-01 17:22:00', 12), (1688, 117, 9, 24, 'ADJUSTMENT', 'INITIAL_LOAD', NULL, '2025-08-01 17:22:20', 19),
  (1689, 117, 10, 13, 'ADJUSTMENT', 'INITIAL_LOAD', NULL, '2025-08-01 17:22:40', 5), (1690, 117, 11, 5, 'ADJUSTMENT', 'INITIAL_LOAD', NULL, '2025-08-01 17:23:00', 7),
  (1691, 117, 12, 86, 'ADJUSTMENT', 'INITIAL_LOAD', NULL, '2025-08-01 17:23:20', 11), (1692, 117, 13, 57, 'ADJUSTMENT', 'INITIAL_LOAD', NULL, '2025-08-01 17:23:40', 18),
  (1693, 117, 14, 75, 'ADJUSTMENT', 'INITIAL_LOAD', NULL, '2025-08-01 17:24:00', 8), (1694, 117, 15, 47, 'ADJUSTMENT', 'INITIAL_LOAD', NULL, '2025-08-01 17:24:20', 10),
  (1695, 118, 1, 52, 'ADJUSTMENT', 'INITIAL_LOAD', NULL, '2025-08-01 17:24:40', 33), (1696, 118, 2, 181, 'ADJUSTMENT', 'INITIAL_LOAD', NULL, '2025-08-01 17:25:00', 10),
  (1697, 118, 3, 279, 'ADJUSTMENT', 'INITIAL_LOAD', NULL, '2025-08-01 17:25:20', 14), (1698, 118, 4, 150, 'ADJUSTMENT', 'INITIAL_LOAD', NULL, '2025-08-01 17:25:40', 2),
  (1699, 118, 5, 254, 'ADJUSTMENT', 'INITIAL_LOAD', NULL, '2025-08-01 17:26:00', 19), (1700, 118, 6, 74, 'ADJUSTMENT', 'INITIAL_LOAD', NULL, '2025-08-01 17:26:20', 27),
  (1701, 118, 7, 65, 'ADJUSTMENT', 'INITIAL_LOAD', NULL, '2025-08-01 17:26:40', 9), (1702, 118, 8, 31, 'ADJUSTMENT', 'INITIAL_LOAD', NULL, '2025-08-01 17:27:00', 32),
  (1703, 118, 9, 22, 'ADJUSTMENT', 'INITIAL_LOAD', NULL, '2025-08-01 17:27:20', 23), (1704, 118, 10, 59, 'ADJUSTMENT', 'INITIAL_LOAD', NULL, '2025-08-01 17:27:40', 27),
  (1705, 118, 11, 84, 'ADJUSTMENT', 'INITIAL_LOAD', NULL, '2025-08-01 17:28:00', 29), (1706, 118, 12, 41, 'ADJUSTMENT', 'INITIAL_LOAD', NULL, '2025-08-01 17:28:20', 2),
  (1707, 118, 13, 49, 'ADJUSTMENT', 'INITIAL_LOAD', NULL, '2025-08-01 17:28:40', 19), (1708, 118, 14, 77, 'ADJUSTMENT', 'INITIAL_LOAD', NULL, '2025-08-01 17:29:00', 13),
  (1709, 118, 15, 31, 'ADJUSTMENT', 'INITIAL_LOAD', NULL, '2025-08-01 17:29:20', 5), (1710, 118, 16, 43, 'ADJUSTMENT', 'INITIAL_LOAD', NULL, '2025-08-01 17:29:40', 2),
  (1711, 119, 1, 155, 'ADJUSTMENT', 'INITIAL_LOAD', NULL, '2025-08-01 17:30:00', 15), (1712, 119, 2, 246, 'ADJUSTMENT', 'INITIAL_LOAD', NULL, '2025-08-01 17:30:20', 22),
  (1713, 119, 3, 74, 'ADJUSTMENT', 'INITIAL_LOAD', NULL, '2025-08-01 17:30:40', 27), (1714, 119, 4, 75, 'ADJUSTMENT', 'INITIAL_LOAD', NULL, '2025-08-01 17:31:00', 22),
  (1715, 119, 5, 145, 'ADJUSTMENT', 'INITIAL_LOAD', NULL, '2025-08-01 17:31:20', 21), (1716, 119, 6, 77, 'ADJUSTMENT', 'INITIAL_LOAD', NULL, '2025-08-01 17:31:40', 33),
  (1717, 119, 7, 65, 'ADJUSTMENT', 'INITIAL_LOAD', NULL, '2025-08-01 17:32:00', 29), (1718, 119, 8, 89, 'ADJUSTMENT', 'INITIAL_LOAD', NULL, '2025-08-01 17:32:20', 31),
  (1719, 119, 9, 40, 'ADJUSTMENT', 'INITIAL_LOAD', NULL, '2025-08-01 17:32:40', 20), (1720, 119, 10, 70, 'ADJUSTMENT', 'INITIAL_LOAD', NULL, '2025-08-01 17:33:00', 9),
  (1721, 119, 11, 25, 'ADJUSTMENT', 'INITIAL_LOAD', NULL, '2025-08-01 17:33:20', 20), (1722, 119, 12, 37, 'ADJUSTMENT', 'INITIAL_LOAD', NULL, '2025-08-01 17:33:40', 11),
  (1723, 119, 14, 90, 'ADJUSTMENT', 'INITIAL_LOAD', NULL, '2025-08-01 17:34:00', 17), (1724, 119, 15, 22, 'ADJUSTMENT', 'INITIAL_LOAD', NULL, '2025-08-01 17:34:20', 15),
  (1725, 119, 16, 88, 'ADJUSTMENT', 'INITIAL_LOAD', NULL, '2025-08-01 17:34:40', 32), (1726, 120, 1, 221, 'ADJUSTMENT', 'INITIAL_LOAD', NULL, '2025-08-01 17:35:00', 24),
  (1727, 120, 2, 69, 'ADJUSTMENT', 'INITIAL_LOAD', NULL, '2025-08-01 17:35:20', 19), (1728, 120, 3, 234, 'ADJUSTMENT', 'INITIAL_LOAD', NULL, '2025-08-01 17:35:40', 4),
  (1729, 120, 4, 130, 'ADJUSTMENT', 'INITIAL_LOAD', NULL, '2025-08-01 17:36:00', 10), (1730, 120, 5, 183, 'ADJUSTMENT', 'INITIAL_LOAD', NULL, '2025-08-01 17:36:20', 23),
  (1731, 120, 6, 61, 'ADJUSTMENT', 'INITIAL_LOAD', NULL, '2025-08-01 17:36:40', 19), (1732, 120, 7, 85, 'ADJUSTMENT', 'INITIAL_LOAD', NULL, '2025-08-01 17:37:00', 31),
  (1733, 120, 8, 86, 'ADJUSTMENT', 'INITIAL_LOAD', NULL, '2025-08-01 17:37:20', 11), (1734, 120, 9, 68, 'ADJUSTMENT', 'INITIAL_LOAD', NULL, '2025-08-01 17:37:40', 11),
  (1735, 120, 10, 57, 'ADJUSTMENT', 'INITIAL_LOAD', NULL, '2025-08-01 17:38:00', 19), (1736, 120, 14, 34, 'ADJUSTMENT', 'INITIAL_LOAD', NULL, '2025-08-01 17:38:20', 12),
  (1737, 120, 15, 20, 'ADJUSTMENT', 'INITIAL_LOAD', NULL, '2025-08-01 17:38:40', 12), (1738, 120, 16, 87, 'ADJUSTMENT', 'INITIAL_LOAD', NULL, '2025-08-01 17:39:00', 10),
  (1739, 34, 2, 54, 'PURCHASE_RECEIPT', 'PURCHASE_ORDER', 1, '2025-09-15 10:18:00', 7), (1740, 48, 2, 79, 'PURCHASE_RECEIPT', 'PURCHASE_ORDER', 1, '2025-09-15 10:20:00', 7),
  (1741, 24, 2, 25, 'PURCHASE_RECEIPT', 'PURCHASE_ORDER', 1, '2025-09-15 11:57:00', 7), (1742, 27, 2, 73, 'PURCHASE_RECEIPT', 'PURCHASE_ORDER', 1, '2025-09-15 11:38:00', 7),
  (1743, 72, 2, 68, 'PURCHASE_RECEIPT', 'PURCHASE_ORDER', 1, '2025-09-15 11:58:00', 7), (1744, 91, 2, 10, 'PURCHASE_RECEIPT', 'PURCHASE_ORDER', 1, '2025-09-15 11:34:00', 7),
  (1745, 5, 2, 74, 'PURCHASE_RECEIPT', 'PURCHASE_ORDER', 1, '2025-09-15 10:42:00', 7), (1746, 11, 5, 21, 'PURCHASE_RECEIPT', 'PURCHASE_ORDER', 3, '2025-09-29 11:05:00', 25),
  (1747, 69, 5, 72, 'PURCHASE_RECEIPT', 'PURCHASE_ORDER', 3, '2025-09-29 10:40:00', 25), (1748, 109, 5, 75, 'PURCHASE_RECEIPT', 'PURCHASE_ORDER', 3, '2025-09-29 12:00:00', 25),
  (1749, 58, 5, 95, 'PURCHASE_RECEIPT', 'PURCHASE_ORDER', 3, '2025-09-29 10:46:00', 25), (1750, 37, 2, 21, 'PURCHASE_RECEIPT', 'PURCHASE_ORDER', 4, '2025-12-01 10:27:00', 7),
  (1751, 45, 2, 66, 'PURCHASE_RECEIPT', 'PURCHASE_ORDER', 4, '2025-12-01 11:34:00', 7), (1752, 40, 2, 112, 'PURCHASE_RECEIPT', 'PURCHASE_ORDER', 4, '2025-12-01 10:56:00', 7),
  (1753, 58, 2, 113, 'PURCHASE_RECEIPT', 'PURCHASE_ORDER', 4, '2025-12-01 11:33:00', 7), (1754, 39, 4, 85, 'PURCHASE_RECEIPT', 'PURCHASE_ORDER', 5, '2025-09-18 11:36:00', 12),
  (1755, 61, 4, 10, 'PURCHASE_RECEIPT', 'PURCHASE_ORDER', 5, '2025-09-18 10:52:00', 12), (1756, 112, 4, 44, 'PURCHASE_RECEIPT', 'PURCHASE_ORDER', 5, '2025-09-18 10:53:00', 12),
  (1757, 68, 4, 69, 'PURCHASE_RECEIPT', 'PURCHASE_ORDER', 5, '2025-09-18 11:30:00', 12), (1758, 43, 4, 27, 'PURCHASE_RECEIPT', 'PURCHASE_ORDER', 5, '2025-09-18 10:25:00', 12),
  (1759, 107, 4, 13, 'PURCHASE_RECEIPT', 'PURCHASE_ORDER', 6, '2025-10-08 11:41:00', 9), (1760, 75, 4, 43, 'PURCHASE_RECEIPT', 'PURCHASE_ORDER', 6, '2025-10-08 10:38:00', 9),
  (1761, 39, 4, 116, 'PURCHASE_RECEIPT', 'PURCHASE_ORDER', 6, '2025-10-08 11:21:00', 9), (1762, 64, 4, 93, 'PURCHASE_RECEIPT', 'PURCHASE_ORDER', 6, '2025-10-08 11:25:00', 9),
  (1763, 72, 4, 63, 'PURCHASE_RECEIPT', 'PURCHASE_ORDER', 6, '2025-10-08 10:22:00', 9), (1764, 95, 4, 98, 'PURCHASE_RECEIPT', 'PURCHASE_ORDER', 6, '2025-10-08 11:22:00', 9),
  (1765, 77, 1, 65, 'PURCHASE_RECEIPT', 'PURCHASE_ORDER', 7, '2025-09-16 11:51:00', 6), (1766, 96, 1, 97, 'PURCHASE_RECEIPT', 'PURCHASE_ORDER', 7, '2025-09-16 11:00:00', 6),
  (1767, 47, 1, 114, 'PURCHASE_RECEIPT', 'PURCHASE_ORDER', 7, '2025-09-16 10:15:00', 6), (1768, 75, 1, 103, 'PURCHASE_RECEIPT', 'PURCHASE_ORDER', 7, '2025-09-16 11:13:00', 6),
  (1769, 113, 3, 91, 'PURCHASE_RECEIPT', 'PURCHASE_ORDER', 8, '2025-09-21 11:56:00', 2), (1770, 89, 3, 16, 'PURCHASE_RECEIPT', 'PURCHASE_ORDER', 8, '2025-09-21 10:37:00', 2),
  (1771, 18, 3, 91, 'PURCHASE_RECEIPT', 'PURCHASE_ORDER', 8, '2025-09-21 11:59:00', 2), (1772, 46, 3, 34, 'PURCHASE_RECEIPT', 'PURCHASE_ORDER', 8, '2025-09-21 11:38:00', 2),
  (1773, 21, 3, 107, 'PURCHASE_RECEIPT', 'PURCHASE_ORDER', 8, '2025-09-21 10:12:00', 2), (1774, 7, 3, 31, 'PURCHASE_RECEIPT', 'PURCHASE_ORDER', 8, '2025-09-21 11:09:00', 2),
  (1775, 35, 3, 50, 'PURCHASE_RECEIPT', 'PURCHASE_ORDER', 8, '2025-09-21 11:45:00', 2), (1776, 69, 3, 27, 'PURCHASE_RECEIPT', 'PURCHASE_ORDER', 9, '2025-10-05 11:06:00', 15),
  (1777, 75, 3, 109, 'PURCHASE_RECEIPT', 'PURCHASE_ORDER', 9, '2025-10-05 11:02:00', 15), (1778, 46, 3, 30, 'PURCHASE_RECEIPT', 'PURCHASE_ORDER', 9, '2025-10-05 10:13:00', 15),
  (1779, 106, 3, 74, 'PURCHASE_RECEIPT', 'PURCHASE_ORDER', 9, '2025-10-05 10:28:00', 15), (1780, 17, 2, 19, 'PURCHASE_RECEIPT', 'PURCHASE_ORDER', 11, '2025-09-17 10:02:00', 4),
  (1781, 27, 2, 106, 'PURCHASE_RECEIPT', 'PURCHASE_ORDER', 11, '2025-09-17 10:55:00', 4), (1782, 11, 2, 23, 'PURCHASE_RECEIPT', 'PURCHASE_ORDER', 11, '2025-09-17 10:04:00', 4),
  (1783, 55, 2, 75, 'PURCHASE_RECEIPT', 'PURCHASE_ORDER', 11, '2025-09-17 11:15:00', 4), (1784, 89, 2, 25, 'PURCHASE_RECEIPT', 'PURCHASE_ORDER', 11, '2025-09-17 11:56:00', 4),
  (1785, 98, 2, 18, 'PURCHASE_RECEIPT', 'PURCHASE_ORDER', 11, '2025-09-17 10:38:00', 4), (1786, 98, 5, 78, 'PURCHASE_RECEIPT', 'PURCHASE_ORDER', 13, '2025-10-01 10:00:00', 12),
  (1787, 2, 5, 22, 'PURCHASE_RECEIPT', 'PURCHASE_ORDER', 13, '2025-10-01 11:58:00', 12), (1788, 68, 5, 74, 'PURCHASE_RECEIPT', 'PURCHASE_ORDER', 13, '2025-10-01 11:48:00', 12),
  (1789, 28, 5, 56, 'PURCHASE_RECEIPT', 'PURCHASE_ORDER', 13, '2025-10-01 11:29:00', 12), (1790, 92, 5, 66, 'PURCHASE_RECEIPT', 'PURCHASE_ORDER', 13, '2025-10-01 11:26:00', 12),
  (1791, 25, 5, 33, 'PURCHASE_RECEIPT', 'PURCHASE_ORDER', 13, '2025-10-01 11:46:00', 12), (1792, 37, 5, 58, 'PURCHASE_RECEIPT', 'PURCHASE_ORDER', 13, '2025-10-01 10:54:00', 12),
  (1793, 22, 5, 39, 'PURCHASE_RECEIPT', 'PURCHASE_ORDER', 13, '2025-10-01 10:52:00', 12), (1794, 98, 3, 73, 'PURCHASE_RECEIPT', 'PURCHASE_ORDER', 14, '2025-09-16 10:14:00', 3),
  (1795, 47, 3, 68, 'PURCHASE_RECEIPT', 'PURCHASE_ORDER', 14, '2025-09-16 11:16:00', 3), (1796, 91, 3, 97, 'PURCHASE_RECEIPT', 'PURCHASE_ORDER', 14, '2025-09-16 11:47:00', 3),
  (1797, 37, 3, 80, 'PURCHASE_RECEIPT', 'PURCHASE_ORDER', 14, '2025-09-16 10:52:00', 3), (1798, 72, 3, 119, 'PURCHASE_RECEIPT', 'PURCHASE_ORDER', 14, '2025-09-16 10:54:00', 3),
  (1799, 93, 3, 18, 'PURCHASE_RECEIPT', 'PURCHASE_ORDER', 14, '2025-09-16 11:54:00', 3), (1800, 6, 3, 70, 'PURCHASE_RECEIPT', 'PURCHASE_ORDER', 14, '2025-09-16 12:00:00', 3),
  (1801, 51, 3, 25, 'PURCHASE_RECEIPT', 'PURCHASE_ORDER', 15, '2025-09-23 10:18:00', 27), (1802, 57, 3, 98, 'PURCHASE_RECEIPT', 'PURCHASE_ORDER', 15, '2025-09-23 11:15:00', 27),
  (1803, 67, 3, 104, 'PURCHASE_RECEIPT', 'PURCHASE_ORDER', 15, '2025-09-23 11:58:00', 27), (1804, 85, 3, 31, 'PURCHASE_RECEIPT', 'PURCHASE_ORDER', 15, '2025-09-23 10:08:00', 27),
  (1805, 16, 2, 75, 'PURCHASE_RECEIPT', 'PURCHASE_ORDER', 16, '2025-10-14 11:15:00', 12), (1806, 30, 2, 103, 'PURCHASE_RECEIPT', 'PURCHASE_ORDER', 16, '2025-10-14 11:22:00', 12),
  (1807, 108, 2, 31, 'PURCHASE_RECEIPT', 'PURCHASE_ORDER', 16, '2025-10-14 11:25:00', 12), (1808, 55, 2, 32, 'PURCHASE_RECEIPT', 'PURCHASE_ORDER', 16, '2025-10-14 11:05:00', 12),
  (1809, 93, 2, 59, 'PURCHASE_RECEIPT', 'PURCHASE_ORDER', 16, '2025-10-14 10:13:00', 12), (1810, 64, 2, 64, 'PURCHASE_RECEIPT', 'PURCHASE_ORDER', 16, '2025-10-14 10:29:00', 12),
  (1811, 36, 2, 1, 'PURCHASE_RECEIPT', 'PURCHASE_ORDER', 16, '2025-10-14 10:12:00', 12), (1812, 49, 1, 89, 'PURCHASE_RECEIPT', 'PURCHASE_ORDER', 17, '2025-09-09 10:12:00', 27),
  (1813, 78, 1, 94, 'PURCHASE_RECEIPT', 'PURCHASE_ORDER', 17, '2025-09-09 11:36:00', 27), (1814, 87, 1, 73, 'PURCHASE_RECEIPT', 'PURCHASE_ORDER', 17, '2025-09-09 11:41:00', 27),
  (1815, 42, 1, 47, 'PURCHASE_RECEIPT', 'PURCHASE_ORDER', 17, '2025-09-09 11:24:00', 27), (1816, 20, 1, 74, 'PURCHASE_RECEIPT', 'PURCHASE_ORDER', 17, '2025-09-09 10:33:00', 27),
  (1817, 63, 2, 83, 'PURCHASE_RECEIPT', 'PURCHASE_ORDER', 19, '2025-11-02 11:00:00', 4), (1818, 98, 2, 119, 'PURCHASE_RECEIPT', 'PURCHASE_ORDER', 19, '2025-11-02 10:20:00', 4),
  (1819, 15, 2, 60, 'PURCHASE_RECEIPT', 'PURCHASE_ORDER', 19, '2025-11-02 10:33:00', 4), (1820, 73, 2, 58, 'PURCHASE_RECEIPT', 'PURCHASE_ORDER', 19, '2025-11-02 11:18:00', 4),
  (1821, 87, 2, 108, 'PURCHASE_RECEIPT', 'PURCHASE_ORDER', 19, '2025-11-02 10:36:00', 4), (1822, 85, 2, 13, 'PURCHASE_RECEIPT', 'PURCHASE_ORDER', 19, '2025-11-02 11:15:00', 4),
  (1823, 71, 2, 117, 'PURCHASE_RECEIPT', 'PURCHASE_ORDER', 19, '2025-11-02 10:46:00', 4), (1824, 55, 5, 94, 'PURCHASE_RECEIPT', 'PURCHASE_ORDER', 20, '2025-09-04 10:31:00', 27),
  (1825, 45, 5, 92, 'PURCHASE_RECEIPT', 'PURCHASE_ORDER', 20, '2025-09-04 10:39:00', 27), (1826, 46, 5, 98, 'PURCHASE_RECEIPT', 'PURCHASE_ORDER', 20, '2025-09-04 10:08:00', 27),
  (1827, 53, 5, 24, 'PURCHASE_RECEIPT', 'PURCHASE_ORDER', 20, '2025-09-04 10:43:00', 27), (1828, 73, 1, 12, 'PURCHASE_RECEIPT', 'PURCHASE_ORDER', 21, '2025-11-08 10:40:00', 2),
  (1829, 66, 1, 59, 'PURCHASE_RECEIPT', 'PURCHASE_ORDER', 21, '2025-11-08 10:41:00', 2), (1830, 116, 1, 113, 'PURCHASE_RECEIPT', 'PURCHASE_ORDER', 21, '2025-11-08 11:02:00', 2),
  (1831, 54, 1, 96, 'PURCHASE_RECEIPT', 'PURCHASE_ORDER', 21, '2025-11-08 10:26:00', 2), (1832, 35, 1, 74, 'PURCHASE_RECEIPT', 'PURCHASE_ORDER', 21, '2025-11-08 11:43:00', 2),
  (1833, 3, 1, 53, 'PURCHASE_RECEIPT', 'PURCHASE_ORDER', 21, '2025-11-08 10:21:00', 2), (1834, 90, 1, 56, 'PURCHASE_RECEIPT', 'PURCHASE_ORDER', 21, '2025-11-08 10:55:00', 2),
  (1835, 28, 4, 12, 'PURCHASE_RECEIPT', 'PURCHASE_ORDER', 22, '2025-11-21 11:31:00', 3), (1836, 37, 4, 19, 'PURCHASE_RECEIPT', 'PURCHASE_ORDER', 22, '2025-11-21 10:43:00', 3),
  (1837, 34, 4, 68, 'PURCHASE_RECEIPT', 'PURCHASE_ORDER', 22, '2025-11-21 11:00:00', 3), (1838, 7, 4, 51, 'PURCHASE_RECEIPT', 'PURCHASE_ORDER', 22, '2025-11-21 10:09:00', 3),
  (1839, 39, 4, 33, 'PURCHASE_RECEIPT', 'PURCHASE_ORDER', 22, '2025-11-21 11:42:00', 3), (1840, 74, 4, 70, 'PURCHASE_RECEIPT', 'PURCHASE_ORDER', 22, '2025-11-21 10:40:00', 3),
  (1841, 52, 4, 17, 'PURCHASE_RECEIPT', 'PURCHASE_ORDER', 22, '2025-11-21 11:19:00', 3), (1842, 103, 4, 71, 'PURCHASE_RECEIPT', 'PURCHASE_ORDER', 22, '2025-11-21 10:23:00', 3),
  (1843, 35, 5, 65, 'PURCHASE_RECEIPT', 'PURCHASE_ORDER', 23, '2025-09-24 11:59:00', 9), (1844, 120, 5, 90, 'PURCHASE_RECEIPT', 'PURCHASE_ORDER', 23, '2025-09-24 10:07:00', 9),
  (1845, 82, 5, 56, 'PURCHASE_RECEIPT', 'PURCHASE_ORDER', 23, '2025-09-24 10:59:00', 9), (1846, 69, 5, 29, 'PURCHASE_RECEIPT', 'PURCHASE_ORDER', 23, '2025-09-24 11:35:00', 9),
  (1847, 104, 5, 48, 'PURCHASE_RECEIPT', 'PURCHASE_ORDER', 23, '2025-09-24 11:48:00', 9), (1848, 79, 5, 50, 'PURCHASE_RECEIPT', 'PURCHASE_ORDER', 23, '2025-09-24 11:50:00', 9),
  (1849, 110, 5, 18, 'PURCHASE_RECEIPT', 'PURCHASE_ORDER', 23, '2025-09-24 11:21:00', 9), (1850, 31, 4, 69, 'PURCHASE_RECEIPT', 'PURCHASE_ORDER', 24, '2025-10-05 11:02:00', 27),
  (1851, 52, 4, 65, 'PURCHASE_RECEIPT', 'PURCHASE_ORDER', 24, '2025-10-05 10:54:00', 27), (1852, 15, 4, 14, 'PURCHASE_RECEIPT', 'PURCHASE_ORDER', 24, '2025-10-05 10:25:00', 27),
  (1853, 20, 4, 27, 'PURCHASE_RECEIPT', 'PURCHASE_ORDER', 24, '2025-10-05 10:03:00', 27), (1854, 25, 4, 112, 'PURCHASE_RECEIPT', 'PURCHASE_ORDER', 24, '2025-10-05 10:35:00', 27),
  (1855, 4, 4, 32, 'PURCHASE_RECEIPT', 'PURCHASE_ORDER', 24, '2025-10-05 11:22:00', 27), (1856, 32, 4, 102, 'PURCHASE_RECEIPT', 'PURCHASE_ORDER', 24, '2025-10-05 11:02:00', 27),
  (1857, 103, 4, 17, 'PURCHASE_RECEIPT', 'PURCHASE_ORDER', 24, '2025-10-05 11:50:00', 27), (1858, 115, 3, 102, 'PURCHASE_RECEIPT', 'PURCHASE_ORDER', 25, '2025-11-17 11:47:00', 34),
  (1859, 47, 3, 24, 'PURCHASE_RECEIPT', 'PURCHASE_ORDER', 25, '2025-11-17 11:13:00', 34), (1860, 86, 3, 25, 'PURCHASE_RECEIPT', 'PURCHASE_ORDER', 25, '2025-11-17 11:06:00', 34),
  (1861, 85, 3, 84, 'PURCHASE_RECEIPT', 'PURCHASE_ORDER', 25, '2025-11-17 11:39:00', 34), (1862, 114, 3, 42, 'PURCHASE_RECEIPT', 'PURCHASE_ORDER', 25, '2025-11-17 11:03:00', 34),
  (1863, 12, 3, 40, 'PURCHASE_RECEIPT', 'PURCHASE_ORDER', 25, '2025-11-17 11:16:00', 34), (1864, 51, 3, 113, 'PURCHASE_RECEIPT', 'PURCHASE_ORDER', 25, '2025-11-17 10:40:00', 34),
  (1865, 120, 5, 29, 'PURCHASE_RECEIPT', 'PURCHASE_ORDER', 26, '2025-12-04 10:52:00', 25), (1866, 55, 5, 8, 'PURCHASE_RECEIPT', 'PURCHASE_ORDER', 26, '2025-12-04 11:02:00', 25),
  (1867, 28, 5, 15, 'PURCHASE_RECEIPT', 'PURCHASE_ORDER', 26, '2025-12-04 10:40:00', 25), (1868, 19, 5, 32, 'PURCHASE_RECEIPT', 'PURCHASE_ORDER', 26, '2025-12-04 10:35:00', 25),
  (1869, 14, 5, 12, 'PURCHASE_RECEIPT', 'PURCHASE_ORDER', 26, '2025-12-04 11:00:00', 25), (1870, 118, 3, 92, 'PURCHASE_RECEIPT', 'PURCHASE_ORDER', 28, '2025-09-12 10:52:00', 5),
  (1871, 57, 3, 45, 'PURCHASE_RECEIPT', 'PURCHASE_ORDER', 28, '2025-09-12 11:50:00', 5), (1872, 81, 3, 109, 'PURCHASE_RECEIPT', 'PURCHASE_ORDER', 28, '2025-09-12 12:00:00', 5),
  (1873, 41, 3, 104, 'PURCHASE_RECEIPT', 'PURCHASE_ORDER', 28, '2025-09-12 10:52:00', 5), (1874, 113, 3, 52, 'PURCHASE_RECEIPT', 'PURCHASE_ORDER', 28, '2025-09-12 11:31:00', 5),
  (1875, 54, 1, 98, 'PURCHASE_RECEIPT', 'PURCHASE_ORDER', 29, '2025-09-21 10:03:00', 6), (1876, 78, 1, 92, 'PURCHASE_RECEIPT', 'PURCHASE_ORDER', 29, '2025-09-21 11:22:00', 6),
  (1877, 94, 1, 66, 'PURCHASE_RECEIPT', 'PURCHASE_ORDER', 29, '2025-09-21 11:41:00', 6), (1878, 105, 1, 10, 'PURCHASE_RECEIPT', 'PURCHASE_ORDER', 29, '2025-09-21 10:51:00', 6),
  (1879, 71, 1, 49, 'PURCHASE_RECEIPT', 'PURCHASE_ORDER', 29, '2025-09-21 10:40:00', 6), (1880, 95, 1, 24, 'PURCHASE_RECEIPT', 'PURCHASE_ORDER', 29, '2025-09-21 10:20:00', 6),
  (1881, 109, 5, 67, 'PURCHASE_RECEIPT', 'PURCHASE_ORDER', 30, '2025-12-01 11:01:00', 34), (1882, 77, 5, 27, 'PURCHASE_RECEIPT', 'PURCHASE_ORDER', 30, '2025-12-01 10:33:00', 34),
  (1883, 88, 5, 85, 'PURCHASE_RECEIPT', 'PURCHASE_ORDER', 30, '2025-12-01 11:45:00', 34), (1884, 53, 5, 46, 'PURCHASE_RECEIPT', 'PURCHASE_ORDER', 30, '2025-12-01 10:25:00', 34),
  (1885, 102, 5, 57, 'PURCHASE_RECEIPT', 'PURCHASE_ORDER', 30, '2025-12-01 10:23:00', 34), (1886, 37, 4, 86, 'PURCHASE_RECEIPT', 'PURCHASE_ORDER', 32, '2025-09-16 10:27:00', 15),
  (1887, 96, 4, 46, 'PURCHASE_RECEIPT', 'PURCHASE_ORDER', 32, '2025-09-16 11:33:00', 15), (1888, 64, 4, 63, 'PURCHASE_RECEIPT', 'PURCHASE_ORDER', 32, '2025-09-16 10:23:00', 15),
  (1889, 49, 4, 28, 'PURCHASE_RECEIPT', 'PURCHASE_ORDER', 32, '2025-09-16 10:03:00', 15), (1890, 17, 4, 43, 'PURCHASE_RECEIPT', 'PURCHASE_ORDER', 32, '2025-09-16 10:30:00', 15),
  (1891, 56, 4, 41, 'PURCHASE_RECEIPT', 'PURCHASE_ORDER', 32, '2025-09-16 10:47:00', 15), (1892, 89, 4, 104, 'PURCHASE_RECEIPT', 'PURCHASE_ORDER', 33, '2025-09-11 11:16:00', 9),
  (1893, 51, 4, 22, 'PURCHASE_RECEIPT', 'PURCHASE_ORDER', 33, '2025-09-11 11:11:00', 9), (1894, 88, 4, 52, 'PURCHASE_RECEIPT', 'PURCHASE_ORDER', 33, '2025-09-11 11:59:00', 9),
  (1895, 28, 4, 55, 'PURCHASE_RECEIPT', 'PURCHASE_ORDER', 33, '2025-09-11 11:17:00', 9), (1896, 92, 4, 112, 'PURCHASE_RECEIPT', 'PURCHASE_ORDER', 33, '2025-09-11 11:16:00', 9),
  (1897, 50, 4, 113, 'PURCHASE_RECEIPT', 'PURCHASE_ORDER', 33, '2025-09-11 10:05:00', 9), (1898, 86, 3, 31, 'PURCHASE_RECEIPT', 'PURCHASE_ORDER', 34, '2025-11-04 11:04:00', 8),
  (1899, 48, 3, 53, 'PURCHASE_RECEIPT', 'PURCHASE_ORDER', 34, '2025-11-04 11:52:00', 8), (1900, 17, 3, 21, 'PURCHASE_RECEIPT', 'PURCHASE_ORDER', 34, '2025-11-04 10:40:00', 8),
  (1901, 115, 3, 65, 'PURCHASE_RECEIPT', 'PURCHASE_ORDER', 34, '2025-11-04 10:18:00', 8), (1902, 72, 3, 50, 'PURCHASE_RECEIPT', 'PURCHASE_ORDER', 34, '2025-11-04 10:05:00', 8),
  (1903, 6, 3, 73, 'PURCHASE_RECEIPT', 'PURCHASE_ORDER', 34, '2025-11-04 11:51:00', 8), (1904, 75, 3, 45, 'PURCHASE_RECEIPT', 'PURCHASE_ORDER', 34, '2025-11-04 11:35:00', 8),
  (1905, 67, 4, 20, 'PURCHASE_RECEIPT', 'PURCHASE_ORDER', 35, '2025-10-07 11:11:00', 12), (1906, 41, 4, 82, 'PURCHASE_RECEIPT', 'PURCHASE_ORDER', 35, '2025-10-07 11:42:00', 12),
  (1907, 56, 4, 10, 'PURCHASE_RECEIPT', 'PURCHASE_ORDER', 35, '2025-10-07 10:06:00', 12), (1908, 115, 4, 8, 'PURCHASE_RECEIPT', 'PURCHASE_ORDER', 35, '2025-10-07 10:33:00', 12),
  (1909, 22, 4, 56, 'PURCHASE_RECEIPT', 'PURCHASE_ORDER', 35, '2025-10-07 10:14:00', 12), (1910, 95, 4, 6, 'PURCHASE_RECEIPT', 'PURCHASE_ORDER', 35, '2025-10-07 10:56:00', 12),
  (1911, 16, 5, 116, 'PURCHASE_RECEIPT', 'PURCHASE_ORDER', 36, '2025-11-02 10:21:00', 9), (1912, 45, 5, 115, 'PURCHASE_RECEIPT', 'PURCHASE_ORDER', 36, '2025-11-02 10:34:00', 9),
  (1913, 12, 5, 94, 'PURCHASE_RECEIPT', 'PURCHASE_ORDER', 36, '2025-11-02 11:14:00', 9), (1914, 27, 5, 10, 'PURCHASE_RECEIPT', 'PURCHASE_ORDER', 36, '2025-11-02 11:07:00', 9),
  (1915, 112, 5, 33, 'PURCHASE_RECEIPT', 'PURCHASE_ORDER', 36, '2025-11-02 10:53:00', 9), (1916, 6, 4, 112, 'PURCHASE_RECEIPT', 'PURCHASE_ORDER', 38, '2025-11-20 11:12:00', 12),
  (1917, 84, 4, 120, 'PURCHASE_RECEIPT', 'PURCHASE_ORDER', 38, '2025-11-20 10:06:00', 12), (1918, 80, 4, 46, 'PURCHASE_RECEIPT', 'PURCHASE_ORDER', 38, '2025-11-20 10:41:00', 12),
  (1919, 58, 4, 105, 'PURCHASE_RECEIPT', 'PURCHASE_ORDER', 38, '2025-11-20 10:09:00', 12), (1920, 42, 4, 87, 'PURCHASE_RECEIPT', 'PURCHASE_ORDER', 38, '2025-11-20 10:48:00', 12),
  (1921, 94, 4, 42, 'PURCHASE_RECEIPT', 'PURCHASE_ORDER', 38, '2025-11-20 10:22:00', 12), (1922, 100, 4, 72, 'PURCHASE_RECEIPT', 'PURCHASE_ORDER', 39, '2025-09-12 11:42:00', 34),
  (1923, 52, 4, 113, 'PURCHASE_RECEIPT', 'PURCHASE_ORDER', 39, '2025-09-12 11:57:00', 34), (1924, 37, 4, 97, 'PURCHASE_RECEIPT', 'PURCHASE_ORDER', 39, '2025-09-12 11:17:00', 34),
  (1925, 83, 4, 95, 'PURCHASE_RECEIPT', 'PURCHASE_ORDER', 39, '2025-09-12 10:12:00', 34), (1926, 97, 4, 75, 'PURCHASE_RECEIPT', 'PURCHASE_ORDER', 39, '2025-09-12 10:25:00', 34),
  (1927, 84, 4, 59, 'PURCHASE_RECEIPT', 'PURCHASE_ORDER', 39, '2025-09-12 11:00:00', 34), (1928, 20, 4, 86, 'PURCHASE_RECEIPT', 'PURCHASE_ORDER', 39, '2025-09-12 10:54:00', 34),
  (1929, 12, 4, 101, 'PURCHASE_RECEIPT', 'PURCHASE_ORDER', 40, '2025-10-18 10:19:00', 4), (1930, 6, 4, 77, 'PURCHASE_RECEIPT', 'PURCHASE_ORDER', 40, '2025-10-18 11:20:00', 4),
  (1931, 66, 4, 20, 'PURCHASE_RECEIPT', 'PURCHASE_ORDER', 40, '2025-10-18 10:37:00', 4), (1932, 44, 4, 20, 'PURCHASE_RECEIPT', 'PURCHASE_ORDER', 40, '2025-10-18 11:56:00', 4),
  (1933, 60, 4, 48, 'PURCHASE_RECEIPT', 'PURCHASE_ORDER', 40, '2025-10-18 10:19:00', 4), (1934, 87, 4, 97, 'PURCHASE_RECEIPT', 'PURCHASE_ORDER', 40, '2025-10-18 11:55:00', 4),
  (1935, 29, 4, 41, 'PURCHASE_RECEIPT', 'PURCHASE_ORDER', 40, '2025-10-18 11:06:00', 4), (1936, 66, 3, 94, 'PURCHASE_RECEIPT', 'PURCHASE_ORDER', 41, '2025-11-12 11:32:00', 20),
  (1937, 14, 3, 42, 'PURCHASE_RECEIPT', 'PURCHASE_ORDER', 41, '2025-11-12 10:45:00', 20), (1938, 55, 3, 20, 'PURCHASE_RECEIPT', 'PURCHASE_ORDER', 41, '2025-11-12 11:38:00', 20),
  (1939, 53, 3, 24, 'PURCHASE_RECEIPT', 'PURCHASE_ORDER', 41, '2025-11-12 11:34:00', 20), (1940, 11, 4, 59, 'PURCHASE_RECEIPT', 'PURCHASE_ORDER', 42, '2025-09-23 11:36:00', 4),
  (1941, 54, 4, 34, 'PURCHASE_RECEIPT', 'PURCHASE_ORDER', 42, '2025-09-23 10:43:00', 4), (1942, 113, 4, 24, 'PURCHASE_RECEIPT', 'PURCHASE_ORDER', 42, '2025-09-23 10:27:00', 4),
  (1943, 91, 4, 78, 'PURCHASE_RECEIPT', 'PURCHASE_ORDER', 42, '2025-09-23 10:33:00', 4), (1944, 2, 1, 61, 'PURCHASE_RECEIPT', 'PURCHASE_ORDER', 43, '2025-10-26 11:51:00', 2),
  (1945, 22, 1, 105, 'PURCHASE_RECEIPT', 'PURCHASE_ORDER', 43, '2025-10-26 11:17:00', 2), (1946, 84, 1, 48, 'PURCHASE_RECEIPT', 'PURCHASE_ORDER', 43, '2025-10-26 11:19:00', 2),
  (1947, 62, 1, 88, 'PURCHASE_RECEIPT', 'PURCHASE_ORDER', 43, '2025-10-26 10:46:00', 2), (1948, 15, 4, 36, 'PURCHASE_RECEIPT', 'PURCHASE_ORDER', 44, '2025-10-09 11:01:00', 4),
  (1949, 105, 4, 93, 'PURCHASE_RECEIPT', 'PURCHASE_ORDER', 44, '2025-10-09 10:30:00', 4), (1950, 3, 4, 90, 'PURCHASE_RECEIPT', 'PURCHASE_ORDER', 44, '2025-10-09 11:49:00', 4),
  (1951, 90, 4, 34, 'PURCHASE_RECEIPT', 'PURCHASE_ORDER', 44, '2025-10-09 10:11:00', 4), (1952, 25, 4, 69, 'PURCHASE_RECEIPT', 'PURCHASE_ORDER', 44, '2025-10-09 10:18:00', 4),
  (1953, 93, 3, 17, 'PURCHASE_RECEIPT', 'PURCHASE_ORDER', 46, '2025-09-05 11:07:00', 8), (1954, 79, 3, 83, 'PURCHASE_RECEIPT', 'PURCHASE_ORDER', 46, '2025-09-05 10:40:00', 8),
  (1955, 120, 3, 44, 'PURCHASE_RECEIPT', 'PURCHASE_ORDER', 46, '2025-09-05 11:54:00', 8), (1956, 87, 3, 70, 'PURCHASE_RECEIPT', 'PURCHASE_ORDER', 46, '2025-09-05 10:14:00', 8),
  (1957, 116, 3, 92, 'PURCHASE_RECEIPT', 'PURCHASE_ORDER', 46, '2025-09-05 10:44:00', 8), (1958, 105, 3, 65, 'PURCHASE_RECEIPT', 'PURCHASE_ORDER', 46, '2025-09-05 10:02:00', 8),
  (1959, 112, 3, 102, 'PURCHASE_RECEIPT', 'PURCHASE_ORDER', 46, '2025-09-05 10:24:00', 8), (1960, 63, 3, 66, 'PURCHASE_RECEIPT', 'PURCHASE_ORDER', 46, '2025-09-05 10:29:00', 8),
  (1961, 64, 2, 43, 'PURCHASE_RECEIPT', 'PURCHASE_ORDER', 48, '2025-09-21 10:45:00', 9), (1962, 39, 2, 32, 'PURCHASE_RECEIPT', 'PURCHASE_ORDER', 48, '2025-09-21 11:45:00', 9),
  (1963, 31, 2, 74, 'PURCHASE_RECEIPT', 'PURCHASE_ORDER', 48, '2025-09-21 10:04:00', 9), (1964, 27, 2, 53, 'PURCHASE_RECEIPT', 'PURCHASE_ORDER', 48, '2025-09-21 10:55:00', 9),
  (1965, 72, 2, 39, 'PURCHASE_RECEIPT', 'PURCHASE_ORDER', 48, '2025-09-21 10:15:00', 9), (1966, 7, 2, 72, 'PURCHASE_RECEIPT', 'PURCHASE_ORDER', 48, '2025-09-21 10:33:00', 9),
  (1967, 3, 2, 110, 'PURCHASE_RECEIPT', 'PURCHASE_ORDER', 48, '2025-09-21 10:45:00', 9), (1968, 78, 5, 117, 'PURCHASE_RECEIPT', 'PURCHASE_ORDER', 49, '2025-10-05 11:36:00', 34),
  (1969, 86, 5, 23, 'PURCHASE_RECEIPT', 'PURCHASE_ORDER', 49, '2025-10-05 11:40:00', 34), (1970, 14, 5, 110, 'PURCHASE_RECEIPT', 'PURCHASE_ORDER', 49, '2025-10-05 11:49:00', 34),
  (1971, 91, 5, 115, 'PURCHASE_RECEIPT', 'PURCHASE_ORDER', 49, '2025-10-05 11:11:00', 34), (1972, 7, 5, 23, 'PURCHASE_RECEIPT', 'PURCHASE_ORDER', 49, '2025-10-05 10:21:00', 34),
  (1973, 119, 5, 36, 'PURCHASE_RECEIPT', 'PURCHASE_ORDER', 49, '2025-10-05 11:56:00', 34), (1974, 57, 5, 103, 'PURCHASE_RECEIPT', 'PURCHASE_ORDER', 49, '2025-10-05 10:37:00', 34),
  (1975, 103, 5, 107, 'PURCHASE_RECEIPT', 'PURCHASE_ORDER', 49, '2025-10-05 11:04:00', 34), (1976, 16, 1, 10, 'PURCHASE_RECEIPT', 'PURCHASE_ORDER', 50, '2025-09-20 10:31:00', 7),
  (1977, 109, 1, 70, 'PURCHASE_RECEIPT', 'PURCHASE_ORDER', 50, '2025-09-20 10:43:00', 7), (1978, 26, 1, 31, 'PURCHASE_RECEIPT', 'PURCHASE_ORDER', 50, '2025-09-20 10:10:00', 7),
  (1979, 57, 1, 101, 'PURCHASE_RECEIPT', 'PURCHASE_ORDER', 50, '2025-09-20 11:36:00', 7), (1980, 54, 1, 90, 'PURCHASE_RECEIPT', 'PURCHASE_ORDER', 50, '2025-09-20 11:25:00', 7),
  (1981, 62, 9, -6, 'SALES_ISSUE', 'SALES_ORDER', 1, '2025-10-20 14:07:00', 3), (1982, 60, 9, -1, 'SALES_ISSUE', 'SALES_ORDER', 1, '2025-10-20 16:12:00', 3),
  (1983, 66, 9, -2, 'SALES_ISSUE', 'SALES_ORDER', 1, '2025-10-20 15:26:00', 3), (1984, 74, 9, -3, 'SALES_ISSUE', 'SALES_ORDER', 1, '2025-10-20 15:51:00', 3),
  (1985, 101, 6, -6, 'SALES_ISSUE', 'SALES_ORDER', 3, '2025-11-05 16:46:00', 19), (1986, 36, 6, -4, 'SALES_ISSUE', 'SALES_ORDER', 3, '2025-11-05 15:17:00', 19),
  (1987, 87, 6, -6, 'SALES_ISSUE', 'SALES_ORDER', 3, '2025-11-05 15:39:00', 19), (1988, 97, 6, -3, 'SALES_ISSUE', 'SALES_ORDER', 3, '2025-11-05 16:13:00', 19),
  (1989, 120, 6, -5, 'SALES_ISSUE', 'SALES_ORDER', 3, '2025-11-05 14:54:00', 19), (1990, 102, 6, -5, 'SALES_ISSUE', 'SALES_ORDER', 3, '2025-11-05 16:13:00', 19),
  (1991, 83, 15, -7, 'SALES_ISSUE', 'SALES_ORDER', 5, '2025-10-18 15:45:00', 25), (1992, 28, 15, -1, 'SALES_ISSUE', 'SALES_ORDER', 5, '2025-10-18 15:48:00', 25),
  (1993, 119, 15, -8, 'SALES_ISSUE', 'SALES_ORDER', 5, '2025-10-18 14:54:00', 25), (1994, 113, 15, -6, 'SALES_ISSUE', 'SALES_ORDER', 5, '2025-10-18 16:53:00', 25),
  (1995, 52, 15, -7, 'SALES_ISSUE', 'SALES_ORDER', 5, '2025-10-18 15:07:00', 25), (1996, 66, 15, -7, 'SALES_ISSUE', 'SALES_ORDER', 5, '2025-10-18 15:52:00', 25),
  (1997, 15, 15, -8, 'SALES_ISSUE', 'SALES_ORDER', 5, '2025-10-18 15:46:00', 25), (1998, 19, 8, -8, 'SALES_ISSUE', 'SALES_ORDER', 6, '2025-10-19 14:08:00', 18),
  (1999, 101, 8, -6, 'SALES_ISSUE', 'SALES_ORDER', 6, '2025-10-19 14:30:00', 18), (2000, 72, 8, -7, 'SALES_ISSUE', 'SALES_ORDER', 6, '2025-10-19 14:28:00', 18),
  (2001, 75, 8, -5, 'SALES_ISSUE', 'SALES_ORDER', 6, '2025-10-19 14:10:00', 18), (2002, 16, 8, -2, 'SALES_ISSUE', 'SALES_ORDER', 6, '2025-10-19 15:35:00', 18),
  (2003, 99, 8, -6, 'SALES_ISSUE', 'SALES_ORDER', 6, '2025-10-19 15:17:00', 18), (2004, 62, 10, -2, 'SALES_ISSUE', 'SALES_ORDER', 7, '2025-12-02 16:20:00', 19),
  (2005, 8, 10, -1, 'SALES_ISSUE', 'SALES_ORDER', 7, '2025-12-02 15:46:00', 19), (2006, 44, 10, -5, 'SALES_ISSUE', 'SALES_ORDER', 7, '2025-12-02 16:24:00', 19),
  (2007, 40, 10, -6, 'SALES_ISSUE', 'SALES_ORDER', 7, '2025-12-02 15:36:00', 19), (2008, 31, 10, -3, 'SALES_ISSUE', 'SALES_ORDER', 7, '2025-12-02 14:35:00', 19),
  (2009, 27, 10, -8, 'SALES_ISSUE', 'SALES_ORDER', 7, '2025-12-02 15:55:00', 19), (2010, 112, 10, -3, 'SALES_ISSUE', 'SALES_ORDER', 7, '2025-12-02 15:23:00', 19),
  (2011, 28, 13, -8, 'SALES_ISSUE', 'SALES_ORDER', 9, '2025-12-04 14:21:00', 17), (2012, 3, 13, -6, 'SALES_ISSUE', 'SALES_ORDER', 9, '2025-12-04 15:42:00', 17),
  (2013, 41, 13, -8, 'SALES_ISSUE', 'SALES_ORDER', 9, '2025-12-04 14:05:00', 17), (2014, 116, 13, -3, 'SALES_ISSUE', 'SALES_ORDER', 9, '2025-12-04 15:46:00', 17),
  (2015, 31, 13, -6, 'SALES_ISSUE', 'SALES_ORDER', 9, '2025-12-04 15:37:00', 17), (2016, 36, 13, -2, 'SALES_ISSUE', 'SALES_ORDER', 9, '2025-12-04 14:25:00', 17),
  (2017, 105, 13, -5, 'SALES_ISSUE', 'SALES_ORDER', 9, '2025-12-04 14:36:00', 17), (2018, 97, 8, -1, 'SALES_ISSUE', 'SALES_ORDER', 10, '2025-11-02 15:16:00', 19),
  (2019, 24, 8, -6, 'SALES_ISSUE', 'SALES_ORDER', 10, '2025-11-02 14:36:00', 19), (2020, 8, 8, -6, 'SALES_ISSUE', 'SALES_ORDER', 10, '2025-11-02 15:06:00', 19),
  (2021, 86, 8, -2, 'SALES_ISSUE', 'SALES_ORDER', 10, '2025-11-02 14:13:00', 19), (2022, 47, 8, -4, 'SALES_ISSUE', 'SALES_ORDER', 10, '2025-11-02 16:06:00', 19),
  (2023, 27, 8, -7, 'SALES_ISSUE', 'SALES_ORDER', 10, '2025-11-02 14:29:00', 19), (2024, 72, 10, -1, 'SALES_ISSUE', 'SALES_ORDER', 11, '2025-10-08 15:08:00', 6),
  (2025, 4, 10, -2, 'SALES_ISSUE', 'SALES_ORDER', 11, '2025-10-08 15:03:00', 6), (2026, 60, 10, -3, 'SALES_ISSUE', 'SALES_ORDER', 11, '2025-10-08 15:17:00', 6),
  (2027, 30, 15, -7, 'SALES_ISSUE', 'SALES_ORDER', 12, '2025-11-22 16:22:00', 15), (2028, 114, 15, -1, 'SALES_ISSUE', 'SALES_ORDER', 12, '2025-11-22 15:58:00', 15),
  (2029, 21, 15, -5, 'SALES_ISSUE', 'SALES_ORDER', 12, '2025-11-22 16:47:00', 15), (2030, 53, 15, -1, 'SALES_ISSUE', 'SALES_ORDER', 12, '2025-11-22 14:15:00', 15),
  (2031, 78, 15, -8, 'SALES_ISSUE', 'SALES_ORDER', 12, '2025-11-22 15:09:00', 15), (2032, 24, 15, -7, 'SALES_ISSUE', 'SALES_ORDER', 12, '2025-11-22 15:29:00', 15),
  (2033, 35, 15, -4, 'SALES_ISSUE', 'SALES_ORDER', 12, '2025-11-22 16:29:00', 15), (2034, 12, 14, -5, 'SALES_ISSUE', 'SALES_ORDER', 13, '2025-11-06 15:50:00', 20),
  (2035, 42, 14, -2, 'SALES_ISSUE', 'SALES_ORDER', 13, '2025-11-06 16:54:00', 20), (2036, 15, 14, -5, 'SALES_ISSUE', 'SALES_ORDER', 13, '2025-11-06 15:55:00', 20),
  (2037, 57, 14, -6, 'SALES_ISSUE', 'SALES_ORDER', 13, '2025-11-06 15:27:00', 20), (2038, 104, 14, -6, 'SALES_ISSUE', 'SALES_ORDER', 13, '2025-11-06 14:04:00', 20),
  (2039, 19, 14, -3, 'SALES_ISSUE', 'SALES_ORDER', 13, '2025-11-06 16:45:00', 20), (2040, 21, 14, -8, 'SALES_ISSUE', 'SALES_ORDER', 13, '2025-11-06 14:01:00', 20),
  (2041, 14, 6, -2, 'SALES_ISSUE', 'SALES_ORDER', 14, '2025-10-23 15:30:00', 8), (2042, 120, 6, -7, 'SALES_ISSUE', 'SALES_ORDER', 14, '2025-10-23 16:33:00', 8),
  (2043, 102, 6, -3, 'SALES_ISSUE', 'SALES_ORDER', 14, '2025-10-23 16:58:00', 8), (2044, 13, 6, -2, 'SALES_ISSUE', 'SALES_ORDER', 14, '2025-10-23 15:58:00', 8),
  (2045, 86, 6, -4, 'SALES_ISSUE', 'SALES_ORDER', 14, '2025-10-23 15:53:00', 8), (2046, 5, 6, -1, 'SALES_ISSUE', 'SALES_ORDER', 14, '2025-10-23 15:11:00', 8),
  (2047, 104, 6, -6, 'SALES_ISSUE', 'SALES_ORDER', 14, '2025-10-23 14:49:00', 8), (2048, 4, 8, -6, 'SALES_ISSUE', 'SALES_ORDER', 18, '2025-11-12 15:04:00', 14),
  (2049, 67, 8, -8, 'SALES_ISSUE', 'SALES_ORDER', 18, '2025-11-12 15:01:00', 14), (2050, 61, 8, -1, 'SALES_ISSUE', 'SALES_ORDER', 18, '2025-11-12 15:25:00', 14),
  (2051, 90, 14, -2, 'SALES_ISSUE', 'SALES_ORDER', 19, '2025-10-31 14:32:00', 5), (2052, 19, 14, -8, 'SALES_ISSUE', 'SALES_ORDER', 19, '2025-10-31 14:14:00', 5),
  (2053, 14, 14, -7, 'SALES_ISSUE', 'SALES_ORDER', 19, '2025-10-31 14:16:00', 5), (2054, 11, 14, -1, 'SALES_ISSUE', 'SALES_ORDER', 19, '2025-10-31 16:23:00', 5),
  (2055, 5, 14, -7, 'SALES_ISSUE', 'SALES_ORDER', 19, '2025-10-31 15:42:00', 5), (2056, 56, 14, -7, 'SALES_ISSUE', 'SALES_ORDER', 19, '2025-10-31 14:59:00', 5),
  (2057, 88, 15, -6, 'SALES_ISSUE', 'SALES_ORDER', 20, '2025-10-02 16:30:00', 34), (2058, 15, 15, -2, 'SALES_ISSUE', 'SALES_ORDER', 20, '2025-10-02 14:03:00', 34),
  (2059, 48, 15, -2, 'SALES_ISSUE', 'SALES_ORDER', 20, '2025-10-02 16:31:00', 34), (2060, 93, 15, -4, 'SALES_ISSUE', 'SALES_ORDER', 20, '2025-10-02 16:26:00', 34),
  (2061, 98, 15, -5, 'SALES_ISSUE', 'SALES_ORDER', 20, '2025-10-02 15:30:00', 34), (2062, 114, 15, -8, 'SALES_ISSUE', 'SALES_ORDER', 20, '2025-10-02 14:47:00', 34),
  (2063, 63, 9, -3, 'SALES_ISSUE', 'SALES_ORDER', 21, '2025-10-18 14:37:00', 13), (2064, 73, 9, -6, 'SALES_ISSUE', 'SALES_ORDER', 21, '2025-10-18 15:14:00', 13),
  (2065, 98, 9, -1, 'SALES_ISSUE', 'SALES_ORDER', 21, '2025-10-18 16:12:00', 13), (2066, 114, 9, -3, 'SALES_ISSUE', 'SALES_ORDER', 21, '2025-10-18 14:14:00', 13),
  (2067, 51, 9, -1, 'SALES_ISSUE', 'SALES_ORDER', 21, '2025-10-18 15:48:00', 13), (2068, 44, 9, -4, 'SALES_ISSUE', 'SALES_ORDER', 21, '2025-10-18 16:43:00', 13),
  (2069, 86, 9, -2, 'SALES_ISSUE', 'SALES_ORDER', 21, '2025-10-18 15:27:00', 13), (2070, 115, 14, -5, 'SALES_ISSUE', 'SALES_ORDER', 23, '2025-10-15 14:44:00', 28),
  (2071, 53, 14, -4, 'SALES_ISSUE', 'SALES_ORDER', 23, '2025-10-15 14:45:00', 28), (2072, 7, 14, -3, 'SALES_ISSUE', 'SALES_ORDER', 23, '2025-10-15 15:07:00', 28),
  (2073, 4, 14, -1, 'SALES_ISSUE', 'SALES_ORDER', 23, '2025-10-15 16:53:00', 28), (2074, 29, 14, -2, 'SALES_ISSUE', 'SALES_ORDER', 23, '2025-10-15 15:26:00', 28),
  (2075, 40, 14, -5, 'SALES_ISSUE', 'SALES_ORDER', 23, '2025-10-15 15:56:00', 28), (2076, 26, 14, -6, 'SALES_ISSUE', 'SALES_ORDER', 23, '2025-10-15 16:49:00', 28),
  (2077, 112, 8, -6, 'SALES_ISSUE', 'SALES_ORDER', 24, '2025-12-07 16:33:00', 14), (2078, 28, 8, -4, 'SALES_ISSUE', 'SALES_ORDER', 24, '2025-12-07 14:11:00', 14),
  (2079, 76, 8, -4, 'SALES_ISSUE', 'SALES_ORDER', 24, '2025-12-07 16:17:00', 14), (2080, 54, 8, -3, 'SALES_ISSUE', 'SALES_ORDER', 24, '2025-12-07 15:23:00', 14),
  (2081, 85, 9, -2, 'SALES_ISSUE', 'SALES_ORDER', 26, '2025-11-20 15:15:00', 29), (2082, 21, 9, -6, 'SALES_ISSUE', 'SALES_ORDER', 26, '2025-11-20 14:58:00', 29),
  (2083, 53, 9, -8, 'SALES_ISSUE', 'SALES_ORDER', 26, '2025-11-20 16:11:00', 29), (2084, 34, 9, -7, 'SALES_ISSUE', 'SALES_ORDER', 26, '2025-11-20 15:55:00', 29),
  (2085, 79, 9, -7, 'SALES_ISSUE', 'SALES_ORDER', 26, '2025-11-20 15:34:00', 29), (2086, 11, 9, -6, 'SALES_ISSUE', 'SALES_ORDER', 26, '2025-11-20 15:09:00', 29),
  (2087, 52, 12, -2, 'SALES_ISSUE', 'SALES_ORDER', 27, '2025-10-04 15:10:00', 5), (2088, 13, 12, -2, 'SALES_ISSUE', 'SALES_ORDER', 27, '2025-10-04 14:30:00', 5),
  (2089, 43, 12, -1, 'SALES_ISSUE', 'SALES_ORDER', 27, '2025-10-04 16:19:00', 5), (2090, 25, 9, -5, 'SALES_ISSUE', 'SALES_ORDER', 28, '2025-11-12 14:02:00', 31),
  (2091, 105, 9, -5, 'SALES_ISSUE', 'SALES_ORDER', 28, '2025-11-12 15:28:00', 31), (2092, 89, 9, -7, 'SALES_ISSUE', 'SALES_ORDER', 28, '2025-11-12 15:43:00', 31),
  (2093, 18, 9, -1, 'SALES_ISSUE', 'SALES_ORDER', 28, '2025-11-12 16:00:00', 31), (2094, 114, 9, -3, 'SALES_ISSUE', 'SALES_ORDER', 28, '2025-11-12 15:41:00', 31),
  (2095, 119, 9, -4, 'SALES_ISSUE', 'SALES_ORDER', 29, '2025-10-30 15:49:00', 7), (2096, 79, 9, -7, 'SALES_ISSUE', 'SALES_ORDER', 29, '2025-10-30 14:53:00', 7),
  (2097, 114, 9, -1, 'SALES_ISSUE', 'SALES_ORDER', 29, '2025-10-30 15:35:00', 7), (2098, 67, 9, -3, 'SALES_ISSUE', 'SALES_ORDER', 29, '2025-10-30 15:18:00', 7),
  (2099, 107, 9, -1, 'SALES_ISSUE', 'SALES_ORDER', 29, '2025-10-30 16:07:00', 7), (2100, 49, 9, -6, 'SALES_ISSUE', 'SALES_ORDER', 29, '2025-10-30 15:26:00', 7),
  (2101, 120, 9, -7, 'SALES_ISSUE', 'SALES_ORDER', 29, '2025-10-30 16:55:00', 7), (2102, 115, 12, -7, 'SALES_ISSUE', 'SALES_ORDER', 30, '2025-12-08 15:37:00', 30),
  (2103, 6, 12, -7, 'SALES_ISSUE', 'SALES_ORDER', 30, '2025-12-08 14:16:00', 30), (2104, 20, 12, -4, 'SALES_ISSUE', 'SALES_ORDER', 30, '2025-12-08 16:01:00', 30),
  (2105, 22, 12, -8, 'SALES_ISSUE', 'SALES_ORDER', 30, '2025-12-08 16:43:00', 30), (2106, 48, 12, -2, 'SALES_ISSUE', 'SALES_ORDER', 30, '2025-12-08 14:43:00', 30),
  (2107, 83, 12, -3, 'SALES_ISSUE', 'SALES_ORDER', 30, '2025-12-08 14:08:00', 30), (2108, 92, 12, -8, 'SALES_ISSUE', 'SALES_ORDER', 30, '2025-12-08 14:06:00', 30),
  (2109, 43, 8, -6, 'SALES_ISSUE', 'SALES_ORDER', 31, '2025-10-26 16:12:00', 34), (2110, 95, 8, -6, 'SALES_ISSUE', 'SALES_ORDER', 31, '2025-10-26 15:45:00', 34),
  (2111, 75, 8, -2, 'SALES_ISSUE', 'SALES_ORDER', 31, '2025-10-26 14:33:00', 34), (2112, 9, 8, -8, 'SALES_ISSUE', 'SALES_ORDER', 31, '2025-10-26 14:17:00', 34),
  (2113, 23, 12, -8, 'SALES_ISSUE', 'SALES_ORDER', 32, '2025-10-27 15:10:00', 23), (2114, 88, 12, -3, 'SALES_ISSUE', 'SALES_ORDER', 32, '2025-10-27 15:54:00', 23),
  (2115, 84, 12, -7, 'SALES_ISSUE', 'SALES_ORDER', 32, '2025-10-27 16:34:00', 23), (2116, 45, 12, -6, 'SALES_ISSUE', 'SALES_ORDER', 32, '2025-10-27 16:25:00', 23),
  (2117, 86, 12, -8, 'SALES_ISSUE', 'SALES_ORDER', 32, '2025-10-27 15:58:00', 23), (2118, 30, 12, -2, 'SALES_ISSUE', 'SALES_ORDER', 32, '2025-10-27 15:13:00', 23),
  (2119, 60, 16, -8, 'SALES_ISSUE', 'SALES_ORDER', 33, '2025-11-28 15:38:00', 29), (2120, 36, 16, -3, 'SALES_ISSUE', 'SALES_ORDER', 33, '2025-11-28 16:58:00', 29),
  (2121, 27, 16, -4, 'SALES_ISSUE', 'SALES_ORDER', 33, '2025-11-28 16:58:00', 29), (2122, 91, 16, -4, 'SALES_ISSUE', 'SALES_ORDER', 33, '2025-11-28 14:40:00', 29),
  (2123, 74, 10, -6, 'SALES_ISSUE', 'SALES_ORDER', 34, '2025-12-08 14:19:00', 14), (2124, 60, 10, -6, 'SALES_ISSUE', 'SALES_ORDER', 34, '2025-12-08 15:44:00', 14),
  (2125, 115, 10, -5, 'SALES_ISSUE', 'SALES_ORDER', 34, '2025-12-08 14:53:00', 14), (2126, 83, 10, -8, 'SALES_ISSUE', 'SALES_ORDER', 34, '2025-12-08 14:06:00', 14),
  (2127, 64, 7, -3, 'SALES_ISSUE', 'SALES_ORDER', 35, '2025-11-29 15:23:00', 31), (2128, 5, 7, -8, 'SALES_ISSUE', 'SALES_ORDER', 35, '2025-11-29 16:04:00', 31),
  (2129, 2, 7, -2, 'SALES_ISSUE', 'SALES_ORDER', 35, '2025-11-29 16:20:00', 31), (2130, 45, 7, -8, 'SALES_ISSUE', 'SALES_ORDER', 35, '2025-11-29 14:35:00', 31),
  (2131, 16, 13, -1, 'SALES_ISSUE', 'SALES_ORDER', 36, '2025-11-05 16:53:00', 20), (2132, 27, 13, -8, 'SALES_ISSUE', 'SALES_ORDER', 36, '2025-11-05 15:31:00', 20),
  (2133, 44, 13, -1, 'SALES_ISSUE', 'SALES_ORDER', 36, '2025-11-05 16:52:00', 20), (2134, 20, 13, -8, 'SALES_ISSUE', 'SALES_ORDER', 36, '2025-11-05 16:58:00', 20),
  (2135, 83, 13, -6, 'SALES_ISSUE', 'SALES_ORDER', 36, '2025-11-05 16:13:00', 20), (2136, 111, 13, -2, 'SALES_ISSUE', 'SALES_ORDER', 36, '2025-11-05 15:39:00', 20),
  (2137, 59, 13, -8, 'SALES_ISSUE', 'SALES_ORDER', 36, '2025-11-05 14:13:00', 20), (2138, 53, 15, -1, 'SALES_ISSUE', 'SALES_ORDER', 37, '2025-10-01 14:03:00', 34),
  (2139, 34, 15, -4, 'SALES_ISSUE', 'SALES_ORDER', 37, '2025-10-01 16:54:00', 34), (2140, 29, 15, -4, 'SALES_ISSUE', 'SALES_ORDER', 37, '2025-10-01 14:24:00', 34),
  (2141, 14, 15, -3, 'SALES_ISSUE', 'SALES_ORDER', 37, '2025-10-01 14:42:00', 34), (2142, 89, 6, -7, 'SALES_ISSUE', 'SALES_ORDER', 38, '2025-11-23 15:49:00', 16),
  (2143, 98, 6, -4, 'SALES_ISSUE', 'SALES_ORDER', 38, '2025-11-23 14:27:00', 16), (2144, 34, 6, -3, 'SALES_ISSUE', 'SALES_ORDER', 38, '2025-11-23 14:03:00', 16),
  (2145, 97, 6, -6, 'SALES_ISSUE', 'SALES_ORDER', 38, '2025-11-23 14:03:00', 16), (2146, 36, 6, -4, 'SALES_ISSUE', 'SALES_ORDER', 38, '2025-11-23 14:56:00', 16),
  (2147, 66, 7, -2, 'SALES_ISSUE', 'SALES_ORDER', 39, '2025-11-05 16:17:00', 12), (2148, 51, 7, -3, 'SALES_ISSUE', 'SALES_ORDER', 39, '2025-11-05 15:04:00', 12),
  (2149, 95, 7, -6, 'SALES_ISSUE', 'SALES_ORDER', 39, '2025-11-05 16:41:00', 12), (2150, 77, 7, -3, 'SALES_ISSUE', 'SALES_ORDER', 39, '2025-11-05 15:25:00', 12),
  (2151, 82, 8, -1, 'SALES_ISSUE', 'SALES_ORDER', 40, '2025-11-10 14:59:00', 14), (2152, 63, 8, -2, 'SALES_ISSUE', 'SALES_ORDER', 40, '2025-11-10 15:19:00', 14),
  (2153, 54, 8, -7, 'SALES_ISSUE', 'SALES_ORDER', 40, '2025-11-10 15:02:00', 14), (2154, 72, 8, -1, 'SALES_ISSUE', 'SALES_ORDER', 40, '2025-11-10 14:35:00', 14),
  (2155, 90, 8, -5, 'SALES_ISSUE', 'SALES_ORDER', 40, '2025-11-10 14:51:00', 14), (2156, 105, 8, -4, 'SALES_ISSUE', 'SALES_ORDER', 40, '2025-11-10 16:44:00', 14),
  (2157, 34, 8, -8, 'SALES_ISSUE', 'SALES_ORDER', 40, '2025-11-10 15:24:00', 14), (2158, 93, 8, -6, 'SALES_ISSUE', 'SALES_ORDER', 41, '2025-11-05 15:27:00', 12),
  (2159, 116, 8, -1, 'SALES_ISSUE', 'SALES_ORDER', 41, '2025-11-05 16:50:00', 12), (2160, 42, 8, -4, 'SALES_ISSUE', 'SALES_ORDER', 41, '2025-11-05 16:35:00', 12),
  (2161, 107, 8, -5, 'SALES_ISSUE', 'SALES_ORDER', 41, '2025-11-05 15:22:00', 12), (2162, 4, 8, -1, 'SALES_ISSUE', 'SALES_ORDER', 41, '2025-11-05 14:16:00', 12),
  (2163, 34, 8, -2, 'SALES_ISSUE', 'SALES_ORDER', 41, '2025-11-05 14:49:00', 12), (2164, 88, 6, -3, 'SALES_ISSUE', 'SALES_ORDER', 42, '2025-10-19 14:50:00', 18),
  (2165, 36, 6, -1, 'SALES_ISSUE', 'SALES_ORDER', 42, '2025-10-19 16:35:00', 18), (2166, 41, 6, -5, 'SALES_ISSUE', 'SALES_ORDER', 42, '2025-10-19 16:27:00', 18),
  (2167, 80, 6, -4, 'SALES_ISSUE', 'SALES_ORDER', 42, '2025-10-19 15:09:00', 18), (2168, 14, 6, -8, 'SALES_ISSUE', 'SALES_ORDER', 42, '2025-10-19 14:20:00', 18),
  (2169, 69, 6, -6, 'SALES_ISSUE', 'SALES_ORDER', 42, '2025-10-19 15:41:00', 18), (2170, 111, 6, -4, 'SALES_ISSUE', 'SALES_ORDER', 42, '2025-10-19 15:52:00', 18),
  (2171, 3, 12, -3, 'SALES_ISSUE', 'SALES_ORDER', 43, '2025-12-04 16:21:00', 19), (2172, 112, 12, -5, 'SALES_ISSUE', 'SALES_ORDER', 43, '2025-12-04 15:37:00', 19),
  (2173, 55, 12, -8, 'SALES_ISSUE', 'SALES_ORDER', 43, '2025-12-04 15:12:00', 19), (2174, 62, 12, -8, 'SALES_ISSUE', 'SALES_ORDER', 43, '2025-12-04 14:18:00', 19),
  (2175, 13, 12, -8, 'SALES_ISSUE', 'SALES_ORDER', 43, '2025-12-04 14:50:00', 19), (2176, 44, 12, -4, 'SALES_ISSUE', 'SALES_ORDER', 43, '2025-12-04 14:01:00', 19),
  (2177, 64, 6, -2, 'SALES_ISSUE', 'SALES_ORDER', 44, '2025-12-04 15:44:00', 8), (2178, 115, 6, -2, 'SALES_ISSUE', 'SALES_ORDER', 44, '2025-12-04 15:38:00', 8),
  (2179, 61, 6, -3, 'SALES_ISSUE', 'SALES_ORDER', 44, '2025-12-04 14:49:00', 8), (2180, 63, 6, -5, 'SALES_ISSUE', 'SALES_ORDER', 44, '2025-12-04 15:29:00', 8),
  (2181, 78, 6, -8, 'SALES_ISSUE', 'SALES_ORDER', 44, '2025-12-04 16:42:00', 8), (2182, 52, 6, -1, 'SALES_ISSUE', 'SALES_ORDER', 44, '2025-12-04 16:46:00', 8),
  (2183, 92, 12, -3, 'SALES_ISSUE', 'SALES_ORDER', 45, '2025-11-24 15:06:00', 25), (2184, 104, 12, -3, 'SALES_ISSUE', 'SALES_ORDER', 45, '2025-11-24 15:05:00', 25),
  (2185, 99, 12, -3, 'SALES_ISSUE', 'SALES_ORDER', 45, '2025-11-24 14:03:00', 25), (2186, 5, 12, -2, 'SALES_ISSUE', 'SALES_ORDER', 45, '2025-11-24 16:44:00', 25),
  (2187, 103, 12, -7, 'SALES_ISSUE', 'SALES_ORDER', 45, '2025-11-24 15:41:00', 25), (2188, 47, 7, -6, 'SALES_ISSUE', 'SALES_ORDER', 49, '2025-10-28 15:20:00', 10),
  (2189, 76, 7, -6, 'SALES_ISSUE', 'SALES_ORDER', 49, '2025-10-28 16:50:00', 10), (2190, 74, 7, -1, 'SALES_ISSUE', 'SALES_ORDER', 49, '2025-10-28 15:31:00', 10),
  (2191, 57, 7, -2, 'SALES_ISSUE', 'SALES_ORDER', 49, '2025-10-28 14:00:00', 10), (2192, 96, 7, -7, 'SALES_ISSUE', 'SALES_ORDER', 49, '2025-10-28 14:35:00', 10),
  (2193, 68, 7, -2, 'SALES_ISSUE', 'SALES_ORDER', 49, '2025-10-28 16:15:00', 10), (2194, 61, 7, -4, 'SALES_ISSUE', 'SALES_ORDER', 49, '2025-10-28 15:34:00', 10),
  (2195, 97, 13, -1, 'SALES_ISSUE', 'SALES_ORDER', 50, '2025-11-30 15:23:00', 3), (2196, 49, 13, -4, 'SALES_ISSUE', 'SALES_ORDER', 50, '2025-11-30 16:35:00', 3),
  (2197, 3, 13, -2, 'SALES_ISSUE', 'SALES_ORDER', 50, '2025-11-30 15:29:00', 3), (2198, 105, 12, -1, 'SALES_ISSUE', 'SALES_ORDER', 51, '2025-11-30 14:32:00', 34),
  (2199, 21, 12, -2, 'SALES_ISSUE', 'SALES_ORDER', 51, '2025-11-30 15:17:00', 34), (2200, 77, 12, -8, 'SALES_ISSUE', 'SALES_ORDER', 51, '2025-11-30 14:43:00', 34),
  (2201, 84, 12, -2, 'SALES_ISSUE', 'SALES_ORDER', 51, '2025-11-30 16:03:00', 34), (2202, 16, 16, -6, 'SALES_ISSUE', 'SALES_ORDER', 52, '2025-12-09 15:38:00', 25),
  (2203, 62, 16, -4, 'SALES_ISSUE', 'SALES_ORDER', 52, '2025-12-09 15:05:00', 25), (2204, 106, 16, -2, 'SALES_ISSUE', 'SALES_ORDER', 52, '2025-12-09 16:50:00', 25),
  (2205, 33, 8, -7, 'SALES_ISSUE', 'SALES_ORDER', 53, '2025-12-08 15:37:00', 15), (2206, 81, 8, -7, 'SALES_ISSUE', 'SALES_ORDER', 53, '2025-12-08 14:59:00', 15),
  (2207, 110, 8, -2, 'SALES_ISSUE', 'SALES_ORDER', 53, '2025-12-08 15:14:00', 15), (2208, 84, 8, -2, 'SALES_ISSUE', 'SALES_ORDER', 53, '2025-12-08 15:27:00', 15),
  (2209, 9, 8, -4, 'SALES_ISSUE', 'SALES_ORDER', 53, '2025-12-08 14:29:00', 15), (2210, 8, 7, -4, 'SALES_ISSUE', 'SALES_ORDER', 55, '2025-11-05 16:59:00', 23),
  (2211, 55, 7, -3, 'SALES_ISSUE', 'SALES_ORDER', 55, '2025-11-05 16:04:00', 23), (2212, 28, 7, -5, 'SALES_ISSUE', 'SALES_ORDER', 55, '2025-11-05 16:48:00', 23),
  (2213, 115, 7, -3, 'SALES_ISSUE', 'SALES_ORDER', 55, '2025-11-05 14:05:00', 23), (2214, 37, 7, -6, 'SALES_ISSUE', 'SALES_ORDER', 55, '2025-11-05 15:48:00', 23),
  (2215, 118, 7, -6, 'SALES_ISSUE', 'SALES_ORDER', 55, '2025-11-05 15:40:00', 23), (2216, 103, 12, -1, 'SALES_ISSUE', 'SALES_ORDER', 56, '2025-10-10 15:17:00', 28),
  (2217, 81, 12, -3, 'SALES_ISSUE', 'SALES_ORDER', 56, '2025-10-10 16:27:00', 28), (2218, 57, 12, -8, 'SALES_ISSUE', 'SALES_ORDER', 56, '2025-10-10 15:14:00', 28),
  (2219, 15, 12, -4, 'SALES_ISSUE', 'SALES_ORDER', 56, '2025-10-10 14:55:00', 28), (2220, 56, 9, -2, 'SALES_ISSUE', 'SALES_ORDER', 57, '2025-10-02 15:31:00', 16),
  (2221, 62, 9, -3, 'SALES_ISSUE', 'SALES_ORDER', 57, '2025-10-02 14:13:00', 16), (2222, 101, 9, -6, 'SALES_ISSUE', 'SALES_ORDER', 57, '2025-10-02 16:31:00', 16),
  (2223, 22, 9, -3, 'SALES_ISSUE', 'SALES_ORDER', 57, '2025-10-02 16:40:00', 16), (2224, 44, 12, -2, 'SALES_ISSUE', 'SALES_ORDER', 58, '2025-11-01 15:58:00', 17),
  (2225, 102, 12, -7, 'SALES_ISSUE', 'SALES_ORDER', 58, '2025-11-01 15:10:00', 17), (2226, 87, 12, -8, 'SALES_ISSUE', 'SALES_ORDER', 58, '2025-11-01 15:34:00', 17),
  (2227, 27, 12, -2, 'SALES_ISSUE', 'SALES_ORDER', 58, '2025-11-01 14:21:00', 17), (2228, 96, 12, -1, 'SALES_ISSUE', 'SALES_ORDER', 58, '2025-11-01 14:05:00', 17),
  (2229, 110, 12, -8, 'SALES_ISSUE', 'SALES_ORDER', 58, '2025-11-01 15:10:00', 17), (2230, 8, 15, -3, 'SALES_ISSUE', 'SALES_ORDER', 60, '2025-10-24 14:22:00', 5),
  (2231, 19, 15, -1, 'SALES_ISSUE', 'SALES_ORDER', 60, '2025-10-24 14:21:00', 5), (2232, 82, 15, -5, 'SALES_ISSUE', 'SALES_ORDER', 60, '2025-10-24 15:33:00', 5),
  (2233, 79, 14, -8, 'SALES_ISSUE', 'SALES_ORDER', 61, '2025-10-22 14:35:00', 10), (2234, 118, 14, -6, 'SALES_ISSUE', 'SALES_ORDER', 61, '2025-10-22 16:13:00', 10),
  (2235, 41, 14, -6, 'SALES_ISSUE', 'SALES_ORDER', 61, '2025-10-22 16:35:00', 10), (2236, 34, 14, -4, 'SALES_ISSUE', 'SALES_ORDER', 62, '2025-12-05 14:34:00', 16),
  (2237, 5, 14, -4, 'SALES_ISSUE', 'SALES_ORDER', 62, '2025-12-05 16:31:00', 16), (2238, 28, 14, -3, 'SALES_ISSUE', 'SALES_ORDER', 62, '2025-12-05 16:39:00', 16),
  (2239, 58, 12, -3, 'SALES_ISSUE', 'SALES_ORDER', 63, '2025-10-10 16:17:00', 26), (2240, 66, 12, -5, 'SALES_ISSUE', 'SALES_ORDER', 63, '2025-10-10 16:42:00', 26),
  (2241, 13, 12, -4, 'SALES_ISSUE', 'SALES_ORDER', 63, '2025-10-10 15:35:00', 26), (2242, 38, 12, -3, 'SALES_ISSUE', 'SALES_ORDER', 63, '2025-10-10 15:47:00', 26),
  (2243, 36, 8, -1, 'SALES_ISSUE', 'SALES_ORDER', 64, '2025-11-10 15:24:00', 34), (2244, 10, 8, -6, 'SALES_ISSUE', 'SALES_ORDER', 64, '2025-11-10 15:25:00', 34),
  (2245, 39, 8, -3, 'SALES_ISSUE', 'SALES_ORDER', 64, '2025-11-10 14:57:00', 34), (2246, 16, 8, -2, 'SALES_ISSUE', 'SALES_ORDER', 64, '2025-11-10 15:36:00', 34),
  (2247, 76, 8, -4, 'SALES_ISSUE', 'SALES_ORDER', 64, '2025-11-10 15:36:00', 34), (2248, 15, 8, -1, 'SALES_ISSUE', 'SALES_ORDER', 64, '2025-11-10 14:44:00', 34),
  (2249, 98, 8, -5, 'SALES_ISSUE', 'SALES_ORDER', 64, '2025-11-10 16:30:00', 34), (2250, 85, 13, -7, 'SALES_ISSUE', 'SALES_ORDER', 65, '2025-10-13 14:46:00', 32),
  (2251, 40, 13, -7, 'SALES_ISSUE', 'SALES_ORDER', 65, '2025-10-13 16:02:00', 32), (2252, 92, 13, -5, 'SALES_ISSUE', 'SALES_ORDER', 65, '2025-10-13 14:02:00', 32),
  (2253, 16, 13, -3, 'SALES_ISSUE', 'SALES_ORDER', 65, '2025-10-13 16:48:00', 32), (2254, 9, 13, -7, 'SALES_ISSUE', 'SALES_ORDER', 65, '2025-10-13 16:25:00', 32),
  (2255, 106, 10, -5, 'SALES_ISSUE', 'SALES_ORDER', 66, '2025-10-07 15:10:00', 25), (2256, 68, 10, -4, 'SALES_ISSUE', 'SALES_ORDER', 66, '2025-10-07 15:18:00', 25),
  (2257, 27, 10, -2, 'SALES_ISSUE', 'SALES_ORDER', 66, '2025-10-07 15:18:00', 25), (2258, 66, 10, -6, 'SALES_ISSUE', 'SALES_ORDER', 66, '2025-10-07 14:23:00', 25),
  (2259, 52, 10, -2, 'SALES_ISSUE', 'SALES_ORDER', 66, '2025-10-07 15:01:00', 25), (2260, 120, 10, -3, 'SALES_ISSUE', 'SALES_ORDER', 66, '2025-10-07 16:27:00', 25),
  (2261, 69, 6, -3, 'SALES_ISSUE', 'SALES_ORDER', 67, '2025-10-11 16:02:00', 8), (2262, 105, 6, -2, 'SALES_ISSUE', 'SALES_ORDER', 67, '2025-10-11 15:43:00', 8),
  (2263, 82, 6, -4, 'SALES_ISSUE', 'SALES_ORDER', 67, '2025-10-11 14:01:00', 8), (2264, 98, 11, -6, 'SALES_ISSUE', 'SALES_ORDER', 70, '2025-11-24 14:50:00', 27),
  (2265, 68, 11, -5, 'SALES_ISSUE', 'SALES_ORDER', 70, '2025-11-24 14:10:00', 27), (2266, 25, 11, -7, 'SALES_ISSUE', 'SALES_ORDER', 70, '2025-11-24 15:24:00', 27),
  (2267, 22, 11, -3, 'SALES_ISSUE', 'SALES_ORDER', 70, '2025-11-24 16:50:00', 27), (2268, 56, 11, -8, 'SALES_ISSUE', 'SALES_ORDER', 70, '2025-11-24 16:50:00', 27),
  (2269, 110, 11, -2, 'SALES_ISSUE', 'SALES_ORDER', 70, '2025-11-24 15:47:00', 27), (2270, 65, 4, -31, 'TRANSFER_OUT', 'TRANSFER', 1, '2025-11-04 12:36:00', 9),
  (2271, 65, 16, 31, 'TRANSFER_IN', 'TRANSFER', 1, '2025-11-04 12:37:00', 9), (2272, 93, 4, -17, 'TRANSFER_OUT', 'TRANSFER', 1, '2025-11-04 12:40:00', 9),
  (2273, 93, 16, 17, 'TRANSFER_IN', 'TRANSFER', 1, '2025-11-04 12:41:00', 9), (2274, 119, 4, -9, 'TRANSFER_OUT', 'TRANSFER', 1, '2025-11-04 12:44:00', 9),
  (2275, 119, 16, 9, 'TRANSFER_IN', 'TRANSFER', 1, '2025-11-04 12:45:00', 9), (2276, 95, 4, -8, 'TRANSFER_OUT', 'TRANSFER', 1, '2025-11-04 12:48:00', 9),
  (2277, 95, 16, 8, 'TRANSFER_IN', 'TRANSFER', 1, '2025-11-04 12:49:00', 9), (2278, 108, 4, -35, 'TRANSFER_OUT', 'TRANSFER', 1, '2025-11-04 12:52:00', 9),
  (2279, 108, 16, 35, 'TRANSFER_IN', 'TRANSFER', 1, '2025-11-04 12:53:00', 9), (2280, 99, 1, -12, 'TRANSFER_OUT', 'TRANSFER', 2, '2025-11-06 12:04:00', 10),
  (2281, 99, 8, 12, 'TRANSFER_IN', 'TRANSFER', 2, '2025-11-06 12:05:00', 10), (2282, 88, 1, -6, 'TRANSFER_OUT', 'TRANSFER', 2, '2025-11-06 12:08:00', 10),
  (2283, 88, 8, 6, 'TRANSFER_IN', 'TRANSFER', 2, '2025-11-06 12:09:00', 10), (2284, 37, 3, -18, 'TRANSFER_OUT', 'TRANSFER', 3, '2025-11-11 12:01:00', 1),
  (2285, 37, 12, 18, 'TRANSFER_IN', 'TRANSFER', 3, '2025-11-11 12:02:00', 1), (2286, 63, 3, -12, 'TRANSFER_OUT', 'TRANSFER', 3, '2025-11-11 12:05:00', 1),
  (2287, 63, 12, 12, 'TRANSFER_IN', 'TRANSFER', 3, '2025-11-11 12:06:00', 1), (2288, 11, 3, -24, 'TRANSFER_OUT', 'TRANSFER', 3, '2025-11-11 12:09:00', 1),
  (2289, 11, 12, 24, 'TRANSFER_IN', 'TRANSFER', 3, '2025-11-11 12:10:00', 1), (2290, 98, 3, -9, 'TRANSFER_OUT', 'TRANSFER', 3, '2025-11-11 12:13:00', 1),
  (2291, 98, 12, 9, 'TRANSFER_IN', 'TRANSFER', 3, '2025-11-11 12:14:00', 1), (2292, 90, 2, -18, 'TRANSFER_OUT', 'TRANSFER', 4, '2025-12-03 11:14:00', 18),
  (2293, 90, 9, 18, 'TRANSFER_IN', 'TRANSFER', 4, '2025-12-03 11:15:00', 18), (2294, 32, 2, -11, 'TRANSFER_OUT', 'TRANSFER', 4, '2025-12-03 11:18:00', 18),
  (2295, 32, 9, 11, 'TRANSFER_IN', 'TRANSFER', 4, '2025-12-03 11:19:00', 18), (2296, 86, 2, -20, 'TRANSFER_OUT', 'TRANSFER', 4, '2025-12-03 11:22:00', 18),
  (2297, 86, 9, 20, 'TRANSFER_IN', 'TRANSFER', 4, '2025-12-03 11:23:00', 18), (2298, 106, 2, -27, 'TRANSFER_OUT', 'TRANSFER', 4, '2025-12-03 11:26:00', 18),
  (2299, 106, 9, 27, 'TRANSFER_IN', 'TRANSFER', 4, '2025-12-03 11:27:00', 18), (2300, 112, 7, -17, 'TRANSFER_OUT', 'TRANSFER', 5, '2025-10-27 12:49:00', 12),
  (2301, 112, 5, 17, 'TRANSFER_IN', 'TRANSFER', 5, '2025-10-27 12:50:00', 12), (2302, 113, 7, -6, 'TRANSFER_OUT', 'TRANSFER', 5, '2025-10-27 12:53:00', 12),
  (2303, 113, 5, 6, 'TRANSFER_IN', 'TRANSFER', 5, '2025-10-27 12:54:00', 12), (2304, 33, 7, -13, 'TRANSFER_OUT', 'TRANSFER', 5, '2025-10-27 12:57:00', 12),
  (2305, 33, 5, 13, 'TRANSFER_IN', 'TRANSFER', 5, '2025-10-27 12:58:00', 12), (2306, 46, 7, -11, 'TRANSFER_OUT', 'TRANSFER', 5, '2025-10-27 13:01:00', 12),
  (2307, 46, 5, 11, 'TRANSFER_IN', 'TRANSFER', 5, '2025-10-27 13:02:00', 12), (2308, 27, 7, -34, 'TRANSFER_OUT', 'TRANSFER', 5, '2025-10-27 13:05:00', 12),
  (2309, 27, 5, 34, 'TRANSFER_IN', 'TRANSFER', 5, '2025-10-27 13:06:00', 12), (2310, 28, 7, -9, 'TRANSFER_OUT', 'TRANSFER', 5, '2025-10-27 13:09:00', 12),
  (2311, 28, 5, 9, 'TRANSFER_IN', 'TRANSFER', 5, '2025-10-27 13:10:00', 12), (2312, 53, 5, -12, 'TRANSFER_OUT', 'TRANSFER', 6, '2025-12-09 11:06:00', 6),
  (2313, 53, 9, 12, 'TRANSFER_IN', 'TRANSFER', 6, '2025-12-09 11:07:00', 6), (2314, 68, 5, -12, 'TRANSFER_OUT', 'TRANSFER', 6, '2025-12-09 11:10:00', 6),
  (2315, 68, 9, 12, 'TRANSFER_IN', 'TRANSFER', 6, '2025-12-09 11:11:00', 6), (2316, 40, 5, -15, 'TRANSFER_OUT', 'TRANSFER', 6, '2025-12-09 11:14:00', 6),
  (2317, 40, 9, 15, 'TRANSFER_IN', 'TRANSFER', 6, '2025-12-09 11:15:00', 6), (2318, 90, 5, -18, 'TRANSFER_OUT', 'TRANSFER', 6, '2025-12-09 11:18:00', 6),
  (2319, 90, 9, 18, 'TRANSFER_IN', 'TRANSFER', 6, '2025-12-09 11:19:00', 6), (2320, 82, 5, -20, 'TRANSFER_OUT', 'TRANSFER', 6, '2025-12-09 11:22:00', 6),
  (2321, 82, 9, 20, 'TRANSFER_IN', 'TRANSFER', 6, '2025-12-09 11:23:00', 6), (2322, 47, 4, -18, 'TRANSFER_OUT', 'TRANSFER', 7, '2025-11-03 11:14:00', 4),
  (2323, 47, 16, 18, 'TRANSFER_IN', 'TRANSFER', 7, '2025-11-03 11:15:00', 4), (2324, 36, 4, -12, 'TRANSFER_OUT', 'TRANSFER', 7, '2025-11-03 11:18:00', 4),
  (2325, 36, 16, 12, 'TRANSFER_IN', 'TRANSFER', 7, '2025-11-03 11:19:00', 4), (2326, 45, 4, -15, 'TRANSFER_OUT', 'TRANSFER', 7, '2025-11-03 11:22:00', 4),
  (2327, 45, 16, 15, 'TRANSFER_IN', 'TRANSFER', 7, '2025-11-03 11:23:00', 4), (2328, 92, 4, -33, 'TRANSFER_OUT', 'TRANSFER', 7, '2025-11-03 11:26:00', 4),
  (2329, 92, 16, 33, 'TRANSFER_IN', 'TRANSFER', 7, '2025-11-03 11:27:00', 4), (2330, 28, 1, -34, 'TRANSFER_OUT', 'TRANSFER', 8, '2025-11-26 12:35:00', 4),
  (2331, 28, 6, 34, 'TRANSFER_IN', 'TRANSFER', 8, '2025-11-26 12:36:00', 4), (2332, 37, 1, -24, 'TRANSFER_OUT', 'TRANSFER', 8, '2025-11-26 12:39:00', 4),
  (2333, 37, 6, 24, 'TRANSFER_IN', 'TRANSFER', 8, '2025-11-26 12:40:00', 4), (2334, 61, 1, -8, 'TRANSFER_OUT', 'TRANSFER', 8, '2025-11-26 12:43:00', 4),
  (2335, 61, 6, 8, 'TRANSFER_IN', 'TRANSFER', 8, '2025-11-26 12:44:00', 4), (2336, 36, 1, -18, 'TRANSFER_OUT', 'TRANSFER', 8, '2025-11-26 12:47:00', 4),
  (2337, 36, 6, 18, 'TRANSFER_IN', 'TRANSFER', 8, '2025-11-26 12:48:00', 4), (2338, 86, 4, -26, 'TRANSFER_OUT', 'TRANSFER', 9, '2025-11-03 11:14:00', 22),
  (2339, 86, 11, 26, 'TRANSFER_IN', 'TRANSFER', 9, '2025-11-03 11:15:00', 22), (2340, 2, 4, -22, 'TRANSFER_OUT', 'TRANSFER', 9, '2025-11-03 11:18:00', 22),
  (2341, 2, 11, 22, 'TRANSFER_IN', 'TRANSFER', 9, '2025-11-03 11:19:00', 22), (2342, 97, 8, -12, 'TRANSFER_OUT', 'TRANSFER', 10, '2025-12-01 12:43:00', 24),
  (2343, 97, 3, 12, 'TRANSFER_IN', 'TRANSFER', 10, '2025-12-01 12:44:00', 24), (2344, 86, 8, -25, 'TRANSFER_OUT', 'TRANSFER', 10, '2025-12-01 12:47:00', 24),
  (2345, 86, 3, 25, 'TRANSFER_IN', 'TRANSFER', 10, '2025-12-01 12:48:00', 24), (2346, 99, 8, -13, 'TRANSFER_OUT', 'TRANSFER', 10, '2025-12-01 12:51:00', 24),
  (2347, 99, 3, 13, 'TRANSFER_IN', 'TRANSFER', 10, '2025-12-01 12:52:00', 24), (2348, 62, 8, -11, 'TRANSFER_OUT', 'TRANSFER', 10, '2025-12-01 12:55:00', 24),
  (2349, 62, 3, 11, 'TRANSFER_IN', 'TRANSFER', 10, '2025-12-01 12:56:00', 24), (2350, 16, 1, -31, 'TRANSFER_OUT', 'TRANSFER', 11, '2025-11-24 12:35:00', 9),
  (2351, 16, 7, 31, 'TRANSFER_IN', 'TRANSFER', 11, '2025-11-24 12:36:00', 9), (2352, 6, 1, -11, 'TRANSFER_OUT', 'TRANSFER', 11, '2025-11-24 12:39:00', 9),
  (2353, 6, 7, 11, 'TRANSFER_IN', 'TRANSFER', 11, '2025-11-24 12:40:00', 9), (2354, 76, 1, -11, 'TRANSFER_OUT', 'TRANSFER', 11, '2025-11-24 12:43:00', 9),
  (2355, 76, 7, 11, 'TRANSFER_IN', 'TRANSFER', 11, '2025-11-24 12:44:00', 9), (2356, 117, 1, -27, 'TRANSFER_OUT', 'TRANSFER', 11, '2025-11-24 12:47:00', 9),
  (2357, 117, 7, 27, 'TRANSFER_IN', 'TRANSFER', 11, '2025-11-24 12:48:00', 9), (2358, 114, 1, -19, 'TRANSFER_OUT', 'TRANSFER', 11, '2025-11-24 12:51:00', 9),
  (2359, 114, 7, 19, 'TRANSFER_IN', 'TRANSFER', 11, '2025-11-24 12:52:00', 9), (2360, 84, 1, -34, 'TRANSFER_OUT', 'TRANSFER', 11, '2025-11-24 12:55:00', 9),
  (2361, 84, 7, 34, 'TRANSFER_IN', 'TRANSFER', 11, '2025-11-24 12:56:00', 9), (2362, 98, 5, -6, 'TRANSFER_OUT', 'TRANSFER', 12, '2025-11-03 12:32:00', 22),
  (2363, 98, 15, 6, 'TRANSFER_IN', 'TRANSFER', 12, '2025-11-03 12:33:00', 22), (2364, 26, 5, -9, 'TRANSFER_OUT', 'TRANSFER', 12, '2025-11-03 12:36:00', 22),
  (2365, 26, 15, 9, 'TRANSFER_IN', 'TRANSFER', 12, '2025-11-03 12:37:00', 22), (2366, 69, 5, -11, 'TRANSFER_OUT', 'TRANSFER', 12, '2025-11-03 12:40:00', 22),
  (2367, 69, 15, 11, 'TRANSFER_IN', 'TRANSFER', 12, '2025-11-03 12:41:00', 22), (2368, 93, 5, -18, 'TRANSFER_OUT', 'TRANSFER', 12, '2025-11-03 12:44:00', 22),
  (2369, 93, 15, 18, 'TRANSFER_IN', 'TRANSFER', 12, '2025-11-03 12:45:00', 22), (2370, 20, 5, -22, 'TRANSFER_OUT', 'TRANSFER', 12, '2025-11-03 12:48:00', 22),
  (2371, 20, 15, 22, 'TRANSFER_IN', 'TRANSFER', 12, '2025-11-03 12:49:00', 22), (2372, 117, 5, -7, 'TRANSFER_OUT', 'TRANSFER', 13, '2025-11-12 12:20:00', 24),
  (2373, 117, 11, 7, 'TRANSFER_IN', 'TRANSFER', 13, '2025-11-12 12:21:00', 24), (2374, 56, 5, -20, 'TRANSFER_OUT', 'TRANSFER', 13, '2025-11-12 12:24:00', 24),
  (2375, 56, 11, 20, 'TRANSFER_IN', 'TRANSFER', 13, '2025-11-12 12:25:00', 24), (2376, 38, 5, -6, 'TRANSFER_OUT', 'TRANSFER', 14, '2025-11-22 11:35:00', 11),
  (2377, 38, 6, 6, 'TRANSFER_IN', 'TRANSFER', 14, '2025-11-22 11:36:00', 11), (2378, 6, 5, -30, 'TRANSFER_OUT', 'TRANSFER', 14, '2025-11-22 11:39:00', 11),
  (2379, 6, 6, 30, 'TRANSFER_IN', 'TRANSFER', 14, '2025-11-22 11:40:00', 11), (2380, 73, 5, -27, 'TRANSFER_OUT', 'TRANSFER', 14, '2025-11-22 11:43:00', 11),
  (2381, 73, 6, 27, 'TRANSFER_IN', 'TRANSFER', 14, '2025-11-22 11:44:00', 11), (2382, 97, 4, -17, 'TRANSFER_OUT', 'TRANSFER', 15, '2025-10-19 11:21:00', 34),
  (2383, 97, 13, 17, 'TRANSFER_IN', 'TRANSFER', 15, '2025-10-19 11:22:00', 34), (2384, 66, 4, -17, 'TRANSFER_OUT', 'TRANSFER', 15, '2025-10-19 11:25:00', 34),
  (2385, 66, 13, 17, 'TRANSFER_IN', 'TRANSFER', 15, '2025-10-19 11:26:00', 34), (2386, 50, 4, -24, 'TRANSFER_OUT', 'TRANSFER', 15, '2025-10-19 11:29:00', 34),
  (2387, 50, 13, 24, 'TRANSFER_IN', 'TRANSFER', 15, '2025-10-19 11:30:00', 34), (2388, 72, 4, -13, 'TRANSFER_OUT', 'TRANSFER', 15, '2025-10-19 11:33:00', 34),
  (2389, 72, 13, 13, 'TRANSFER_IN', 'TRANSFER', 15, '2025-10-19 11:34:00', 34), (2390, 100, 4, -11, 'TRANSFER_OUT', 'TRANSFER', 15, '2025-10-19 11:37:00', 34),
  (2391, 100, 13, 11, 'TRANSFER_IN', 'TRANSFER', 15, '2025-10-19 11:38:00', 34), (2392, 113, 2, -30, 'TRANSFER_OUT', 'TRANSFER', 16, '2025-11-21 12:29:00', 14),
  (2393, 113, 15, 30, 'TRANSFER_IN', 'TRANSFER', 16, '2025-11-21 12:30:00', 14), (2394, 119, 2, -21, 'TRANSFER_OUT', 'TRANSFER', 16, '2025-11-21 12:33:00', 14),
  (2395, 119, 15, 21, 'TRANSFER_IN', 'TRANSFER', 16, '2025-11-21 12:34:00', 14), (2396, 91, 5, -10, 'TRANSFER_OUT', 'TRANSFER', 17, '2025-12-08 11:28:00', 20),
  (2397, 91, 10, 10, 'TRANSFER_IN', 'TRANSFER', 17, '2025-12-08 11:29:00', 20), (2398, 35, 5, -12, 'TRANSFER_OUT', 'TRANSFER', 17, '2025-12-08 11:32:00', 20),
  (2399, 35, 10, 12, 'TRANSFER_IN', 'TRANSFER', 17, '2025-12-08 11:33:00', 20), (2400, 71, 5, -6, 'TRANSFER_OUT', 'TRANSFER', 17, '2025-12-08 11:36:00', 20),
  (2401, 71, 10, 6, 'TRANSFER_IN', 'TRANSFER', 17, '2025-12-08 11:37:00', 20), (2402, 16, 5, -22, 'TRANSFER_OUT', 'TRANSFER', 17, '2025-12-08 11:40:00', 20),
  (2403, 16, 10, 22, 'TRANSFER_IN', 'TRANSFER', 17, '2025-12-08 11:41:00', 20), (2404, 35, 1, -6, 'TRANSFER_OUT', 'TRANSFER', 18, '2025-12-10 11:35:00', 10),
  (2405, 35, 16, 6, 'TRANSFER_IN', 'TRANSFER', 18, '2025-12-10 11:36:00', 10), (2406, 112, 1, -25, 'TRANSFER_OUT', 'TRANSFER', 18, '2025-12-10 11:39:00', 10),
  (2407, 112, 16, 25, 'TRANSFER_IN', 'TRANSFER', 18, '2025-12-10 11:40:00', 10), (2408, 102, 1, -12, 'TRANSFER_OUT', 'TRANSFER', 18, '2025-12-10 11:43:00', 10),
  (2409, 102, 16, 12, 'TRANSFER_IN', 'TRANSFER', 18, '2025-12-10 11:44:00', 10), (2410, 100, 9, -7, 'TRANSFER_OUT', 'TRANSFER', 19, '2025-10-15 12:23:00', 8),
  (2411, 100, 5, 7, 'TRANSFER_IN', 'TRANSFER', 19, '2025-10-15 12:24:00', 8), (2412, 97, 9, -35, 'TRANSFER_OUT', 'TRANSFER', 19, '2025-10-15 12:27:00', 8),
  (2413, 97, 5, 35, 'TRANSFER_IN', 'TRANSFER', 19, '2025-10-15 12:28:00', 8), (2414, 60, 9, -27, 'TRANSFER_OUT', 'TRANSFER', 19, '2025-10-15 12:31:00', 8),
  (2415, 60, 5, 27, 'TRANSFER_IN', 'TRANSFER', 19, '2025-10-15 12:32:00', 8), (2416, 51, 9, -13, 'TRANSFER_OUT', 'TRANSFER', 19, '2025-10-15 12:35:00', 8),
  (2417, 51, 5, 13, 'TRANSFER_IN', 'TRANSFER', 19, '2025-10-15 12:36:00', 8), (2418, 106, 2, -12, 'TRANSFER_OUT', 'TRANSFER', 20, '2025-11-04 11:07:00', 19),
  (2419, 106, 12, 12, 'TRANSFER_IN', 'TRANSFER', 20, '2025-11-04 11:08:00', 19), (2420, 46, 2, -28, 'TRANSFER_OUT', 'TRANSFER', 20, '2025-11-04 11:11:00', 19),
  (2421, 46, 12, 28, 'TRANSFER_IN', 'TRANSFER', 20, '2025-11-04 11:12:00', 19), (2422, 19, 8, -25, 'TRANSFER_OUT', 'TRANSFER', 21, '2025-11-18 12:24:00', 2),
  (2423, 19, 3, 25, 'TRANSFER_IN', 'TRANSFER', 21, '2025-11-18 12:25:00', 2), (2424, 117, 8, -24, 'TRANSFER_OUT', 'TRANSFER', 21, '2025-11-18 12:28:00', 2),
  (2425, 117, 3, 24, 'TRANSFER_IN', 'TRANSFER', 21, '2025-11-18 12:29:00', 2), (2426, 64, 8, -22, 'TRANSFER_OUT', 'TRANSFER', 21, '2025-11-18 12:32:00', 2),
  (2427, 64, 3, 22, 'TRANSFER_IN', 'TRANSFER', 21, '2025-11-18 12:33:00', 2), (2428, 110, 8, -11, 'TRANSFER_OUT', 'TRANSFER', 21, '2025-11-18 12:36:00', 2),
  (2429, 110, 3, 11, 'TRANSFER_IN', 'TRANSFER', 21, '2025-11-18 12:37:00', 2), (2430, 45, 8, -31, 'TRANSFER_OUT', 'TRANSFER', 21, '2025-11-18 12:40:00', 2),
  (2431, 45, 3, 31, 'TRANSFER_IN', 'TRANSFER', 21, '2025-11-18 12:41:00', 2), (2432, 105, 8, -19, 'TRANSFER_OUT', 'TRANSFER', 21, '2025-11-18 12:44:00', 2),
  (2433, 105, 3, 19, 'TRANSFER_IN', 'TRANSFER', 21, '2025-11-18 12:45:00', 2), (2434, 94, 3, -16, 'TRANSFER_OUT', 'TRANSFER', 22, '2025-10-24 11:57:00', 26),
  (2435, 94, 9, 16, 'TRANSFER_IN', 'TRANSFER', 22, '2025-10-24 11:58:00', 26), (2436, 93, 3, -9, 'TRANSFER_OUT', 'TRANSFER', 22, '2025-10-24 12:01:00', 26),
  (2437, 93, 9, 9, 'TRANSFER_IN', 'TRANSFER', 22, '2025-10-24 12:02:00', 26), (2438, 56, 3, -33, 'TRANSFER_OUT', 'TRANSFER', 22, '2025-10-24 12:05:00', 26),
  (2439, 56, 9, 33, 'TRANSFER_IN', 'TRANSFER', 22, '2025-10-24 12:06:00', 26), (2440, 25, 4, -35, 'TRANSFER_OUT', 'TRANSFER', 23, '2025-10-26 12:44:00', 31),
  (2441, 25, 8, 35, 'TRANSFER_IN', 'TRANSFER', 23, '2025-10-26 12:45:00', 31), (2442, 73, 4, -28, 'TRANSFER_OUT', 'TRANSFER', 23, '2025-10-26 12:48:00', 31),
  (2443, 73, 8, 28, 'TRANSFER_IN', 'TRANSFER', 23, '2025-10-26 12:49:00', 31), (2444, 63, 4, -10, 'TRANSFER_OUT', 'TRANSFER', 23, '2025-10-26 12:52:00', 31),
  (2445, 63, 8, 10, 'TRANSFER_IN', 'TRANSFER', 23, '2025-10-26 12:53:00', 31), (2446, 88, 1, -7, 'TRANSFER_OUT', 'TRANSFER', 24, '2025-12-10 11:22:00', 11),
  (2447, 88, 10, 7, 'TRANSFER_IN', 'TRANSFER', 24, '2025-12-10 11:23:00', 11), (2448, 78, 1, -18, 'TRANSFER_OUT', 'TRANSFER', 24, '2025-12-10 11:26:00', 11),
  (2449, 78, 10, 18, 'TRANSFER_IN', 'TRANSFER', 24, '2025-12-10 11:27:00', 11), (2450, 25, 1, -12, 'TRANSFER_OUT', 'TRANSFER', 24, '2025-12-10 11:30:00', 11),
  (2451, 25, 10, 12, 'TRANSFER_IN', 'TRANSFER', 24, '2025-12-10 11:31:00', 11), (2452, 9, 1, -19, 'TRANSFER_OUT', 'TRANSFER', 24, '2025-12-10 11:34:00', 11),
  (2453, 9, 10, 19, 'TRANSFER_IN', 'TRANSFER', 24, '2025-12-10 11:35:00', 11), (2454, 19, 1, -34, 'TRANSFER_OUT', 'TRANSFER', 24, '2025-12-10 11:38:00', 11),
  (2455, 19, 10, 34, 'TRANSFER_IN', 'TRANSFER', 24, '2025-12-10 11:39:00', 11), (2456, 78, 4, -17, 'TRANSFER_OUT', 'TRANSFER', 25, '2025-11-30 12:36:00', 9),
  (2457, 78, 7, 17, 'TRANSFER_IN', 'TRANSFER', 25, '2025-11-30 12:37:00', 9), (2458, 13, 4, -17, 'TRANSFER_OUT', 'TRANSFER', 25, '2025-11-30 12:40:00', 9),
  (2459, 13, 7, 17, 'TRANSFER_IN', 'TRANSFER', 25, '2025-11-30 12:41:00', 9), (2460, 35, 1, -35, 'TRANSFER_OUT', 'TRANSFER', 26, '2025-10-23 11:31:00', 3),
  (2461, 35, 16, 35, 'TRANSFER_IN', 'TRANSFER', 26, '2025-10-23 11:32:00', 3), (2462, 19, 1, -25, 'TRANSFER_OUT', 'TRANSFER', 26, '2025-10-23 11:35:00', 3),
  (2463, 19, 16, 25, 'TRANSFER_IN', 'TRANSFER', 26, '2025-10-23 11:36:00', 3), (2464, 26, 1, -20, 'TRANSFER_OUT', 'TRANSFER', 27, '2025-12-08 12:30:00', 22),
  (2465, 26, 7, 20, 'TRANSFER_IN', 'TRANSFER', 27, '2025-12-08 12:31:00', 22), (2466, 18, 1, -29, 'TRANSFER_OUT', 'TRANSFER', 27, '2025-12-08 12:34:00', 22),
  (2467, 18, 7, 29, 'TRANSFER_IN', 'TRANSFER', 27, '2025-12-08 12:35:00', 22), (2468, 32, 4, -27, 'TRANSFER_OUT', 'TRANSFER', 28, '2025-11-05 12:01:00', 20),
  (2469, 32, 8, 27, 'TRANSFER_IN', 'TRANSFER', 28, '2025-11-05 12:02:00', 20), (2470, 8, 4, -13, 'TRANSFER_OUT', 'TRANSFER', 28, '2025-11-05 12:05:00', 20),
  (2471, 8, 8, 13, 'TRANSFER_IN', 'TRANSFER', 28, '2025-11-05 12:06:00', 20), (2472, 70, 4, -25, 'TRANSFER_OUT', 'TRANSFER', 28, '2025-11-05 12:09:00', 20),
  (2473, 70, 8, 25, 'TRANSFER_IN', 'TRANSFER', 28, '2025-11-05 12:10:00', 20), (2474, 66, 1, -31, 'TRANSFER_OUT', 'TRANSFER', 29, '2025-11-18 11:37:00', 7),
  (2475, 66, 6, 31, 'TRANSFER_IN', 'TRANSFER', 29, '2025-11-18 11:38:00', 7), (2476, 114, 1, -18, 'TRANSFER_OUT', 'TRANSFER', 29, '2025-11-18 11:41:00', 7),
  (2477, 114, 6, 18, 'TRANSFER_IN', 'TRANSFER', 29, '2025-11-18 11:42:00', 7), (2478, 46, 2, -12, 'TRANSFER_OUT', 'TRANSFER', 30, '2025-11-11 11:49:00', 15),
  (2479, 46, 6, 12, 'TRANSFER_IN', 'TRANSFER', 30, '2025-11-11 11:50:00', 15), (2480, 84, 2, -34, 'TRANSFER_OUT', 'TRANSFER', 30, '2025-11-11 11:53:00', 15),
  (2481, 84, 6, 34, 'TRANSFER_IN', 'TRANSFER', 30, '2025-11-11 11:54:00', 15), (2482, 37, 2, -33, 'TRANSFER_OUT', 'TRANSFER', 30, '2025-11-11 11:57:00', 15),
  (2483, 37, 6, 33, 'TRANSFER_IN', 'TRANSFER', 30, '2025-11-11 11:58:00', 15), (2484, 37, 1, -7, 'TRANSFER_OUT', 'TRANSFER', 31, '2025-10-22 11:28:00', 11),
  (2485, 37, 13, 7, 'TRANSFER_IN', 'TRANSFER', 31, '2025-10-22 11:29:00', 11), (2486, 46, 1, -24, 'TRANSFER_OUT', 'TRANSFER', 31, '2025-10-22 11:32:00', 11),
  (2487, 46, 13, 24, 'TRANSFER_IN', 'TRANSFER', 31, '2025-10-22 11:33:00', 11), (2488, 55, 3, -24, 'TRANSFER_OUT', 'TRANSFER', 32, '2025-11-22 11:19:00', 3),
  (2489, 55, 7, 24, 'TRANSFER_IN', 'TRANSFER', 32, '2025-11-22 11:20:00', 3), (2490, 68, 3, -10, 'TRANSFER_OUT', 'TRANSFER', 32, '2025-11-22 11:23:00', 3),
  (2491, 68, 7, 10, 'TRANSFER_IN', 'TRANSFER', 32, '2025-11-22 11:24:00', 3), (2492, 43, 3, -26, 'TRANSFER_OUT', 'TRANSFER', 32, '2025-11-22 11:27:00', 3),
  (2493, 43, 7, 26, 'TRANSFER_IN', 'TRANSFER', 32, '2025-11-22 11:28:00', 3), (2494, 35, 3, -20, 'TRANSFER_OUT', 'TRANSFER', 33, '2025-11-06 12:52:00', 19),
  (2495, 35, 15, 20, 'TRANSFER_IN', 'TRANSFER', 33, '2025-11-06 12:53:00', 19), (2496, 118, 3, -26, 'TRANSFER_OUT', 'TRANSFER', 33, '2025-11-06 12:56:00', 19),
  (2497, 118, 15, 26, 'TRANSFER_IN', 'TRANSFER', 33, '2025-11-06 12:57:00', 19), (2498, 100, 3, -15, 'TRANSFER_OUT', 'TRANSFER', 34, '2025-12-09 12:59:00', 1),
  (2499, 100, 7, 15, 'TRANSFER_IN', 'TRANSFER', 34, '2025-12-09 13:00:00', 1), (2500, 84, 3, -9, 'TRANSFER_OUT', 'TRANSFER', 34, '2025-12-09 13:03:00', 1),
  (2501, 84, 7, 9, 'TRANSFER_IN', 'TRANSFER', 34, '2025-12-09 13:04:00', 1), (2502, 19, 3, -17, 'TRANSFER_OUT', 'TRANSFER', 34, '2025-12-09 13:07:00', 1),
  (2503, 19, 7, 17, 'TRANSFER_IN', 'TRANSFER', 34, '2025-12-09 13:08:00', 1), (2504, 19, 4, -10, 'TRANSFER_OUT', 'TRANSFER', 35, '2025-11-20 11:54:00', 8),
  (2505, 19, 7, 10, 'TRANSFER_IN', 'TRANSFER', 35, '2025-11-20 11:55:00', 8), (2506, 12, 4, -29, 'TRANSFER_OUT', 'TRANSFER', 35, '2025-11-20 11:58:00', 8),
  (2507, 12, 7, 29, 'TRANSFER_IN', 'TRANSFER', 35, '2025-11-20 11:59:00', 8), (2508, 42, 4, -17, 'TRANSFER_OUT', 'TRANSFER', 35, '2025-11-20 12:02:00', 8),
  (2509, 42, 7, 17, 'TRANSFER_IN', 'TRANSFER', 35, '2025-11-20 12:03:00', 8), (2510, 17, 4, -16, 'TRANSFER_OUT', 'TRANSFER', 35, '2025-11-20 12:06:00', 8),
  (2511, 17, 7, 16, 'TRANSFER_IN', 'TRANSFER', 35, '2025-11-20 12:07:00', 8), (2512, 18, 4, -12, 'TRANSFER_OUT', 'TRANSFER', 36, '2025-11-22 12:41:00', 27),
  (2513, 18, 13, 12, 'TRANSFER_IN', 'TRANSFER', 36, '2025-11-22 12:42:00', 27), (2514, 103, 4, -17, 'TRANSFER_OUT', 'TRANSFER', 36, '2025-11-22 12:45:00', 27),
  (2515, 103, 13, 17, 'TRANSFER_IN', 'TRANSFER', 36, '2025-11-22 12:46:00', 27), (2516, 84, 4, -18, 'TRANSFER_OUT', 'TRANSFER', 36, '2025-11-22 12:49:00', 27),
  (2517, 84, 13, 18, 'TRANSFER_IN', 'TRANSFER', 36, '2025-11-22 12:50:00', 27), (2518, 118, 4, -22, 'TRANSFER_OUT', 'TRANSFER', 36, '2025-11-22 12:53:00', 27),
  (2519, 118, 13, 22, 'TRANSFER_IN', 'TRANSFER', 36, '2025-11-22 12:54:00', 27), (2520, 92, 5, -30, 'TRANSFER_OUT', 'TRANSFER', 37, '2025-11-08 11:10:00', 15),
  (2521, 92, 13, 30, 'TRANSFER_IN', 'TRANSFER', 37, '2025-11-08 11:11:00', 15), (2522, 54, 5, -28, 'TRANSFER_OUT', 'TRANSFER', 37, '2025-11-08 11:14:00', 15),
  (2523, 54, 13, 28, 'TRANSFER_IN', 'TRANSFER', 37, '2025-11-08 11:15:00', 15), (2524, 68, 5, -12, 'TRANSFER_OUT', 'TRANSFER', 37, '2025-11-08 11:18:00', 15),
  (2525, 68, 13, 12, 'TRANSFER_IN', 'TRANSFER', 37, '2025-11-08 11:19:00', 15), (2526, 74, 5, -27, 'TRANSFER_OUT', 'TRANSFER', 37, '2025-11-08 11:22:00', 15),
  (2527, 74, 13, 27, 'TRANSFER_IN', 'TRANSFER', 37, '2025-11-08 11:23:00', 15), (2528, 100, 5, -7, 'TRANSFER_OUT', 'TRANSFER', 37, '2025-11-08 11:26:00', 15),
  (2529, 100, 13, 7, 'TRANSFER_IN', 'TRANSFER', 37, '2025-11-08 11:27:00', 15), (2530, 89, 5, -12, 'TRANSFER_OUT', 'TRANSFER', 37, '2025-11-08 11:30:00', 15),
  (2531, 89, 13, 12, 'TRANSFER_IN', 'TRANSFER', 37, '2025-11-08 11:31:00', 15), (2532, 118, 2, -34, 'TRANSFER_OUT', 'TRANSFER', 38, '2025-11-19 12:00:00', 24),
  (2533, 118, 6, 34, 'TRANSFER_IN', 'TRANSFER', 38, '2025-11-19 12:01:00', 24), (2534, 15, 2, -16, 'TRANSFER_OUT', 'TRANSFER', 38, '2025-11-19 12:04:00', 24),
  (2535, 15, 6, 16, 'TRANSFER_IN', 'TRANSFER', 38, '2025-11-19 12:05:00', 24), (2536, 8, 2, -16, 'TRANSFER_OUT', 'TRANSFER', 38, '2025-11-19 12:08:00', 24),
  (2537, 8, 6, 16, 'TRANSFER_IN', 'TRANSFER', 38, '2025-11-19 12:09:00', 24), (2538, 73, 8, -8, 'TRANSFER_OUT', 'TRANSFER', 39, '2025-10-24 12:46:00', 31),
  (2539, 73, 3, 8, 'TRANSFER_IN', 'TRANSFER', 39, '2025-10-24 12:47:00', 31), (2540, 44, 8, -35, 'TRANSFER_OUT', 'TRANSFER', 39, '2025-10-24 12:50:00', 31),
  (2541, 44, 3, 35, 'TRANSFER_IN', 'TRANSFER', 39, '2025-10-24 12:51:00', 31), (2542, 37, 8, -27, 'TRANSFER_OUT', 'TRANSFER', 39, '2025-10-24 12:54:00', 31),
  (2543, 37, 3, 27, 'TRANSFER_IN', 'TRANSFER', 39, '2025-10-24 12:55:00', 31), (2544, 39, 8, -9, 'TRANSFER_OUT', 'TRANSFER', 39, '2025-10-24 12:58:00', 31),
  (2545, 39, 3, 9, 'TRANSFER_IN', 'TRANSFER', 39, '2025-10-24 12:59:00', 31), (2546, 9, 8, -17, 'TRANSFER_OUT', 'TRANSFER', 39, '2025-10-24 13:02:00', 31),
  (2547, 9, 3, 17, 'TRANSFER_IN', 'TRANSFER', 39, '2025-10-24 13:03:00', 31), (2548, 25, 8, -28, 'TRANSFER_OUT', 'TRANSFER', 39, '2025-10-24 13:06:00', 31),
  (2549, 25, 3, 28, 'TRANSFER_IN', 'TRANSFER', 39, '2025-10-24 13:07:00', 31), (2550, 10, 4, -5, 'TRANSFER_OUT', 'TRANSFER', 40, '2025-11-28 11:13:00', 4),
  (2551, 10, 11, 5, 'TRANSFER_IN', 'TRANSFER', 40, '2025-11-28 11:14:00', 4), (2552, 62, 4, -9, 'TRANSFER_OUT', 'TRANSFER', 40, '2025-11-28 11:17:00', 4),
  (2553, 62, 11, 9, 'TRANSFER_IN', 'TRANSFER', 40, '2025-11-28 11:18:00', 4), (2554, 108, 4, -16, 'TRANSFER_OUT', 'TRANSFER', 40, '2025-11-28 11:21:00', 4),
  (2555, 108, 11, 16, 'TRANSFER_IN', 'TRANSFER', 40, '2025-11-28 11:22:00', 4), (2556, 77, 4, -9, 'TRANSFER_OUT', 'TRANSFER', 40, '2025-11-28 11:25:00', 4),
  (2557, 77, 11, 9, 'TRANSFER_IN', 'TRANSFER', 40, '2025-11-28 11:26:00', 4), (2558, 112, 4, -7, 'TRANSFER_OUT', 'TRANSFER', 40, '2025-11-28 11:29:00', 4),
  (2559, 112, 11, 7, 'TRANSFER_IN', 'TRANSFER', 40, '2025-11-28 11:30:00', 4), (2560, 21, 4, -12, 'TRANSFER_OUT', 'TRANSFER', 40, '2025-11-28 11:33:00', 4),
  (2561, 21, 11, 12, 'TRANSFER_IN', 'TRANSFER', 40, '2025-11-28 11:34:00', 4), (2562, 96, 5, -20, 'TRANSFER_OUT', 'TRANSFER', 41, '2025-12-02 11:23:00', 10),
  (2563, 96, 12, 20, 'TRANSFER_IN', 'TRANSFER', 41, '2025-12-02 11:24:00', 10), (2564, 18, 5, -18, 'TRANSFER_OUT', 'TRANSFER', 41, '2025-12-02 11:27:00', 10),
  (2565, 18, 12, 18, 'TRANSFER_IN', 'TRANSFER', 41, '2025-12-02 11:28:00', 10), (2566, 68, 5, -28, 'TRANSFER_OUT', 'TRANSFER', 41, '2025-12-02 11:31:00', 10),
  (2567, 68, 12, 28, 'TRANSFER_IN', 'TRANSFER', 41, '2025-12-02 11:32:00', 10), (2568, 90, 5, -15, 'TRANSFER_OUT', 'TRANSFER', 41, '2025-12-02 11:35:00', 10),
  (2569, 90, 12, 15, 'TRANSFER_IN', 'TRANSFER', 41, '2025-12-02 11:36:00', 10), (2570, 39, 5, -19, 'TRANSFER_OUT', 'TRANSFER', 41, '2025-12-02 11:39:00', 10),
  (2571, 39, 12, 19, 'TRANSFER_IN', 'TRANSFER', 41, '2025-12-02 11:40:00', 10), (2572, 103, 6, -21, 'TRANSFER_OUT', 'TRANSFER', 42, '2025-10-24 11:07:00', 8),
  (2573, 103, 3, 21, 'TRANSFER_IN', 'TRANSFER', 42, '2025-10-24 11:08:00', 8), (2574, 33, 6, -10, 'TRANSFER_OUT', 'TRANSFER', 42, '2025-10-24 11:11:00', 8),
  (2575, 33, 3, 10, 'TRANSFER_IN', 'TRANSFER', 42, '2025-10-24 11:12:00', 8), (2576, 118, 4, -27, 'TRANSFER_OUT', 'TRANSFER', 43, '2025-11-19 12:31:00', 31),
  (2577, 118, 16, 27, 'TRANSFER_IN', 'TRANSFER', 43, '2025-11-19 12:32:00', 31), (2578, 74, 4, -12, 'TRANSFER_OUT', 'TRANSFER', 43, '2025-11-19 12:35:00', 31),
  (2579, 74, 16, 12, 'TRANSFER_IN', 'TRANSFER', 43, '2025-11-19 12:36:00', 31), (2580, 65, 4, -18, 'TRANSFER_OUT', 'TRANSFER', 43, '2025-11-19 12:39:00', 31),
  (2581, 65, 16, 18, 'TRANSFER_IN', 'TRANSFER', 43, '2025-11-19 12:40:00', 31), (2582, 40, 4, -34, 'TRANSFER_OUT', 'TRANSFER', 43, '2025-11-19 12:43:00', 31),
  (2583, 40, 16, 34, 'TRANSFER_IN', 'TRANSFER', 43, '2025-11-19 12:44:00', 31), (2584, 52, 1, -12, 'TRANSFER_OUT', 'TRANSFER', 44, '2025-10-23 12:35:00', 25),
  (2585, 52, 14, 12, 'TRANSFER_IN', 'TRANSFER', 44, '2025-10-23 12:36:00', 25), (2586, 80, 1, -17, 'TRANSFER_OUT', 'TRANSFER', 44, '2025-10-23 12:39:00', 25),
  (2587, 80, 14, 17, 'TRANSFER_IN', 'TRANSFER', 44, '2025-10-23 12:40:00', 25), (2588, 8, 1, -10, 'TRANSFER_OUT', 'TRANSFER', 44, '2025-10-23 12:43:00', 25),
  (2589, 8, 14, 10, 'TRANSFER_IN', 'TRANSFER', 44, '2025-10-23 12:44:00', 25), (2590, 85, 14, -31, 'TRANSFER_OUT', 'TRANSFER', 45, '2025-12-06 12:28:00', 5),
  (2591, 85, 5, 31, 'TRANSFER_IN', 'TRANSFER', 45, '2025-12-06 12:29:00', 5), (2592, 57, 14, -17, 'TRANSFER_OUT', 'TRANSFER', 45, '2025-12-06 12:32:00', 5),
  (2593, 57, 5, 17, 'TRANSFER_IN', 'TRANSFER', 45, '2025-12-06 12:33:00', 5), (2594, 115, 14, -10, 'TRANSFER_OUT', 'TRANSFER', 45, '2025-12-06 12:36:00', 5),
  (2595, 115, 5, 10, 'TRANSFER_IN', 'TRANSFER', 45, '2025-12-06 12:37:00', 5), (2596, 113, 14, -6, 'TRANSFER_OUT', 'TRANSFER', 45, '2025-12-06 12:40:00', 5),
  (2597, 113, 5, 6, 'TRANSFER_IN', 'TRANSFER', 45, '2025-12-06 12:41:00', 5), (2598, 69, 14, -30, 'TRANSFER_OUT', 'TRANSFER', 45, '2025-12-06 12:44:00', 5),
  (2599, 69, 5, 30, 'TRANSFER_IN', 'TRANSFER', 45, '2025-12-06 12:45:00', 5), (2600, 47, 4, -29, 'TRANSFER_OUT', 'TRANSFER', 46, '2025-10-21 11:13:00', 18),
  (2601, 47, 9, 29, 'TRANSFER_IN', 'TRANSFER', 46, '2025-10-21 11:14:00', 18), (2602, 78, 4, -32, 'TRANSFER_OUT', 'TRANSFER', 46, '2025-10-21 11:17:00', 18),
  (2603, 78, 9, 32, 'TRANSFER_IN', 'TRANSFER', 46, '2025-10-21 11:18:00', 18), (2604, 28, 2, -5, 'TRANSFER_OUT', 'TRANSFER', 47, '2025-11-18 11:13:00', 11),
  (2605, 28, 10, 5, 'TRANSFER_IN', 'TRANSFER', 47, '2025-11-18 11:14:00', 11), (2606, 77, 2, -29, 'TRANSFER_OUT', 'TRANSFER', 47, '2025-11-18 11:17:00', 11),
  (2607, 77, 10, 29, 'TRANSFER_IN', 'TRANSFER', 47, '2025-11-18 11:18:00', 11), (2608, 37, 9, -7, 'TRANSFER_OUT', 'TRANSFER', 48, '2025-11-24 12:58:00', 13),
  (2609, 37, 5, 7, 'TRANSFER_IN', 'TRANSFER', 48, '2025-11-24 12:59:00', 13), (2610, 43, 9, -23, 'TRANSFER_OUT', 'TRANSFER', 48, '2025-11-24 13:02:00', 13),
  (2611, 43, 5, 23, 'TRANSFER_IN', 'TRANSFER', 48, '2025-11-24 13:03:00', 13), (2612, 40, 5, -16, 'TRANSFER_OUT', 'TRANSFER', 49, '2025-10-18 11:40:00', 3),
  (2613, 40, 13, 16, 'TRANSFER_IN', 'TRANSFER', 49, '2025-10-18 11:41:00', 3), (2614, 2, 5, -29, 'TRANSFER_OUT', 'TRANSFER', 49, '2025-10-18 11:44:00', 3),
  (2615, 2, 13, 29, 'TRANSFER_IN', 'TRANSFER', 49, '2025-10-18 11:45:00', 3), (2616, 94, 4, -8, 'TRANSFER_OUT', 'TRANSFER', 50, '2025-11-04 12:36:00', 13),
  (2617, 94, 14, 8, 'TRANSFER_IN', 'TRANSFER', 50, '2025-11-04 12:37:00', 13), (2618, 46, 4, -15, 'TRANSFER_OUT', 'TRANSFER', 50, '2025-11-04 12:40:00', 13),
  (2619, 46, 14, 15, 'TRANSFER_IN', 'TRANSFER', 50, '2025-11-04 12:41:00', 13), (2620, 17, 4, -18, 'TRANSFER_OUT', 'TRANSFER', 50, '2025-11-04 12:44:00', 13),
  (2621, 17, 14, 18, 'TRANSFER_IN', 'TRANSFER', 50, '2025-11-04 12:45:00', 13), (2622, 91, 4, -33, 'TRANSFER_OUT', 'TRANSFER', 50, '2025-11-04 12:48:00', 13),
  (2623, 91, 14, 33, 'TRANSFER_IN', 'TRANSFER', 50, '2025-11-04 12:49:00', 13), (2624, 88, 4, -28, 'TRANSFER_OUT', 'TRANSFER', 50, '2025-11-04 12:52:00', 13),
  (2625, 88, 14, 28, 'TRANSFER_IN', 'TRANSFER', 50, '2025-11-04 12:53:00', 13), (2626, 62, 5, -14, 'TRANSFER_OUT', 'TRANSFER', 51, '2025-11-21 12:41:00', 2),
  (2627, 62, 8, 14, 'TRANSFER_IN', 'TRANSFER', 51, '2025-11-21 12:42:00', 2), (2628, 76, 5, -10, 'TRANSFER_OUT', 'TRANSFER', 51, '2025-11-21 12:45:00', 2),
  (2629, 76, 8, 10, 'TRANSFER_IN', 'TRANSFER', 51, '2025-11-21 12:46:00', 2), (2630, 112, 5, -9, 'TRANSFER_OUT', 'TRANSFER', 51, '2025-11-21 12:49:00', 2),
  (2631, 112, 8, 9, 'TRANSFER_IN', 'TRANSFER', 51, '2025-11-21 12:50:00', 2), (2632, 110, 5, -26, 'TRANSFER_OUT', 'TRANSFER', 51, '2025-11-21 12:53:00', 2),
  (2633, 110, 8, 26, 'TRANSFER_IN', 'TRANSFER', 51, '2025-11-21 12:54:00', 2), (2634, 5, 5, -19, 'TRANSFER_OUT', 'TRANSFER', 51, '2025-11-21 12:57:00', 2),
  (2635, 5, 8, 19, 'TRANSFER_IN', 'TRANSFER', 51, '2025-11-21 12:58:00', 2), (2636, 99, 1, -35, 'TRANSFER_OUT', 'TRANSFER', 52, '2025-12-05 12:27:00', 14),
  (2637, 99, 9, 35, 'TRANSFER_IN', 'TRANSFER', 52, '2025-12-05 12:28:00', 14), (2638, 92, 1, -21, 'TRANSFER_OUT', 'TRANSFER', 52, '2025-12-05 12:31:00', 14),
  (2639, 92, 9, 21, 'TRANSFER_IN', 'TRANSFER', 52, '2025-12-05 12:32:00', 14), (2640, 21, 1, -21, 'TRANSFER_OUT', 'TRANSFER', 52, '2025-12-05 12:35:00', 14),
  (2641, 21, 9, 21, 'TRANSFER_IN', 'TRANSFER', 52, '2025-12-05 12:36:00', 14), (2642, 55, 15, -24, 'TRANSFER_OUT', 'TRANSFER', 53, '2025-11-12 12:40:00', 22),
  (2643, 55, 5, 24, 'TRANSFER_IN', 'TRANSFER', 53, '2025-11-12 12:41:00', 22), (2644, 48, 15, -32, 'TRANSFER_OUT', 'TRANSFER', 53, '2025-11-12 12:44:00', 22),
  (2645, 48, 5, 32, 'TRANSFER_IN', 'TRANSFER', 53, '2025-11-12 12:45:00', 22), (2646, 59, 15, -35, 'TRANSFER_OUT', 'TRANSFER', 53, '2025-11-12 12:48:00', 22),
  (2647, 59, 5, 35, 'TRANSFER_IN', 'TRANSFER', 53, '2025-11-12 12:49:00', 22), (2648, 20, 4, -25, 'TRANSFER_OUT', 'TRANSFER', 54, '2025-11-23 12:17:00', 14),
  (2649, 20, 9, 25, 'TRANSFER_IN', 'TRANSFER', 54, '2025-11-23 12:18:00', 14), (2650, 73, 4, -20, 'TRANSFER_OUT', 'TRANSFER', 54, '2025-11-23 12:21:00', 14),
  (2651, 73, 9, 20, 'TRANSFER_IN', 'TRANSFER', 54, '2025-11-23 12:22:00', 14), (2652, 64, 1, -19, 'TRANSFER_OUT', 'TRANSFER', 55, '2025-11-19 12:51:00', 20),
  (2653, 64, 8, 19, 'TRANSFER_IN', 'TRANSFER', 55, '2025-11-19 12:52:00', 20), (2654, 13, 1, -15, 'TRANSFER_OUT', 'TRANSFER', 55, '2025-11-19 12:55:00', 20),
  (2655, 13, 8, 15, 'TRANSFER_IN', 'TRANSFER', 55, '2025-11-19 12:56:00', 20), (2656, 46, 3, -27, 'TRANSFER_OUT', 'TRANSFER', 56, '2025-11-01 12:13:00', 5),
  (2657, 46, 8, 27, 'TRANSFER_IN', 'TRANSFER', 56, '2025-11-01 12:14:00', 5), (2658, 12, 3, -29, 'TRANSFER_OUT', 'TRANSFER', 56, '2025-11-01 12:17:00', 5),
  (2659, 12, 8, 29, 'TRANSFER_IN', 'TRANSFER', 56, '2025-11-01 12:18:00', 5), (2660, 10, 3, -19, 'TRANSFER_OUT', 'TRANSFER', 56, '2025-11-01 12:21:00', 5),
  (2661, 10, 8, 19, 'TRANSFER_IN', 'TRANSFER', 56, '2025-11-01 12:22:00', 5), (2662, 23, 3, -13, 'TRANSFER_OUT', 'TRANSFER', 56, '2025-11-01 12:25:00', 5),
  (2663, 23, 8, 13, 'TRANSFER_IN', 'TRANSFER', 56, '2025-11-01 12:26:00', 5), (2664, 6, 10, -32, 'TRANSFER_OUT', 'TRANSFER', 57, '2025-10-22 12:12:00', 9),
  (2665, 6, 4, 32, 'TRANSFER_IN', 'TRANSFER', 57, '2025-10-22 12:13:00', 9), (2666, 54, 10, -24, 'TRANSFER_OUT', 'TRANSFER', 57, '2025-10-22 12:16:00', 9),
  (2667, 54, 4, 24, 'TRANSFER_IN', 'TRANSFER', 57, '2025-10-22 12:17:00', 9), (2668, 41, 10, -34, 'TRANSFER_OUT', 'TRANSFER', 57, '2025-10-22 12:20:00', 9),
  (2669, 41, 4, 34, 'TRANSFER_IN', 'TRANSFER', 57, '2025-10-22 12:21:00', 9), (2670, 60, 10, -26, 'TRANSFER_OUT', 'TRANSFER', 57, '2025-10-22 12:24:00', 9),
  (2671, 60, 4, 26, 'TRANSFER_IN', 'TRANSFER', 57, '2025-10-22 12:25:00', 9), (2672, 62, 10, -9, 'TRANSFER_OUT', 'TRANSFER', 57, '2025-10-22 12:28:00', 9),
  (2673, 62, 4, 9, 'TRANSFER_IN', 'TRANSFER', 57, '2025-10-22 12:29:00', 9), (2674, 65, 5, -6, 'TRANSFER_OUT', 'TRANSFER', 58, '2025-11-07 11:10:00', 21),
  (2675, 65, 15, 6, 'TRANSFER_IN', 'TRANSFER', 58, '2025-11-07 11:11:00', 21), (2676, 58, 5, -24, 'TRANSFER_OUT', 'TRANSFER', 58, '2025-11-07 11:14:00', 21),
  (2677, 58, 15, 24, 'TRANSFER_IN', 'TRANSFER', 58, '2025-11-07 11:15:00', 21), (2678, 34, 5, -25, 'TRANSFER_OUT', 'TRANSFER', 58, '2025-11-07 11:18:00', 21),
  (2679, 34, 15, 25, 'TRANSFER_IN', 'TRANSFER', 58, '2025-11-07 11:19:00', 21), (2680, 113, 5, -6, 'TRANSFER_OUT', 'TRANSFER', 58, '2025-11-07 11:22:00', 21),
  (2681, 113, 15, 6, 'TRANSFER_IN', 'TRANSFER', 58, '2025-11-07 11:23:00', 21), (2682, 88, 5, -28, 'TRANSFER_OUT', 'TRANSFER', 58, '2025-11-07 11:26:00', 21),
  (2683, 88, 15, 28, 'TRANSFER_IN', 'TRANSFER', 58, '2025-11-07 11:27:00', 21), (2684, 65, 14, -32, 'TRANSFER_OUT', 'TRANSFER', 59, '2025-12-08 11:13:00', 10),
  (2685, 65, 1, 32, 'TRANSFER_IN', 'TRANSFER', 59, '2025-12-08 11:14:00', 10), (2686, 29, 14, -7, 'TRANSFER_OUT', 'TRANSFER', 59, '2025-12-08 11:17:00', 10),
  (2687, 29, 1, 7, 'TRANSFER_IN', 'TRANSFER', 59, '2025-12-08 11:18:00', 10), (2688, 98, 14, -12, 'TRANSFER_OUT', 'TRANSFER', 59, '2025-12-08 11:21:00', 10),
  (2689, 98, 1, 12, 'TRANSFER_IN', 'TRANSFER', 59, '2025-12-08 11:22:00', 10), (2690, 68, 14, -17, 'TRANSFER_OUT', 'TRANSFER', 59, '2025-12-08 11:25:00', 10),
  (2691, 68, 1, 17, 'TRANSFER_IN', 'TRANSFER', 59, '2025-12-08 11:26:00', 10), (2692, 72, 16, -29, 'TRANSFER_OUT', 'TRANSFER', 60, '2025-11-13 11:59:00', 23),
  (2693, 72, 1, 29, 'TRANSFER_IN', 'TRANSFER', 60, '2025-11-13 12:00:00', 23), (2694, 18, 16, -18, 'TRANSFER_OUT', 'TRANSFER', 60, '2025-11-13 12:03:00', 23),
  (2695, 18, 1, 18, 'TRANSFER_IN', 'TRANSFER', 60, '2025-11-13 12:04:00', 23), (2696, 14, 16, -11, 'TRANSFER_OUT', 'TRANSFER', 60, '2025-11-13 12:07:00', 23),
  (2697, 14, 1, 11, 'TRANSFER_IN', 'TRANSFER', 60, '2025-11-13 12:08:00', 23), (2698, 32, 16, -17, 'TRANSFER_OUT', 'TRANSFER', 60, '2025-11-13 12:11:00', 23),
  (2699, 32, 1, 17, 'TRANSFER_IN', 'TRANSFER', 60, '2025-11-13 12:12:00', 23), (2700, 115, 16, -15, 'TRANSFER_OUT', 'TRANSFER', 60, '2025-11-13 12:15:00', 23),
  (2701, 115, 1, 15, 'TRANSFER_IN', 'TRANSFER', 60, '2025-11-13 12:16:00', 23), (2702, 62, 16, -7, 'TRANSFER_OUT', 'TRANSFER', 60, '2025-11-13 12:19:00', 23),
  (2703, 62, 1, 7, 'TRANSFER_IN', 'TRANSFER', 60, '2025-11-13 12:20:00', 23), (2704, 15, 5, -9, 'TRANSFER_OUT', 'TRANSFER', 61, '2025-11-28 12:34:00', 14),
  (2705, 15, 13, 9, 'TRANSFER_IN', 'TRANSFER', 61, '2025-11-28 12:35:00', 14), (2706, 36, 5, -35, 'TRANSFER_OUT', 'TRANSFER', 61, '2025-11-28 12:38:00', 14),
  (2707, 36, 13, 35, 'TRANSFER_IN', 'TRANSFER', 61, '2025-11-28 12:39:00', 14), (2708, 59, 5, -20, 'TRANSFER_OUT', 'TRANSFER', 61, '2025-11-28 12:42:00', 14),
  (2709, 59, 13, 20, 'TRANSFER_IN', 'TRANSFER', 61, '2025-11-28 12:43:00', 14), (2710, 5, 5, -9, 'TRANSFER_OUT', 'TRANSFER', 61, '2025-11-28 12:46:00', 14),
  (2711, 5, 13, 9, 'TRANSFER_IN', 'TRANSFER', 61, '2025-11-28 12:47:00', 14), (2712, 70, 5, -25, 'TRANSFER_OUT', 'TRANSFER', 61, '2025-11-28 12:50:00', 14),
  (2713, 70, 13, 25, 'TRANSFER_IN', 'TRANSFER', 61, '2025-11-28 12:51:00', 14), (2714, 102, 5, -6, 'TRANSFER_OUT', 'TRANSFER', 62, '2025-10-18 12:59:00', 25),
  (2715, 102, 6, 6, 'TRANSFER_IN', 'TRANSFER', 62, '2025-10-18 13:00:00', 25), (2716, 56, 5, -11, 'TRANSFER_OUT', 'TRANSFER', 62, '2025-10-18 13:03:00', 25),
  (2717, 56, 6, 11, 'TRANSFER_IN', 'TRANSFER', 62, '2025-10-18 13:04:00', 25), (2718, 61, 5, -32, 'TRANSFER_OUT', 'TRANSFER', 62, '2025-10-18 13:07:00', 25),
  (2719, 61, 6, 32, 'TRANSFER_IN', 'TRANSFER', 62, '2025-10-18 13:08:00', 25), (2720, 28, 5, -5, 'TRANSFER_OUT', 'TRANSFER', 62, '2025-10-18 13:11:00', 25),
  (2721, 28, 6, 5, 'TRANSFER_IN', 'TRANSFER', 62, '2025-10-18 13:12:00', 25), (2722, 14, 16, -13, 'TRANSFER_OUT', 'TRANSFER', 63, '2025-10-31 12:21:00', 18),
  (2723, 14, 4, 13, 'TRANSFER_IN', 'TRANSFER', 63, '2025-10-31 12:22:00', 18), (2724, 26, 16, -17, 'TRANSFER_OUT', 'TRANSFER', 63, '2025-10-31 12:25:00', 18),
  (2725, 26, 4, 17, 'TRANSFER_IN', 'TRANSFER', 63, '2025-10-31 12:26:00', 18), (2726, 12, 16, -7, 'TRANSFER_OUT', 'TRANSFER', 63, '2025-10-31 12:29:00', 18),
  (2727, 12, 4, 7, 'TRANSFER_IN', 'TRANSFER', 63, '2025-10-31 12:30:00', 18), (2728, 24, 4, -33, 'TRANSFER_OUT', 'TRANSFER', 64, '2025-11-26 12:54:00', 14),
  (2729, 24, 12, 33, 'TRANSFER_IN', 'TRANSFER', 64, '2025-11-26 12:55:00', 14), (2730, 108, 4, -33, 'TRANSFER_OUT', 'TRANSFER', 64, '2025-11-26 12:58:00', 14),
  (2731, 108, 12, 33, 'TRANSFER_IN', 'TRANSFER', 64, '2025-11-26 12:59:00', 14), (2732, 7, 4, -18, 'TRANSFER_OUT', 'TRANSFER', 64, '2025-11-26 13:02:00', 14),
  (2733, 7, 12, 18, 'TRANSFER_IN', 'TRANSFER', 64, '2025-11-26 13:03:00', 14), (2734, 12, 4, -15, 'TRANSFER_OUT', 'TRANSFER', 64, '2025-11-26 13:06:00', 14),
  (2735, 12, 12, 15, 'TRANSFER_IN', 'TRANSFER', 64, '2025-11-26 13:07:00', 14), (2736, 75, 10, -27, 'TRANSFER_OUT', 'TRANSFER', 65, '2025-11-06 13:00:00', 13),
  (2737, 75, 2, 27, 'TRANSFER_IN', 'TRANSFER', 65, '2025-11-06 13:01:00', 13), (2738, 74, 10, -18, 'TRANSFER_OUT', 'TRANSFER', 65, '2025-11-06 13:04:00', 13),
  (2739, 74, 2, 18, 'TRANSFER_IN', 'TRANSFER', 65, '2025-11-06 13:05:00', 13), (2740, 83, 10, -16, 'TRANSFER_OUT', 'TRANSFER', 65, '2025-11-06 13:08:00', 13),
  (2741, 83, 2, 16, 'TRANSFER_IN', 'TRANSFER', 65, '2025-11-06 13:09:00', 13), (2742, 107, 10, -34, 'TRANSFER_OUT', 'TRANSFER', 65, '2025-11-06 13:12:00', 13),
  (2743, 107, 2, 34, 'TRANSFER_IN', 'TRANSFER', 65, '2025-11-06 13:13:00', 13), (2744, 26, 10, -27, 'TRANSFER_OUT', 'TRANSFER', 65, '2025-11-06 13:16:00', 13),
  (2745, 26, 2, 27, 'TRANSFER_IN', 'TRANSFER', 65, '2025-11-06 13:17:00', 13), (2746, 79, 1, -28, 'TRANSFER_OUT', 'TRANSFER', 66, '2025-10-19 12:32:00', 13),
  (2747, 79, 14, 28, 'TRANSFER_IN', 'TRANSFER', 66, '2025-10-19 12:33:00', 13), (2748, 19, 1, -31, 'TRANSFER_OUT', 'TRANSFER', 66, '2025-10-19 12:36:00', 13),
  (2749, 19, 14, 31, 'TRANSFER_IN', 'TRANSFER', 66, '2025-10-19 12:37:00', 13), (2750, 42, 1, -28, 'TRANSFER_OUT', 'TRANSFER', 66, '2025-10-19 12:40:00', 13),
  (2751, 42, 14, 28, 'TRANSFER_IN', 'TRANSFER', 66, '2025-10-19 12:41:00', 13), (2752, 86, 1, -28, 'TRANSFER_OUT', 'TRANSFER', 66, '2025-10-19 12:44:00', 13),
  (2753, 86, 14, 28, 'TRANSFER_IN', 'TRANSFER', 66, '2025-10-19 12:45:00', 13), (2754, 106, 1, -15, 'TRANSFER_OUT', 'TRANSFER', 66, '2025-10-19 12:48:00', 13),
  (2755, 106, 14, 15, 'TRANSFER_IN', 'TRANSFER', 66, '2025-10-19 12:49:00', 13), (2756, 94, 1, -5, 'TRANSFER_OUT', 'TRANSFER', 66, '2025-10-19 12:52:00', 13),
  (2757, 94, 14, 5, 'TRANSFER_IN', 'TRANSFER', 66, '2025-10-19 12:53:00', 13), (2758, 103, 4, -18, 'TRANSFER_OUT', 'TRANSFER', 67, '2025-12-09 11:40:00', 33),
  (2759, 103, 8, 18, 'TRANSFER_IN', 'TRANSFER', 67, '2025-12-09 11:41:00', 33), (2760, 88, 4, -13, 'TRANSFER_OUT', 'TRANSFER', 67, '2025-12-09 11:44:00', 33),
  (2761, 88, 8, 13, 'TRANSFER_IN', 'TRANSFER', 67, '2025-12-09 11:45:00', 33), (2762, 13, 1, -27, 'TRANSFER_OUT', 'TRANSFER', 68, '2025-11-24 11:57:00', 9),
  (2763, 13, 13, 27, 'TRANSFER_IN', 'TRANSFER', 68, '2025-11-24 11:58:00', 9), (2764, 5, 1, -22, 'TRANSFER_OUT', 'TRANSFER', 68, '2025-11-24 12:01:00', 9),
  (2765, 5, 13, 22, 'TRANSFER_IN', 'TRANSFER', 68, '2025-11-24 12:02:00', 9), (2766, 28, 1, -29, 'TRANSFER_OUT', 'TRANSFER', 68, '2025-11-24 12:05:00', 9),
  (2767, 28, 13, 29, 'TRANSFER_IN', 'TRANSFER', 68, '2025-11-24 12:06:00', 9), (2768, 96, 1, -10, 'TRANSFER_OUT', 'TRANSFER', 68, '2025-11-24 12:09:00', 9),
  (2769, 96, 13, 10, 'TRANSFER_IN', 'TRANSFER', 68, '2025-11-24 12:10:00', 9), (2770, 25, 1, -24, 'TRANSFER_OUT', 'TRANSFER', 68, '2025-11-24 12:13:00', 9),
  (2771, 25, 13, 24, 'TRANSFER_IN', 'TRANSFER', 68, '2025-11-24 12:14:00', 9), (2772, 54, 1, -17, 'TRANSFER_OUT', 'TRANSFER', 68, '2025-11-24 12:17:00', 9),
  (2773, 54, 13, 17, 'TRANSFER_IN', 'TRANSFER', 68, '2025-11-24 12:18:00', 9), (2774, 3, 2, -21, 'TRANSFER_OUT', 'TRANSFER', 69, '2025-11-07 12:44:00', 1),
  (2775, 3, 9, 21, 'TRANSFER_IN', 'TRANSFER', 69, '2025-11-07 12:45:00', 1), (2776, 39, 2, -31, 'TRANSFER_OUT', 'TRANSFER', 69, '2025-11-07 12:48:00', 1),
  (2777, 39, 9, 31, 'TRANSFER_IN', 'TRANSFER', 69, '2025-11-07 12:49:00', 1), (2778, 115, 2, -32, 'TRANSFER_OUT', 'TRANSFER', 69, '2025-11-07 12:52:00', 1),
  (2779, 115, 9, 32, 'TRANSFER_IN', 'TRANSFER', 69, '2025-11-07 12:53:00', 1), (2780, 40, 2, -8, 'TRANSFER_OUT', 'TRANSFER', 69, '2025-11-07 12:56:00', 1),
  (2781, 40, 9, 8, 'TRANSFER_IN', 'TRANSFER', 69, '2025-11-07 12:57:00', 1), (2782, 55, 4, -19, 'TRANSFER_OUT', 'TRANSFER', 70, '2025-11-06 11:45:00', 27),
  (2783, 55, 12, 19, 'TRANSFER_IN', 'TRANSFER', 70, '2025-11-06 11:46:00', 27), (2784, 67, 4, -18, 'TRANSFER_OUT', 'TRANSFER', 70, '2025-11-06 11:49:00', 27),
  (2785, 67, 12, 18, 'TRANSFER_IN', 'TRANSFER', 70, '2025-11-06 11:50:00', 27), (2786, 99, 4, -16, 'TRANSFER_OUT', 'TRANSFER', 70, '2025-11-06 11:53:00', 27),
  (2787, 99, 12, 16, 'TRANSFER_IN', 'TRANSFER', 70, '2025-11-06 11:54:00', 27), (2788, 43, 4, -10, 'TRANSFER_OUT', 'TRANSFER', 70, '2025-11-06 11:57:00', 27),
  (2789, 43, 12, 10, 'TRANSFER_IN', 'TRANSFER', 70, '2025-11-06 11:58:00', 27), (2790, 15, 4, -22, 'TRANSFER_OUT', 'TRANSFER', 70, '2025-11-06 12:01:00', 27),
  (2791, 15, 12, 22, 'TRANSFER_IN', 'TRANSFER', 70, '2025-11-06 12:02:00', 27), (2792, 23, 4, -24, 'TRANSFER_OUT', 'TRANSFER', 70, '2025-11-06 12:05:00', 27),
  (2793, 23, 12, 24, 'TRANSFER_IN', 'TRANSFER', 70, '2025-11-06 12:06:00', 27), (2794, 83, 4, -32, 'TRANSFER_OUT', 'TRANSFER', 71, '2025-12-08 12:24:00', 19),
  (2795, 83, 12, 32, 'TRANSFER_IN', 'TRANSFER', 71, '2025-12-08 12:25:00', 19), (2796, 37, 4, -8, 'TRANSFER_OUT', 'TRANSFER', 71, '2025-12-08 12:28:00', 19),
  (2797, 37, 12, 8, 'TRANSFER_IN', 'TRANSFER', 71, '2025-12-08 12:29:00', 19), (2798, 91, 4, -7, 'TRANSFER_OUT', 'TRANSFER', 71, '2025-12-08 12:32:00', 19),
  (2799, 91, 12, 7, 'TRANSFER_IN', 'TRANSFER', 71, '2025-12-08 12:33:00', 19), (2800, 81, 4, -30, 'TRANSFER_OUT', 'TRANSFER', 71, '2025-12-08 12:36:00', 19),
  (2801, 81, 12, 30, 'TRANSFER_IN', 'TRANSFER', 71, '2025-12-08 12:37:00', 19), (2802, 118, 4, -31, 'TRANSFER_OUT', 'TRANSFER', 71, '2025-12-08 12:40:00', 19),
  (2803, 118, 12, 31, 'TRANSFER_IN', 'TRANSFER', 71, '2025-12-08 12:41:00', 19), (2804, 119, 1, -23, 'TRANSFER_OUT', 'TRANSFER', 72, '2025-10-21 12:03:00', 27),
  (2805, 119, 15, 23, 'TRANSFER_IN', 'TRANSFER', 72, '2025-10-21 12:04:00', 27), (2806, 70, 1, -30, 'TRANSFER_OUT', 'TRANSFER', 72, '2025-10-21 12:07:00', 27),
  (2807, 70, 15, 30, 'TRANSFER_IN', 'TRANSFER', 72, '2025-10-21 12:08:00', 27), (2808, 13, 1, -6, 'TRANSFER_OUT', 'TRANSFER', 72, '2025-10-21 12:11:00', 27),
  (2809, 13, 15, 6, 'TRANSFER_IN', 'TRANSFER', 72, '2025-10-21 12:12:00', 27), (2810, 82, 1, -26, 'TRANSFER_OUT', 'TRANSFER', 72, '2025-10-21 12:15:00', 27),
  (2811, 82, 15, 26, 'TRANSFER_IN', 'TRANSFER', 72, '2025-10-21 12:16:00', 27), (2812, 57, 1, -14, 'TRANSFER_OUT', 'TRANSFER', 72, '2025-10-21 12:19:00', 27),
  (2813, 57, 15, 14, 'TRANSFER_IN', 'TRANSFER', 72, '2025-10-21 12:20:00', 27), (2814, 65, 1, -32, 'TRANSFER_OUT', 'TRANSFER', 72, '2025-10-21 12:23:00', 27),
  (2815, 65, 15, 32, 'TRANSFER_IN', 'TRANSFER', 72, '2025-10-21 12:24:00', 27), (2816, 16, 2, -18, 'TRANSFER_OUT', 'TRANSFER', 73, '2025-10-22 11:25:00', 25),
  (2817, 16, 13, 18, 'TRANSFER_IN', 'TRANSFER', 73, '2025-10-22 11:26:00', 25), (2818, 45, 2, -34, 'TRANSFER_OUT', 'TRANSFER', 73, '2025-10-22 11:29:00', 25),
  (2819, 45, 13, 34, 'TRANSFER_IN', 'TRANSFER', 73, '2025-10-22 11:30:00', 25), (2820, 102, 2, -31, 'TRANSFER_OUT', 'TRANSFER', 73, '2025-10-22 11:33:00', 25),
  (2821, 102, 13, 31, 'TRANSFER_IN', 'TRANSFER', 73, '2025-10-22 11:34:00', 25), (2822, 117, 2, -25, 'TRANSFER_OUT', 'TRANSFER', 73, '2025-10-22 11:37:00', 25),
  (2823, 117, 13, 25, 'TRANSFER_IN', 'TRANSFER', 73, '2025-10-22 11:38:00', 25), (2824, 60, 2, -27, 'TRANSFER_OUT', 'TRANSFER', 73, '2025-10-22 11:41:00', 25),
  (2825, 60, 13, 27, 'TRANSFER_IN', 'TRANSFER', 73, '2025-10-22 11:42:00', 25), (2826, 45, 12, -26, 'TRANSFER_OUT', 'TRANSFER', 74, '2025-12-04 11:28:00', 24),
  (2827, 45, 1, 26, 'TRANSFER_IN', 'TRANSFER', 74, '2025-12-04 11:29:00', 24), (2828, 43, 12, -12, 'TRANSFER_OUT', 'TRANSFER', 74, '2025-12-04 11:32:00', 24),
  (2829, 43, 1, 12, 'TRANSFER_IN', 'TRANSFER', 74, '2025-12-04 11:33:00', 24), (2830, 110, 12, -5, 'TRANSFER_OUT', 'TRANSFER', 74, '2025-12-04 11:36:00', 24),
  (2831, 110, 1, 5, 'TRANSFER_IN', 'TRANSFER', 74, '2025-12-04 11:37:00', 24), (2832, 42, 12, -11, 'TRANSFER_OUT', 'TRANSFER', 74, '2025-12-04 11:40:00', 24),
  (2833, 42, 1, 11, 'TRANSFER_IN', 'TRANSFER', 74, '2025-12-04 11:41:00', 24), (2834, 48, 12, -6, 'TRANSFER_OUT', 'TRANSFER', 74, '2025-12-04 11:44:00', 24),
  (2835, 48, 1, 6, 'TRANSFER_IN', 'TRANSFER', 74, '2025-12-04 11:45:00', 24), (2836, 67, 12, -5, 'TRANSFER_OUT', 'TRANSFER', 74, '2025-12-04 11:48:00', 24),
  (2837, 67, 1, 5, 'TRANSFER_IN', 'TRANSFER', 74, '2025-12-04 11:49:00', 24), (2838, 56, 3, -25, 'TRANSFER_OUT', 'TRANSFER', 75, '2025-11-05 11:21:00', 21),
  (2839, 56, 14, 25, 'TRANSFER_IN', 'TRANSFER', 75, '2025-11-05 11:22:00', 21), (2840, 31, 3, -17, 'TRANSFER_OUT', 'TRANSFER', 75, '2025-11-05 11:25:00', 21),
  (2841, 31, 14, 17, 'TRANSFER_IN', 'TRANSFER', 75, '2025-11-05 11:26:00', 21), (2842, 72, 3, -31, 'TRANSFER_OUT', 'TRANSFER', 75, '2025-11-05 11:29:00', 21),
  (2843, 72, 14, 31, 'TRANSFER_IN', 'TRANSFER', 75, '2025-11-05 11:30:00', 21), (2844, 51, 3, -6, 'TRANSFER_OUT', 'TRANSFER', 75, '2025-11-05 11:33:00', 21),
  (2845, 51, 14, 6, 'TRANSFER_IN', 'TRANSFER', 75, '2025-11-05 11:34:00', 21), (2846, 25, 3, -30, 'TRANSFER_OUT', 'TRANSFER', 75, '2025-11-05 11:37:00', 21),
  (2847, 25, 14, 30, 'TRANSFER_IN', 'TRANSFER', 75, '2025-11-05 11:38:00', 21), (2848, 79, 3, -34, 'TRANSFER_OUT', 'TRANSFER', 75, '2025-11-05 11:41:00', 21),
  (2849, 79, 14, 34, 'TRANSFER_IN', 'TRANSFER', 75, '2025-11-05 11:42:00', 21), (2850, 116, 2, -12, 'TRANSFER_OUT', 'TRANSFER', 76, '2025-11-30 11:22:00', 25),
  (2851, 116, 16, 12, 'TRANSFER_IN', 'TRANSFER', 76, '2025-11-30 11:23:00', 25), (2852, 41, 2, -8, 'TRANSFER_OUT', 'TRANSFER', 76, '2025-11-30 11:26:00', 25),
  (2853, 41, 16, 8, 'TRANSFER_IN', 'TRANSFER', 76, '2025-11-30 11:27:00', 25), (2854, 67, 2, -27, 'TRANSFER_OUT', 'TRANSFER', 76, '2025-11-30 11:30:00', 25),
  (2855, 67, 16, 27, 'TRANSFER_IN', 'TRANSFER', 76, '2025-11-30 11:31:00', 25), (2856, 21, 2, -30, 'TRANSFER_OUT', 'TRANSFER', 76, '2025-11-30 11:34:00', 25),
  (2857, 21, 16, 30, 'TRANSFER_IN', 'TRANSFER', 76, '2025-11-30 11:35:00', 25), (2858, 56, 2, -9, 'TRANSFER_OUT', 'TRANSFER', 76, '2025-11-30 11:38:00', 25),
  (2859, 56, 16, 9, 'TRANSFER_IN', 'TRANSFER', 76, '2025-11-30 11:39:00', 25), (2860, 42, 5, -7, 'TRANSFER_OUT', 'TRANSFER', 77, '2025-12-07 12:10:00', 17),
  (2861, 42, 12, 7, 'TRANSFER_IN', 'TRANSFER', 77, '2025-12-07 12:11:00', 17), (2862, 27, 5, -5, 'TRANSFER_OUT', 'TRANSFER', 77, '2025-12-07 12:14:00', 17),
  (2863, 27, 12, 5, 'TRANSFER_IN', 'TRANSFER', 77, '2025-12-07 12:15:00', 17), (2864, 12, 5, -18, 'TRANSFER_OUT', 'TRANSFER', 77, '2025-12-07 12:18:00', 17),
  (2865, 12, 12, 18, 'TRANSFER_IN', 'TRANSFER', 77, '2025-12-07 12:19:00', 17), (2866, 118, 5, -28, 'TRANSFER_OUT', 'TRANSFER', 78, '2025-11-23 12:30:00', 2),
  (2867, 118, 8, 28, 'TRANSFER_IN', 'TRANSFER', 78, '2025-11-23 12:31:00', 2), (2868, 11, 5, -9, 'TRANSFER_OUT', 'TRANSFER', 78, '2025-11-23 12:34:00', 2),
  (2869, 11, 8, 9, 'TRANSFER_IN', 'TRANSFER', 78, '2025-11-23 12:35:00', 2), (2870, 74, 5, -19, 'TRANSFER_OUT', 'TRANSFER', 78, '2025-11-23 12:38:00', 2),
  (2871, 74, 8, 19, 'TRANSFER_IN', 'TRANSFER', 78, '2025-11-23 12:39:00', 2), (2872, 49, 5, -25, 'TRANSFER_OUT', 'TRANSFER', 78, '2025-11-23 12:42:00', 2),
  (2873, 49, 8, 25, 'TRANSFER_IN', 'TRANSFER', 78, '2025-11-23 12:43:00', 2), (2874, 4, 5, -25, 'TRANSFER_OUT', 'TRANSFER', 78, '2025-11-23 12:46:00', 2),
  (2875, 4, 8, 25, 'TRANSFER_IN', 'TRANSFER', 78, '2025-11-23 12:47:00', 2), (2876, 96, 5, -29, 'TRANSFER_OUT', 'TRANSFER', 78, '2025-11-23 12:50:00', 2),
  (2877, 96, 8, 29, 'TRANSFER_IN', 'TRANSFER', 78, '2025-11-23 12:51:00', 2), (2878, 108, 2, -17, 'TRANSFER_OUT', 'TRANSFER', 79, '2025-11-03 11:24:00', 15),
  (2879, 108, 16, 17, 'TRANSFER_IN', 'TRANSFER', 79, '2025-11-03 11:25:00', 15), (2880, 32, 2, -29, 'TRANSFER_OUT', 'TRANSFER', 79, '2025-11-03 11:28:00', 15),
  (2881, 32, 16, 29, 'TRANSFER_IN', 'TRANSFER', 79, '2025-11-03 11:29:00', 15), (2882, 93, 2, -13, 'TRANSFER_OUT', 'TRANSFER', 79, '2025-11-03 11:32:00', 15),
  (2883, 93, 16, 13, 'TRANSFER_IN', 'TRANSFER', 79, '2025-11-03 11:33:00', 15), (2884, 100, 2, -26, 'TRANSFER_OUT', 'TRANSFER', 79, '2025-11-03 11:36:00', 15),
  (2885, 100, 16, 26, 'TRANSFER_IN', 'TRANSFER', 79, '2025-11-03 11:37:00', 15), (2886, 104, 2, -6, 'TRANSFER_OUT', 'TRANSFER', 79, '2025-11-03 11:40:00', 15),
  (2887, 104, 16, 6, 'TRANSFER_IN', 'TRANSFER', 79, '2025-11-03 11:41:00', 15), (2888, 101, 2, -13, 'TRANSFER_OUT', 'TRANSFER', 79, '2025-11-03 11:44:00', 15),
  (2889, 101, 16, 13, 'TRANSFER_IN', 'TRANSFER', 79, '2025-11-03 11:45:00', 15), (2890, 15, 2, -34, 'TRANSFER_OUT', 'TRANSFER', 80, '2025-11-24 12:14:00', 2),
  (2891, 15, 16, 34, 'TRANSFER_IN', 'TRANSFER', 80, '2025-11-24 12:15:00', 2), (2892, 59, 2, -24, 'TRANSFER_OUT', 'TRANSFER', 80, '2025-11-24 12:18:00', 2),
  (2893, 59, 16, 24, 'TRANSFER_IN', 'TRANSFER', 80, '2025-11-24 12:19:00', 2), (2894, 16, 4, 6, 'ADJUSTMENT', 'ADJUSTMENT', 1, '2025-12-05 11:05:00', 10),
  (2895, 10, 16, 1, 'ADJUSTMENT', 'ADJUSTMENT', 2, '2025-12-07 10:31:00', 24), (2896, 102, 1, -8, 'ADJUSTMENT', 'ADJUSTMENT', 3, '2025-12-08 10:13:00', 27),
  (2897, 88, 14, 8, 'ADJUSTMENT', 'ADJUSTMENT', 4, '2025-12-08 11:11:00', 25), (2898, 39, 1, -10, 'ADJUSTMENT', 'ADJUSTMENT', 5, '2025-12-02 14:22:00', 12),
  (2899, 62, 1, 4, 'ADJUSTMENT', 'ADJUSTMENT', 6, '2025-12-02 12:38:00', 11), (2900, 4, 1, -3, 'ADJUSTMENT', 'ADJUSTMENT', 7, '2025-12-04 14:07:00', 34),
  (2901, 116, 7, 8, 'ADJUSTMENT', 'ADJUSTMENT', 8, '2025-12-03 12:05:00', 2), (2902, 94, 5, 5, 'ADJUSTMENT', 'ADJUSTMENT', 9, '2025-12-08 12:05:00', 18),
  (2903, 45, 10, 19, 'ADJUSTMENT', 'ADJUSTMENT', 10, '2025-12-07 17:25:00', 31), (2904, 119, 7, -1, 'ADJUSTMENT', 'ADJUSTMENT', 11, '2025-12-04 13:25:00', 17),
  (2905, 14, 10, 1, 'ADJUSTMENT', 'ADJUSTMENT', 12, '2025-12-08 15:56:00', 11), (2906, 58, 14, 8, 'ADJUSTMENT', 'ADJUSTMENT', 13, '2025-12-10 10:38:00', 18),
  (2907, 50, 14, 10, 'ADJUSTMENT', 'ADJUSTMENT', 14, '2025-12-06 10:28:00', 13), (2908, 22, 2, 4, 'ADJUSTMENT', 'ADJUSTMENT', 15, '2025-12-10 15:18:00', 34),
  (2909, 78, 12, -11, 'ADJUSTMENT', 'ADJUSTMENT', 16, '2025-12-02 11:51:00', 26), (2910, 42, 14, 10, 'ADJUSTMENT', 'ADJUSTMENT', 17, '2025-12-04 10:13:00', 12),
  (2911, 85, 12, -3, 'ADJUSTMENT', 'ADJUSTMENT', 18, '2025-12-06 10:00:00', 24), (2912, 41, 1, 1, 'ADJUSTMENT', 'ADJUSTMENT', 19, '2025-12-08 18:50:00', 22),
  (2913, 42, 8, 12, 'ADJUSTMENT', 'ADJUSTMENT', 20, '2025-12-05 18:13:00', 5), (2914, 68, 7, 5, 'ADJUSTMENT', 'ADJUSTMENT', 21, '2025-12-10 10:36:00', 7),
  (2915, 115, 14, 8, 'ADJUSTMENT', 'ADJUSTMENT', 22, '2025-12-06 12:12:00', 28), (2916, 54, 4, 16, 'ADJUSTMENT', 'ADJUSTMENT', 24, '2025-12-03 18:20:00', 8),
  (2917, 76, 13, -11, 'ADJUSTMENT', 'ADJUSTMENT', 25, '2025-12-05 09:41:00', 16), (2918, 101, 1, 6, 'ADJUSTMENT', 'ADJUSTMENT', 26, '2025-12-03 15:02:00', 31),
  (2919, 115, 2, -11, 'ADJUSTMENT', 'ADJUSTMENT', 27, '2025-12-02 16:06:00', 22), (2920, 107, 14, 5, 'ADJUSTMENT', 'ADJUSTMENT', 28, '2025-12-06 14:25:00', 20),
  (2921, 11, 11, -9, 'ADJUSTMENT', 'ADJUSTMENT', 29, '2025-12-07 13:44:00', 33), (2922, 59, 16, 11, 'ADJUSTMENT', 'ADJUSTMENT', 30, '2025-12-10 10:01:00', 8),
  (2923, 29, 2, -4, 'ADJUSTMENT', 'ADJUSTMENT', 31, '2025-12-02 14:55:00', 1), (2924, 89, 14, -2, 'ADJUSTMENT', 'ADJUSTMENT', 32, '2025-12-02 12:46:00', 15),
  (2925, 116, 12, -9, 'ADJUSTMENT', 'ADJUSTMENT', 33, '2025-12-05 09:07:00', 1), (2926, 7, 10, 4, 'ADJUSTMENT', 'ADJUSTMENT', 34, '2025-12-06 18:50:00', 5),
  (2927, 104, 13, -2, 'ADJUSTMENT', 'ADJUSTMENT', 35, '2025-12-03 18:29:00', 18), (2928, 16, 5, -3, 'ADJUSTMENT', 'ADJUSTMENT', 36, '2025-12-10 15:40:00', 21),
  (2929, 58, 4, 18, 'ADJUSTMENT', 'ADJUSTMENT', 37, '2025-12-08 13:20:00', 16), (2930, 99, 16, -7, 'ADJUSTMENT', 'ADJUSTMENT', 38, '2025-12-05 13:45:00', 15),
  (2931, 11, 12, 1, 'ADJUSTMENT', 'ADJUSTMENT', 39, '2025-12-02 10:31:00', 16), (2932, 8, 7, 1, 'ADJUSTMENT', 'ADJUSTMENT', 40, '2025-12-08 15:12:00', 1),
  (2933, 63, 4, 1, 'ADJUSTMENT', 'ADJUSTMENT', 41, '2025-12-10 17:32:00', 22), (2934, 110, 11, 17, 'ADJUSTMENT', 'ADJUSTMENT', 42, '2025-12-03 17:06:00', 20),
  (2935, 118, 5, 11, 'ADJUSTMENT', 'ADJUSTMENT', 43, '2025-12-07 16:55:00', 15), (2936, 9, 9, -2, 'ADJUSTMENT', 'ADJUSTMENT', 45, '2025-12-05 18:41:00', 28),
  (2937, 14, 5, -6, 'ADJUSTMENT', 'ADJUSTMENT', 46, '2025-12-02 12:01:00', 31), (2938, 115, 15, 5, 'ADJUSTMENT', 'ADJUSTMENT', 47, '2025-12-01 16:42:00', 12),
  (2939, 68, 15, 4, 'ADJUSTMENT', 'ADJUSTMENT', 48, '2025-12-02 17:05:00', 23), (2940, 46, 14, -3, 'ADJUSTMENT', 'ADJUSTMENT', 49, '2025-12-07 17:27:00', 14),
  (2941, 66, 11, 16, 'ADJUSTMENT', 'ADJUSTMENT', 50, '2025-12-05 14:06:00', 4), (2942, 36, 16, -6, 'ADJUSTMENT', 'ADJUSTMENT', 53, '2025-12-01 12:07:00', 28),
  (2943, 29, 4, -10, 'ADJUSTMENT', 'ADJUSTMENT', 54, '2025-12-10 13:15:00', 4), (2944, 9, 4, 2, 'ADJUSTMENT', 'ADJUSTMENT', 55, '2025-12-10 15:25:00', 18),
  (2945, 51, 4, 5, 'ADJUSTMENT', 'ADJUSTMENT', 56, '2025-12-08 12:10:00', 15), (2946, 101, 7, 6, 'ADJUSTMENT', 'ADJUSTMENT', 57, '2025-12-10 13:46:00', 23),
  (2947, 1, 4, 20, 'ADJUSTMENT', 'ADJUSTMENT', 58, '2025-12-10 16:47:00', 12), (2948, 40, 8, 8, 'ADJUSTMENT', 'ADJUSTMENT', 59, '2025-12-02 11:11:00', 11),
  (2949, 43, 15, -5, 'ADJUSTMENT', 'ADJUSTMENT', 60, '2025-12-08 15:21:00', 10);


-- =========================
-- Audit Log
-- =========================
INSERT INTO audit_log
  (log_id, user_id, action_type, entity_name, entity_id, description)
VALUES
  (1, 7, 'CREATE', 'PurchaseOrder', 1, 'Created purchase order #1 (CLOSED)'), (2, 7, 'UPDATE', 'PurchaseOrder', 1, 'Processed receiving for PO #1 (CLOSED)'),
  (3, 25, 'CREATE', 'PurchaseOrder', 2, 'Created purchase order #2 (CANCELLED)'), (4, 25, 'UPDATE', 'PurchaseOrder', 2, 'Cancelled PO #2'),
  (5, 25, 'CREATE', 'PurchaseOrder', 3, 'Created purchase order #3 (CLOSED)'), (6, 25, 'UPDATE', 'PurchaseOrder', 3, 'Processed receiving for PO #3 (CLOSED)'),
  (7, 7, 'CREATE', 'PurchaseOrder', 4, 'Created purchase order #4 (CLOSED)'), (8, 7, 'UPDATE', 'PurchaseOrder', 4, 'Processed receiving for PO #4 (CLOSED)'),
  (9, 12, 'CREATE', 'PurchaseOrder', 5, 'Created purchase order #5 (CLOSED)'), (10, 12, 'UPDATE', 'PurchaseOrder', 5, 'Processed receiving for PO #5 (CLOSED)'),
  (11, 9, 'CREATE', 'PurchaseOrder', 6, 'Created purchase order #6 (CLOSED)'), (12, 9, 'UPDATE', 'PurchaseOrder', 6, 'Processed receiving for PO #6 (CLOSED)'),
  (13, 6, 'CREATE', 'PurchaseOrder', 7, 'Created purchase order #7 (CLOSED)'), (14, 6, 'UPDATE', 'PurchaseOrder', 7, 'Processed receiving for PO #7 (CLOSED)'),
  (15, 2, 'CREATE', 'PurchaseOrder', 8, 'Created purchase order #8 (CLOSED)'), (16, 2, 'UPDATE', 'PurchaseOrder', 8, 'Processed receiving for PO #8 (CLOSED)'),
  (17, 15, 'CREATE', 'PurchaseOrder', 9, 'Created purchase order #9 (CLOSED)'), (18, 15, 'UPDATE', 'PurchaseOrder', 9, 'Processed receiving for PO #9 (CLOSED)'),
  (19, 34, 'CREATE', 'PurchaseOrder', 10, 'Created purchase order #10 (CANCELLED)'), (20, 34, 'UPDATE', 'PurchaseOrder', 10, 'Cancelled PO #10'),
  (21, 4, 'CREATE', 'PurchaseOrder', 11, 'Created purchase order #11 (CLOSED)'), (22, 4, 'UPDATE', 'PurchaseOrder', 11, 'Processed receiving for PO #11 (CLOSED)'),
  (23, 3, 'CREATE', 'PurchaseOrder', 12, 'Created purchase order #12 (APPROVED)'), (24, 12, 'CREATE', 'PurchaseOrder', 13, 'Created purchase order #13 (CLOSED)'),
  (25, 12, 'UPDATE', 'PurchaseOrder', 13, 'Processed receiving for PO #13 (CLOSED)'), (26, 3, 'CREATE', 'PurchaseOrder', 14, 'Created purchase order #14 (CLOSED)'),
  (27, 3, 'UPDATE', 'PurchaseOrder', 14, 'Processed receiving for PO #14 (CLOSED)'), (28, 27, 'CREATE', 'PurchaseOrder', 15, 'Created purchase order #15 (CLOSED)'),
  (29, 27, 'UPDATE', 'PurchaseOrder', 15, 'Processed receiving for PO #15 (CLOSED)'), (30, 12, 'CREATE', 'PurchaseOrder', 16, 'Created purchase order #16 (PARTIALLY_RECEIVED)'),
  (31, 12, 'UPDATE', 'PurchaseOrder', 16, 'Processed receiving for PO #16 (PARTIALLY_RECEIVED)'), (32, 27, 'CREATE', 'PurchaseOrder', 17, 'Created purchase order #17 (CLOSED)'),
  (33, 27, 'UPDATE', 'PurchaseOrder', 17, 'Processed receiving for PO #17 (CLOSED)'), (34, 2, 'CREATE', 'PurchaseOrder', 18, 'Created purchase order #18 (CANCELLED)'),
  (35, 2, 'UPDATE', 'PurchaseOrder', 18, 'Cancelled PO #18'), (36, 4, 'CREATE', 'PurchaseOrder', 19, 'Created purchase order #19 (CLOSED)'),
  (37, 4, 'UPDATE', 'PurchaseOrder', 19, 'Processed receiving for PO #19 (CLOSED)'), (38, 27, 'CREATE', 'PurchaseOrder', 20, 'Created purchase order #20 (CLOSED)'),
  (39, 27, 'UPDATE', 'PurchaseOrder', 20, 'Processed receiving for PO #20 (CLOSED)'), (40, 2, 'CREATE', 'PurchaseOrder', 21, 'Created purchase order #21 (CLOSED)'),
  (41, 2, 'UPDATE', 'PurchaseOrder', 21, 'Processed receiving for PO #21 (CLOSED)'), (42, 3, 'CREATE', 'PurchaseOrder', 22, 'Created purchase order #22 (PARTIALLY_RECEIVED)'),
  (43, 3, 'UPDATE', 'PurchaseOrder', 22, 'Processed receiving for PO #22 (PARTIALLY_RECEIVED)'), (44, 9, 'CREATE', 'PurchaseOrder', 23, 'Created purchase order #23 (CLOSED)'),
  (45, 9, 'UPDATE', 'PurchaseOrder', 23, 'Processed receiving for PO #23 (CLOSED)'), (46, 27, 'CREATE', 'PurchaseOrder', 24, 'Created purchase order #24 (CLOSED)'),
  (47, 27, 'UPDATE', 'PurchaseOrder', 24, 'Processed receiving for PO #24 (CLOSED)'), (48, 34, 'CREATE', 'PurchaseOrder', 25, 'Created purchase order #25 (CLOSED)'),
  (49, 34, 'UPDATE', 'PurchaseOrder', 25, 'Processed receiving for PO #25 (CLOSED)'), (50, 25, 'CREATE', 'PurchaseOrder', 26, 'Created purchase order #26 (PARTIALLY_RECEIVED)'),
  (51, 25, 'UPDATE', 'PurchaseOrder', 26, 'Processed receiving for PO #26 (PARTIALLY_RECEIVED)'), (52, 27, 'CREATE', 'PurchaseOrder', 27, 'Created purchase order #27 (CANCELLED)'),
  (53, 27, 'UPDATE', 'PurchaseOrder', 27, 'Cancelled PO #27'), (54, 5, 'CREATE', 'PurchaseOrder', 28, 'Created purchase order #28 (CLOSED)'),
  (55, 5, 'UPDATE', 'PurchaseOrder', 28, 'Processed receiving for PO #28 (CLOSED)'), (56, 6, 'CREATE', 'PurchaseOrder', 29, 'Created purchase order #29 (CLOSED)'),
  (57, 6, 'UPDATE', 'PurchaseOrder', 29, 'Processed receiving for PO #29 (CLOSED)'), (58, 34, 'CREATE', 'PurchaseOrder', 30, 'Created purchase order #30 (CLOSED)'),
  (59, 34, 'UPDATE', 'PurchaseOrder', 30, 'Processed receiving for PO #30 (CLOSED)'), (60, 2, 'CREATE', 'PurchaseOrder', 31, 'Created purchase order #31 (APPROVED)'),
  (61, 15, 'CREATE', 'PurchaseOrder', 32, 'Created purchase order #32 (CLOSED)'), (62, 15, 'UPDATE', 'PurchaseOrder', 32, 'Processed receiving for PO #32 (CLOSED)'),
  (63, 9, 'CREATE', 'PurchaseOrder', 33, 'Created purchase order #33 (CLOSED)'), (64, 9, 'UPDATE', 'PurchaseOrder', 33, 'Processed receiving for PO #33 (CLOSED)'),
  (65, 8, 'CREATE', 'PurchaseOrder', 34, 'Created purchase order #34 (CLOSED)'), (66, 8, 'UPDATE', 'PurchaseOrder', 34, 'Processed receiving for PO #34 (CLOSED)'),
  (67, 12, 'CREATE', 'PurchaseOrder', 35, 'Created purchase order #35 (PARTIALLY_RECEIVED)'), (68, 12, 'UPDATE', 'PurchaseOrder', 35, 'Processed receiving for PO #35 (PARTIALLY_RECEIVED)'),
  (69, 9, 'CREATE', 'PurchaseOrder', 36, 'Created purchase order #36 (CLOSED)'), (70, 9, 'UPDATE', 'PurchaseOrder', 36, 'Processed receiving for PO #36 (CLOSED)'),
  (71, 3, 'CREATE', 'PurchaseOrder', 37, 'Created purchase order #37 (APPROVED)'), (72, 12, 'CREATE', 'PurchaseOrder', 38, 'Created purchase order #38 (CLOSED)'),
  (73, 12, 'UPDATE', 'PurchaseOrder', 38, 'Processed receiving for PO #38 (CLOSED)'), (74, 34, 'CREATE', 'PurchaseOrder', 39, 'Created purchase order #39 (CLOSED)'),
  (75, 34, 'UPDATE', 'PurchaseOrder', 39, 'Processed receiving for PO #39 (CLOSED)'), (76, 4, 'CREATE', 'PurchaseOrder', 40, 'Created purchase order #40 (CLOSED)'),
  (77, 4, 'UPDATE', 'PurchaseOrder', 40, 'Processed receiving for PO #40 (CLOSED)'), (78, 20, 'CREATE', 'PurchaseOrder', 41, 'Created purchase order #41 (CLOSED)'),
  (79, 20, 'UPDATE', 'PurchaseOrder', 41, 'Processed receiving for PO #41 (CLOSED)'), (80, 4, 'CREATE', 'PurchaseOrder', 42, 'Created purchase order #42 (PARTIALLY_RECEIVED)'),
  (81, 4, 'UPDATE', 'PurchaseOrder', 42, 'Processed receiving for PO #42 (PARTIALLY_RECEIVED)'), (82, 2, 'CREATE', 'PurchaseOrder', 43, 'Created purchase order #43 (CLOSED)'),
  (83, 2, 'UPDATE', 'PurchaseOrder', 43, 'Processed receiving for PO #43 (CLOSED)'), (84, 4, 'CREATE', 'PurchaseOrder', 44, 'Created purchase order #44 (CLOSED)'),
  (85, 4, 'UPDATE', 'PurchaseOrder', 44, 'Processed receiving for PO #44 (CLOSED)'), (86, 4, 'CREATE', 'PurchaseOrder', 45, 'Created purchase order #45 (APPROVED)'),
  (87, 8, 'CREATE', 'PurchaseOrder', 46, 'Created purchase order #46 (CLOSED)'), (88, 8, 'UPDATE', 'PurchaseOrder', 46, 'Processed receiving for PO #46 (CLOSED)'),
  (89, 7, 'CREATE', 'PurchaseOrder', 47, 'Created purchase order #47 (APPROVED)'), (90, 9, 'CREATE', 'PurchaseOrder', 48, 'Created purchase order #48 (CLOSED)'),
  (91, 9, 'UPDATE', 'PurchaseOrder', 48, 'Processed receiving for PO #48 (CLOSED)'), (92, 34, 'CREATE', 'PurchaseOrder', 49, 'Created purchase order #49 (CLOSED)'),
  (93, 34, 'UPDATE', 'PurchaseOrder', 49, 'Processed receiving for PO #49 (CLOSED)'), (94, 7, 'CREATE', 'PurchaseOrder', 50, 'Created purchase order #50 (CLOSED)'),
  (95, 7, 'UPDATE', 'PurchaseOrder', 50, 'Processed receiving for PO #50 (CLOSED)'), (96, 3, 'CREATE', 'SalesOrder', 1, 'Created sales order #1 (CONFIRMED)'),
  (97, 19, 'CREATE', 'SalesOrder', 2, 'Created sales order #2 (CANCELLED)'), (98, 19, 'UPDATE', 'SalesOrder', 2, 'Cancelled sales order #2'),
  (99, 19, 'CREATE', 'SalesOrder', 3, 'Created sales order #3 (CONFIRMED)'), (100, 11, 'CREATE', 'SalesOrder', 4, 'Created sales order #4 (CANCELLED)'),
  (101, 11, 'UPDATE', 'SalesOrder', 4, 'Cancelled sales order #4'), (102, 25, 'CREATE', 'SalesOrder', 5, 'Created sales order #5 (CONFIRMED)'),
  (103, 18, 'CREATE', 'SalesOrder', 6, 'Created sales order #6 (CONFIRMED)'), (104, 19, 'CREATE', 'SalesOrder', 7, 'Created sales order #7 (CONFIRMED)'),
  (105, 24, 'CREATE', 'SalesOrder', 8, 'Created sales order #8 (CANCELLED)'), (106, 24, 'UPDATE', 'SalesOrder', 8, 'Cancelled sales order #8'),
  (107, 17, 'CREATE', 'SalesOrder', 9, 'Created sales order #9 (CONFIRMED)'), (108, 19, 'CREATE', 'SalesOrder', 10, 'Created sales order #10 (CONFIRMED)'),
  (109, 6, 'CREATE', 'SalesOrder', 11, 'Created sales order #11 (CONFIRMED)'), (110, 15, 'CREATE', 'SalesOrder', 12, 'Created sales order #12 (CONFIRMED)'),
  (111, 20, 'CREATE', 'SalesOrder', 13, 'Created sales order #13 (CONFIRMED)'), (112, 8, 'CREATE', 'SalesOrder', 14, 'Created sales order #14 (CONFIRMED)'),
  (113, 24, 'CREATE', 'SalesOrder', 15, 'Created sales order #15 (CANCELLED)'), (114, 24, 'UPDATE', 'SalesOrder', 15, 'Cancelled sales order #15'),
  (115, 24, 'CREATE', 'SalesOrder', 16, 'Created sales order #16 (CANCELLED)'), (116, 24, 'UPDATE', 'SalesOrder', 16, 'Cancelled sales order #16'),
  (117, 12, 'CREATE', 'SalesOrder', 17, 'Created sales order #17 (CANCELLED)'), (118, 12, 'UPDATE', 'SalesOrder', 17, 'Cancelled sales order #17'),
  (119, 14, 'CREATE', 'SalesOrder', 18, 'Created sales order #18 (CONFIRMED)'), (120, 5, 'CREATE', 'SalesOrder', 19, 'Created sales order #19 (CONFIRMED)'),
  (121, 34, 'CREATE', 'SalesOrder', 20, 'Created sales order #20 (CONFIRMED)'), (122, 13, 'CREATE', 'SalesOrder', 21, 'Created sales order #21 (CONFIRMED)'),
  (123, 31, 'CREATE', 'SalesOrder', 22, 'Created sales order #22 (CANCELLED)'), (124, 31, 'UPDATE', 'SalesOrder', 22, 'Cancelled sales order #22'),
  (125, 28, 'CREATE', 'SalesOrder', 23, 'Created sales order #23 (CONFIRMED)'), (126, 14, 'CREATE', 'SalesOrder', 24, 'Created sales order #24 (CONFIRMED)'),
  (127, 18, 'CREATE', 'SalesOrder', 25, 'Created sales order #25 (CANCELLED)'), (128, 18, 'UPDATE', 'SalesOrder', 25, 'Cancelled sales order #25'),
  (129, 29, 'CREATE', 'SalesOrder', 26, 'Created sales order #26 (CONFIRMED)'), (130, 5, 'CREATE', 'SalesOrder', 27, 'Created sales order #27 (CONFIRMED)'),
  (131, 31, 'CREATE', 'SalesOrder', 28, 'Created sales order #28 (CONFIRMED)'), (132, 7, 'CREATE', 'SalesOrder', 29, 'Created sales order #29 (CONFIRMED)'),
  (133, 30, 'CREATE', 'SalesOrder', 30, 'Created sales order #30 (CONFIRMED)'), (134, 34, 'CREATE', 'SalesOrder', 31, 'Created sales order #31 (CONFIRMED)'),
  (135, 23, 'CREATE', 'SalesOrder', 32, 'Created sales order #32 (CONFIRMED)'), (136, 29, 'CREATE', 'SalesOrder', 33, 'Created sales order #33 (CONFIRMED)'),
  (137, 14, 'CREATE', 'SalesOrder', 34, 'Created sales order #34 (CONFIRMED)'), (138, 31, 'CREATE', 'SalesOrder', 35, 'Created sales order #35 (CONFIRMED)'),
  (139, 20, 'CREATE', 'SalesOrder', 36, 'Created sales order #36 (CONFIRMED)'), (140, 34, 'CREATE', 'SalesOrder', 37, 'Created sales order #37 (CONFIRMED)'),
  (141, 16, 'CREATE', 'SalesOrder', 38, 'Created sales order #38 (CONFIRMED)'), (142, 12, 'CREATE', 'SalesOrder', 39, 'Created sales order #39 (CONFIRMED)'),
  (143, 14, 'CREATE', 'SalesOrder', 40, 'Created sales order #40 (CONFIRMED)'), (144, 12, 'CREATE', 'SalesOrder', 41, 'Created sales order #41 (CONFIRMED)'),
  (145, 18, 'CREATE', 'SalesOrder', 42, 'Created sales order #42 (CONFIRMED)'), (146, 19, 'CREATE', 'SalesOrder', 43, 'Created sales order #43 (CONFIRMED)'),
  (147, 8, 'CREATE', 'SalesOrder', 44, 'Created sales order #44 (CONFIRMED)'), (148, 25, 'CREATE', 'SalesOrder', 45, 'Created sales order #45 (CONFIRMED)'),
  (149, 22, 'CREATE', 'SalesOrder', 46, 'Created sales order #46 (CANCELLED)'), (150, 22, 'UPDATE', 'SalesOrder', 46, 'Cancelled sales order #46'),
  (151, 10, 'CREATE', 'SalesOrder', 47, 'Created sales order #47 (CANCELLED)'), (152, 10, 'UPDATE', 'SalesOrder', 47, 'Cancelled sales order #47'),
  (153, 16, 'CREATE', 'SalesOrder', 48, 'Created sales order #48 (CANCELLED)'), (154, 16, 'UPDATE', 'SalesOrder', 48, 'Cancelled sales order #48'),
  (155, 10, 'CREATE', 'SalesOrder', 49, 'Created sales order #49 (CONFIRMED)'), (156, 3, 'CREATE', 'SalesOrder', 50, 'Created sales order #50 (CONFIRMED)'),
  (157, 34, 'CREATE', 'SalesOrder', 51, 'Created sales order #51 (CONFIRMED)'), (158, 25, 'CREATE', 'SalesOrder', 52, 'Created sales order #52 (CONFIRMED)'),
  (159, 15, 'CREATE', 'SalesOrder', 53, 'Created sales order #53 (CONFIRMED)'), (160, 30, 'CREATE', 'SalesOrder', 54, 'Created sales order #54 (CANCELLED)'),
  (161, 30, 'UPDATE', 'SalesOrder', 54, 'Cancelled sales order #54'), (162, 23, 'CREATE', 'SalesOrder', 55, 'Created sales order #55 (CONFIRMED)'),
  (163, 28, 'CREATE', 'SalesOrder', 56, 'Created sales order #56 (CONFIRMED)'), (164, 16, 'CREATE', 'SalesOrder', 57, 'Created sales order #57 (CONFIRMED)'),
  (165, 17, 'CREATE', 'SalesOrder', 58, 'Created sales order #58 (CONFIRMED)'), (166, 7, 'CREATE', 'SalesOrder', 59, 'Created sales order #59 (CANCELLED)'),
  (167, 7, 'UPDATE', 'SalesOrder', 59, 'Cancelled sales order #59'), (168, 5, 'CREATE', 'SalesOrder', 60, 'Created sales order #60 (CONFIRMED)'),
  (169, 10, 'CREATE', 'SalesOrder', 61, 'Created sales order #61 (CONFIRMED)'), (170, 16, 'CREATE', 'SalesOrder', 62, 'Created sales order #62 (CONFIRMED)'),
  (171, 26, 'CREATE', 'SalesOrder', 63, 'Created sales order #63 (CONFIRMED)'), (172, 34, 'CREATE', 'SalesOrder', 64, 'Created sales order #64 (CONFIRMED)'),
  (173, 32, 'CREATE', 'SalesOrder', 65, 'Created sales order #65 (CONFIRMED)'), (174, 25, 'CREATE', 'SalesOrder', 66, 'Created sales order #66 (CONFIRMED)'),
  (175, 8, 'CREATE', 'SalesOrder', 67, 'Created sales order #67 (CONFIRMED)'), (176, 25, 'CREATE', 'SalesOrder', 68, 'Created sales order #68 (CANCELLED)'),
  (177, 25, 'UPDATE', 'SalesOrder', 68, 'Cancelled sales order #68'), (178, 12, 'CREATE', 'SalesOrder', 69, 'Created sales order #69 (CANCELLED)'),
  (179, 12, 'UPDATE', 'SalesOrder', 69, 'Cancelled sales order #69'), (180, 27, 'CREATE', 'SalesOrder', 70, 'Created sales order #70 (CONFIRMED)'),
  (181, 9, 'CREATE', 'Transfer', 1, 'Created transfer #1 from location 4 to 16 (5 items)'), (182, 10, 'CREATE', 'Transfer', 2, 'Created transfer #2 from location 1 to 8 (2 items)'),
  (183, 1, 'CREATE', 'Transfer', 3, 'Created transfer #3 from location 3 to 12 (4 items)'), (184, 18, 'CREATE', 'Transfer', 4, 'Created transfer #4 from location 2 to 9 (4 items)'),
  (185, 12, 'CREATE', 'Transfer', 5, 'Created transfer #5 from location 7 to 5 (6 items)'), (186, 6, 'CREATE', 'Transfer', 6, 'Created transfer #6 from location 5 to 9 (5 items)'),
  (187, 4, 'CREATE', 'Transfer', 7, 'Created transfer #7 from location 4 to 16 (4 items)'), (188, 4, 'CREATE', 'Transfer', 8, 'Created transfer #8 from location 1 to 6 (4 items)'),
  (189, 22, 'CREATE', 'Transfer', 9, 'Created transfer #9 from location 4 to 11 (2 items)'), (190, 24, 'CREATE', 'Transfer', 10, 'Created transfer #10 from location 8 to 3 (4 items)'),
  (191, 9, 'CREATE', 'Transfer', 11, 'Created transfer #11 from location 1 to 7 (6 items)'), (192, 22, 'CREATE', 'Transfer', 12, 'Created transfer #12 from location 5 to 15 (5 items)'),
  (193, 24, 'CREATE', 'Transfer', 13, 'Created transfer #13 from location 5 to 11 (2 items)'), (194, 11, 'CREATE', 'Transfer', 14, 'Created transfer #14 from location 5 to 6 (3 items)'),
  (195, 34, 'CREATE', 'Transfer', 15, 'Created transfer #15 from location 4 to 13 (5 items)'), (196, 14, 'CREATE', 'Transfer', 16, 'Created transfer #16 from location 2 to 15 (2 items)'),
  (197, 20, 'CREATE', 'Transfer', 17, 'Created transfer #17 from location 5 to 10 (4 items)'), (198, 10, 'CREATE', 'Transfer', 18, 'Created transfer #18 from location 1 to 16 (3 items)'),
  (199, 8, 'CREATE', 'Transfer', 19, 'Created transfer #19 from location 9 to 5 (4 items)'), (200, 19, 'CREATE', 'Transfer', 20, 'Created transfer #20 from location 2 to 12 (2 items)'),
  (201, 2, 'CREATE', 'Transfer', 21, 'Created transfer #21 from location 8 to 3 (6 items)'), (202, 26, 'CREATE', 'Transfer', 22, 'Created transfer #22 from location 3 to 9 (3 items)'),
  (203, 31, 'CREATE', 'Transfer', 23, 'Created transfer #23 from location 4 to 8 (3 items)'), (204, 11, 'CREATE', 'Transfer', 24, 'Created transfer #24 from location 1 to 10 (5 items)'),
  (205, 9, 'CREATE', 'Transfer', 25, 'Created transfer #25 from location 4 to 7 (2 items)'), (206, 3, 'CREATE', 'Transfer', 26, 'Created transfer #26 from location 1 to 16 (2 items)'),
  (207, 22, 'CREATE', 'Transfer', 27, 'Created transfer #27 from location 1 to 7 (2 items)'), (208, 20, 'CREATE', 'Transfer', 28, 'Created transfer #28 from location 4 to 8 (3 items)'),
  (209, 7, 'CREATE', 'Transfer', 29, 'Created transfer #29 from location 1 to 6 (2 items)'), (210, 15, 'CREATE', 'Transfer', 30, 'Created transfer #30 from location 2 to 6 (3 items)'),
  (211, 11, 'CREATE', 'Transfer', 31, 'Created transfer #31 from location 1 to 13 (2 items)'), (212, 3, 'CREATE', 'Transfer', 32, 'Created transfer #32 from location 3 to 7 (3 items)'),
  (213, 19, 'CREATE', 'Transfer', 33, 'Created transfer #33 from location 3 to 15 (2 items)'), (214, 1, 'CREATE', 'Transfer', 34, 'Created transfer #34 from location 3 to 7 (3 items)'),
  (215, 8, 'CREATE', 'Transfer', 35, 'Created transfer #35 from location 4 to 7 (4 items)'), (216, 27, 'CREATE', 'Transfer', 36, 'Created transfer #36 from location 4 to 13 (4 items)'),
  (217, 15, 'CREATE', 'Transfer', 37, 'Created transfer #37 from location 5 to 13 (6 items)'), (218, 24, 'CREATE', 'Transfer', 38, 'Created transfer #38 from location 2 to 6 (3 items)'),
  (219, 31, 'CREATE', 'Transfer', 39, 'Created transfer #39 from location 8 to 3 (6 items)'), (220, 4, 'CREATE', 'Transfer', 40, 'Created transfer #40 from location 4 to 11 (6 items)'),
  (221, 10, 'CREATE', 'Transfer', 41, 'Created transfer #41 from location 5 to 12 (5 items)'), (222, 8, 'CREATE', 'Transfer', 42, 'Created transfer #42 from location 6 to 3 (2 items)'),
  (223, 31, 'CREATE', 'Transfer', 43, 'Created transfer #43 from location 4 to 16 (4 items)'), (224, 25, 'CREATE', 'Transfer', 44, 'Created transfer #44 from location 1 to 14 (3 items)'),
  (225, 5, 'CREATE', 'Transfer', 45, 'Created transfer #45 from location 14 to 5 (5 items)'), (226, 18, 'CREATE', 'Transfer', 46, 'Created transfer #46 from location 4 to 9 (2 items)'),
  (227, 11, 'CREATE', 'Transfer', 47, 'Created transfer #47 from location 2 to 10 (2 items)'), (228, 13, 'CREATE', 'Transfer', 48, 'Created transfer #48 from location 9 to 5 (2 items)'),
  (229, 3, 'CREATE', 'Transfer', 49, 'Created transfer #49 from location 5 to 13 (2 items)'), (230, 13, 'CREATE', 'Transfer', 50, 'Created transfer #50 from location 4 to 14 (5 items)'),
  (231, 2, 'CREATE', 'Transfer', 51, 'Created transfer #51 from location 5 to 8 (5 items)'), (232, 14, 'CREATE', 'Transfer', 52, 'Created transfer #52 from location 1 to 9 (3 items)'),
  (233, 22, 'CREATE', 'Transfer', 53, 'Created transfer #53 from location 15 to 5 (3 items)'), (234, 14, 'CREATE', 'Transfer', 54, 'Created transfer #54 from location 4 to 9 (2 items)'),
  (235, 20, 'CREATE', 'Transfer', 55, 'Created transfer #55 from location 1 to 8 (2 items)'), (236, 5, 'CREATE', 'Transfer', 56, 'Created transfer #56 from location 3 to 8 (4 items)'),
  (237, 9, 'CREATE', 'Transfer', 57, 'Created transfer #57 from location 10 to 4 (5 items)'), (238, 21, 'CREATE', 'Transfer', 58, 'Created transfer #58 from location 5 to 15 (5 items)'),
  (239, 10, 'CREATE', 'Transfer', 59, 'Created transfer #59 from location 14 to 1 (4 items)'), (240, 23, 'CREATE', 'Transfer', 60, 'Created transfer #60 from location 16 to 1 (6 items)'),
  (241, 14, 'CREATE', 'Transfer', 61, 'Created transfer #61 from location 5 to 13 (5 items)'), (242, 25, 'CREATE', 'Transfer', 62, 'Created transfer #62 from location 5 to 6 (4 items)'),
  (243, 18, 'CREATE', 'Transfer', 63, 'Created transfer #63 from location 16 to 4 (3 items)'), (244, 14, 'CREATE', 'Transfer', 64, 'Created transfer #64 from location 4 to 12 (4 items)'),
  (245, 13, 'CREATE', 'Transfer', 65, 'Created transfer #65 from location 10 to 2 (5 items)'), (246, 13, 'CREATE', 'Transfer', 66, 'Created transfer #66 from location 1 to 14 (6 items)'),
  (247, 33, 'CREATE', 'Transfer', 67, 'Created transfer #67 from location 4 to 8 (2 items)'), (248, 9, 'CREATE', 'Transfer', 68, 'Created transfer #68 from location 1 to 13 (6 items)'),
  (249, 1, 'CREATE', 'Transfer', 69, 'Created transfer #69 from location 2 to 9 (4 items)'), (250, 27, 'CREATE', 'Transfer', 70, 'Created transfer #70 from location 4 to 12 (6 items)'),
  (251, 19, 'CREATE', 'Transfer', 71, 'Created transfer #71 from location 4 to 12 (5 items)'), (252, 27, 'CREATE', 'Transfer', 72, 'Created transfer #72 from location 1 to 15 (6 items)'),
  (253, 25, 'CREATE', 'Transfer', 73, 'Created transfer #73 from location 2 to 13 (5 items)'), (254, 24, 'CREATE', 'Transfer', 74, 'Created transfer #74 from location 12 to 1 (6 items)'),
  (255, 21, 'CREATE', 'Transfer', 75, 'Created transfer #75 from location 3 to 14 (6 items)'), (256, 25, 'CREATE', 'Transfer', 76, 'Created transfer #76 from location 2 to 16 (5 items)'),
  (257, 17, 'CREATE', 'Transfer', 77, 'Created transfer #77 from location 5 to 12 (3 items)'), (258, 2, 'CREATE', 'Transfer', 78, 'Created transfer #78 from location 5 to 8 (6 items)'),
  (259, 15, 'CREATE', 'Transfer', 79, 'Created transfer #79 from location 2 to 16 (6 items)'), (260, 2, 'CREATE', 'Transfer', 80, 'Created transfer #80 from location 2 to 16 (2 items)'),
  (261, 10, 'UPDATE', 'Inventory', 16, 'Cycle count adjustment at location 4: +6'), (262, 24, 'UPDATE', 'Inventory', 10, 'Cycle count adjustment at location 16: +1'),
  (263, 27, 'UPDATE', 'Inventory', 102, 'Cycle count adjustment at location 1: -8'), (264, 25, 'UPDATE', 'Inventory', 88, 'Cycle count adjustment at location 14: +8'),
  (265, 12, 'UPDATE', 'Inventory', 39, 'Cycle count adjustment at location 1: -10'), (266, 11, 'UPDATE', 'Inventory', 62, 'Cycle count adjustment at location 1: +4'),
  (267, 34, 'UPDATE', 'Inventory', 4, 'Cycle count adjustment at location 1: -3'), (268, 2, 'UPDATE', 'Inventory', 116, 'Cycle count adjustment at location 7: +8'),
  (269, 18, 'UPDATE', 'Inventory', 94, 'Cycle count adjustment at location 5: +5'), (270, 31, 'UPDATE', 'Inventory', 45, 'Cycle count adjustment at location 10: +19'),
  (271, 17, 'UPDATE', 'Inventory', 119, 'Cycle count adjustment at location 7: -1'), (272, 11, 'UPDATE', 'Inventory', 14, 'Cycle count adjustment at location 10: +1'),
  (273, 18, 'UPDATE', 'Inventory', 58, 'Cycle count adjustment at location 14: +8'), (274, 13, 'UPDATE', 'Inventory', 50, 'Cycle count adjustment at location 14: +10'),
  (275, 34, 'UPDATE', 'Inventory', 22, 'Cycle count adjustment at location 2: +4'), (276, 26, 'UPDATE', 'Inventory', 78, 'Cycle count adjustment at location 12: -11'),
  (277, 12, 'UPDATE', 'Inventory', 42, 'Cycle count adjustment at location 14: +10'), (278, 24, 'UPDATE', 'Inventory', 85, 'Cycle count adjustment at location 12: -3'),
  (279, 22, 'UPDATE', 'Inventory', 41, 'Cycle count adjustment at location 1: +1'), (280, 5, 'UPDATE', 'Inventory', 42, 'Cycle count adjustment at location 8: +12'),
  (281, 7, 'UPDATE', 'Inventory', 68, 'Cycle count adjustment at location 7: +5'), (282, 28, 'UPDATE', 'Inventory', 115, 'Cycle count adjustment at location 14: +8'),
  (283, 8, 'UPDATE', 'Inventory', 54, 'Cycle count adjustment at location 4: +16'), (284, 16, 'UPDATE', 'Inventory', 76, 'Cycle count adjustment at location 13: -11'),
  (285, 31, 'UPDATE', 'Inventory', 101, 'Cycle count adjustment at location 1: +6'), (286, 22, 'UPDATE', 'Inventory', 115, 'Cycle count adjustment at location 2: -11'),
  (287, 20, 'UPDATE', 'Inventory', 107, 'Cycle count adjustment at location 14: +5'), (288, 33, 'UPDATE', 'Inventory', 11, 'Cycle count adjustment at location 11: -9'),
  (289, 8, 'UPDATE', 'Inventory', 59, 'Cycle count adjustment at location 16: +11'), (290, 1, 'UPDATE', 'Inventory', 29, 'Cycle count adjustment at location 2: -4'),
  (291, 15, 'UPDATE', 'Inventory', 89, 'Cycle count adjustment at location 14: -2'), (292, 1, 'UPDATE', 'Inventory', 116, 'Cycle count adjustment at location 12: -9'),
  (293, 5, 'UPDATE', 'Inventory', 7, 'Cycle count adjustment at location 10: +4'), (294, 18, 'UPDATE', 'Inventory', 104, 'Cycle count adjustment at location 13: -2'),
  (295, 21, 'UPDATE', 'Inventory', 16, 'Cycle count adjustment at location 5: -3'), (296, 16, 'UPDATE', 'Inventory', 58, 'Cycle count adjustment at location 4: +18'),
  (297, 15, 'UPDATE', 'Inventory', 99, 'Cycle count adjustment at location 16: -7'), (298, 16, 'UPDATE', 'Inventory', 11, 'Cycle count adjustment at location 12: +1'),
  (299, 1, 'UPDATE', 'Inventory', 8, 'Cycle count adjustment at location 7: +1'), (300, 22, 'UPDATE', 'Inventory', 63, 'Cycle count adjustment at location 4: +1'),
  (301, 20, 'UPDATE', 'Inventory', 110, 'Cycle count adjustment at location 11: +17'), (302, 15, 'UPDATE', 'Inventory', 118, 'Cycle count adjustment at location 5: +11'),
  (303, 28, 'UPDATE', 'Inventory', 9, 'Cycle count adjustment at location 9: -2'), (304, 31, 'UPDATE', 'Inventory', 14, 'Cycle count adjustment at location 5: -6'),
  (305, 12, 'UPDATE', 'Inventory', 115, 'Cycle count adjustment at location 15: +5'), (306, 23, 'UPDATE', 'Inventory', 68, 'Cycle count adjustment at location 15: +4'),
  (307, 14, 'UPDATE', 'Inventory', 46, 'Cycle count adjustment at location 14: -3'), (308, 4, 'UPDATE', 'Inventory', 66, 'Cycle count adjustment at location 11: +16'),
  (309, 28, 'UPDATE', 'Inventory', 36, 'Cycle count adjustment at location 16: -6'), (310, 4, 'UPDATE', 'Inventory', 29, 'Cycle count adjustment at location 4: -10'),
  (311, 18, 'UPDATE', 'Inventory', 9, 'Cycle count adjustment at location 4: +2'), (312, 15, 'UPDATE', 'Inventory', 51, 'Cycle count adjustment at location 4: +5'),
  (313, 23, 'UPDATE', 'Inventory', 101, 'Cycle count adjustment at location 7: +6'), (314, 12, 'UPDATE', 'Inventory', 1, 'Cycle count adjustment at location 4: +20'),
  (315, 11, 'UPDATE', 'Inventory', 40, 'Cycle count adjustment at location 8: +8'), (316, 10, 'UPDATE', 'Inventory', 43, 'Cycle count adjustment at location 15: -5');
SET FOREIGN_KEY_CHECKS = 1;
