-- big_seed_data.sql — generated demo data for SIPMS (fake but realistic-ish)
USE sipms;

SET FOREIGN_KEY_CHECKS = 0;
DELETE FROM audit_log;
DELETE FROM stock_movement;
DELETE FROM sales_order_item;
DELETE FROM purchase_order_item;
DELETE FROM inventory_level;
DELETE FROM sales_order;
DELETE FROM purchase_order;
DELETE FROM app_user;
DELETE FROM role;
DELETE FROM supplier;
DELETE FROM product;
DELETE FROM category;
DELETE FROM location;
SET FOREIGN_KEY_CHECKS = 1;

-- =========================
-- Roles
-- =========================
INSERT INTO role (role_id, role_name, description) VALUES
  (1, 'ADMIN', 'System administrator'),
  (2, 'MANAGER', 'Inventory manager'),
  (3, 'CLERK', 'Warehouse/store clerk');

-- =========================
-- Users (password_hash is dummy, will be replaced by real hash in Django)
-- =========================
INSERT INTO app_user (user_id, username, password_hash, full_name, email, role_id, status) VALUES
  (1, 'admin', 'demo_admin', 'Admin', 'admin@example.com', 1, 'ACTIVE'),
  (2, 'manager1', 'demo_manager1', 'Pham Nguyen Tuan', 'manager1@sipms-demo.vn', 2, 'ACTIVE'),
  (3, 'manager2', 'demo_manager2', 'Do Bui Hoa', 'manager2@sipms-demo.vn', 2, 'ACTIVE'),
  (4, 'manager3', 'demo_manager3', 'Hoang Pham Thao', 'manager3@sipms-demo.vn', 2, 'ACTIVE'),
  (5, 'manager4', 'demo_manager4', 'Le Trinh Binh', 'manager4@sipms-demo.vn', 2, 'ACTIVE'),
  (6, 'clerk01', 'demo_clerk01', 'Nguyen Le Hanh', 'clerk01@sipms-demo.vn', 3, 'ACTIVE'),
  (7, 'clerk02', 'demo_clerk02', 'Bui Nguyen Phuc', 'clerk02@sipms-demo.vn', 3, 'ACTIVE'),
  (8, 'clerk03', 'demo_clerk03', 'Dang Trinh Hoa', 'clerk03@sipms-demo.vn', 3, 'ACTIVE'),
  (9, 'clerk04', 'demo_clerk04', 'Cao Do Yen', 'clerk04@sipms-demo.vn', 3, 'ACTIVE'),
  (10, 'clerk05', 'demo_clerk05', 'Nguyen Vu Trang', 'clerk05@sipms-demo.vn', 3, 'ACTIVE'),
  (11, 'clerk06', 'demo_clerk06', 'Trinh Duong Hung', 'clerk06@sipms-demo.vn', 3, 'ACTIVE'),
  (12, 'clerk07', 'demo_clerk07', 'Hoang Dang Vy', 'clerk07@sipms-demo.vn', 3, 'ACTIVE'),
  (13, 'clerk08', 'demo_clerk08', 'Duong Pham Chi', 'clerk08@sipms-demo.vn', 3, 'ACTIVE'),
  (14, 'clerk09', 'demo_clerk09', 'Phan Pham Khoa', 'clerk09@sipms-demo.vn', 3, 'ACTIVE'),
  (15, 'clerk10', 'demo_clerk10', 'Ly Do Yen', 'clerk10@sipms-demo.vn', 3, 'ACTIVE'),
  (16, 'clerk11', 'demo_clerk11', 'Tran Cao Phuc', 'clerk11@sipms-demo.vn', 3, 'ACTIVE'),
  (17, 'clerk12', 'demo_clerk12', 'Pham Phan Chi', 'clerk12@sipms-demo.vn', 3, 'INACTIVE');

-- =========================
-- Categories
-- =========================
INSERT INTO category (category_id, name, description, status) VALUES
  (1, 'Electronics', 'Consumer electronics and accessories', 'ACTIVE'),
  (2, 'Office', 'Office supplies and stationery', 'ACTIVE'),
  (3, 'Food & Beverage', 'Packaged food and drinks', 'ACTIVE'),
  (4, 'Cleaning', 'Cleaning & hygiene products', 'ACTIVE'),
  (5, 'Hardware', 'Hand tools, fasteners, and hardware', 'ACTIVE'),
  (6, 'Apparel', 'Uniforms and safety wear', 'ACTIVE'),
  (7, 'Healthcare', 'Basic healthcare and first-aid items', 'ACTIVE'),
  (8, 'IT Equipment', 'IT peripherals and networking', 'ACTIVE');

-- =========================
-- Suppliers
-- =========================
INSERT INTO supplier (supplier_id, name, contact_name, phone, email, address, payment_terms, status) VALUES
  (1, 'Alpha Supplies', 'Nguyen Van A', '+84-90-001-5803', 'sales1@alphasupplie.vn', 'Hanoi, Vietnam', 'Prepaid', 'ACTIVE'),
  (2, 'Beta Trading', 'Tran Thi B', '+84-90-002-6925', 'sales2@betatrading.vn', 'Ho Chi Minh City, Vietnam', 'Prepaid', 'ACTIVE'),
  (3, 'Gamma Foods', 'Le Van C', '+84-90-003-4150', 'sales3@gammafoods.vn', 'Da Nang, Vietnam', 'Net 7', 'ACTIVE'),
  (4, 'Delta Office Mart', 'Pham Thi D', '+84-90-004-1750', 'sales4@deltaofficem.vn', 'Hanoi, Vietnam', 'Net 15', 'ACTIVE'),
  (5, 'Pacific Electronics Co.', 'Hoang Van E', '+84-90-005-5741', 'sales5@pacificelect.vn', 'Ho Chi Minh City, Vietnam', 'Net 7', 'ACTIVE'),
  (6, 'GreenClean Vietnam', 'Dang Thi F', '+84-90-006-4814', 'sales6@greencleanvi.vn', 'Hai Phong, Vietnam', 'Net 7', 'ACTIVE'),
  (7, 'An Khang Hardware', 'Vu Van G', '+84-90-007-7227', 'sales7@ankhanghardw.vn', 'Bac Ninh, Vietnam', 'Net 30', 'ACTIVE'),
  (8, 'Saigon Safety Wear', 'Bui Thi H', '+84-90-008-8428', 'sales8@saigonsafety.vn', 'Ho Chi Minh City, Vietnam', 'Net 30', 'ACTIVE'),
  (9, 'Mekong Beverage Hub', 'Do Van I', '+84-90-009-3664', 'sales9@mekongbevera.vn', 'Can Tho, Vietnam', 'Net 30', 'ACTIVE'),
  (10, 'VietMed Supplies', 'Ngo Thi K', '+84-90-010-6820', 'sales10@vietmedsuppl.vn', 'Hanoi, Vietnam', 'Net 15', 'ACTIVE'),
  (11, 'CloudNine IT', 'Trinh Van L', '+84-90-011-5374', 'sales11@cloudnineit.vn', 'Da Nang, Vietnam', 'Net 7', 'ACTIVE'),
  (12, 'Sunrise Distribution', 'Cao Thi M', '+84-90-012-3803', 'sales12@sunrisedistr.vn', 'Nha Trang, Vietnam', 'Prepaid', 'ACTIVE');

-- =========================
-- Locations
-- =========================
INSERT INTO location (location_id, name, type, address, status) VALUES
  (1, 'Central Warehouse - Hanoi', 'WAREHOUSE', 'KCN Noi Bai, Hanoi', 'ACTIVE'),
  (2, 'Warehouse - South Hub', 'WAREHOUSE', 'Thu Duc, Ho Chi Minh City', 'ACTIVE'),
  (3, 'Store - Hanoi West', 'STORE', 'Cau Giay, Hanoi', 'ACTIVE'),
  (4, 'Store - Hanoi East', 'STORE', 'Long Bien, Hanoi', 'ACTIVE'),
  (5, 'Store - HCMC District 1', 'STORE', 'District 1, Ho Chi Minh City', 'ACTIVE'),
  (6, 'Store - HCMC District 7', 'STORE', 'District 7, Ho Chi Minh City', 'ACTIVE'),
  (7, 'Store - Da Nang', 'STORE', 'Hai Chau, Da Nang', 'ACTIVE'),
  (8, 'Store - Hai Phong', 'STORE', 'Le Chan, Hai Phong', 'ACTIVE');

-- =========================
-- Products (60 items)
-- =========================
INSERT INTO product (product_id, category_id, name, sku, barcode, description, unit_price, unit_of_measure, reorder_level, status) VALUES
  (1, 1, 'USB-C Cable 1m', 'EL-USB-001', '100000000001', 'Braided USB-C to USB-A cable (1m)', 55000.00, 'piece', 30, 'ACTIVE'),
  (2, 1, 'USB-C Cable 2m', 'EL-USB-002', '100000000002', 'Braided USB-C to USB-C cable (2m)', 75000.00, 'piece', 25, 'ACTIVE'),
  (3, 1, '65W USB-C GaN Charger', 'EL-CHA-003', '100000000003', 'Compact 65W GaN wall charger (USB-C)', 420000.00, 'piece', 10, 'ACTIVE'),
  (4, 1, 'Wireless Mouse', 'EL-MOU-004', '100000000004', '2.4GHz wireless mouse with nano receiver', 165000.00, 'piece', 20, 'ACTIVE'),
  (5, 1, 'Mechanical Keyboard TKL', 'EL-KEY-005', '100000000005', 'Tenkeyless mechanical keyboard (red switch)', 890000.00, 'piece', 8, 'ACTIVE'),
  (6, 1, 'Bluetooth Headphones', 'EL-HDP-006', '100000000006', 'Over-ear Bluetooth headphones with mic', 690000.00, 'piece', 6, 'ACTIVE'),
  (7, 1, 'Portable Power Bank 10000mAh', 'EL-PWB-007', '100000000007', '10000mAh power bank, 18W PD', 320000.00, 'piece', 12, 'ACTIVE'),
  (8, 1, 'AA Alkaline Battery (Pack 10)', 'EL-BAT-008', '100000000008', 'AA alkaline batteries, pack of 10', 68000.00, 'pack', 25, 'ACTIVE'),
  (9, 1, 'LED Desk Lamp', 'EL-LMP-009', '100000000009', 'LED desk lamp with 3 brightness modes', 220000.00, 'piece', 10, 'ACTIVE'),
  (10, 1, 'HDMI Cable 2m', 'EL-HDM-010', '100000000010', 'High-speed HDMI cable (2m)', 95000.00, 'piece', 20, 'ACTIVE'),
  (11, 2, 'A4 Paper Ream 80gsm', 'OF-PAP-001', '200000000011', 'A4 copy paper 80gsm, 500 sheets', 68000.00, 'ream', 40, 'ACTIVE'),
  (12, 2, 'A3 Paper Ream 80gsm', 'OF-PAP-002', '200000000012', 'A3 copy paper 80gsm, 500 sheets', 135000.00, 'ream', 20, 'ACTIVE'),
  (13, 2, 'Blue Ballpoint Pen (Box 50)', 'OF-PEN-003', '200000000013', 'Blue ballpoint pens, box of 50', 52000.00, 'box', 15, 'ACTIVE'),
  (14, 2, 'Black Marker (Pack 12)', 'OF-MRK-004', '200000000014', 'Permanent marker, pack of 12', 96000.00, 'pack', 12, 'ACTIVE'),
  (15, 2, 'Notebook A5 200 pages', 'OF-NOT-005', '200000000015', 'A5 lined notebook, 200 pages', 28000.00, 'piece', 50, 'ACTIVE'),
  (16, 2, 'Stapler Heavy Duty', 'OF-STP-006', '200000000016', 'Heavy duty stapler (up to 100 sheets)', 175000.00, 'piece', 8, 'ACTIVE'),
  (17, 2, 'Staples 23/10 (Box)', 'OF-STA-007', '200000000017', 'Staples for heavy duty stapler', 45000.00, 'box', 20, 'ACTIVE'),
  (18, 2, 'Transparent Tape 48mm (Roll)', 'OF-TAP-008', '200000000018', '48mm clear packing tape roll', 32000.00, 'roll', 30, 'ACTIVE'),
  (19, 2, 'File Folder A4 (Pack 25)', 'OF-FIL-009', '200000000019', 'A4 file folders, pack of 25', 78000.00, 'pack', 15, 'ACTIVE'),
  (20, 2, 'Whiteboard Marker Set (8 pcs)', 'OF-WBM-010', '200000000020', 'Assorted whiteboard markers set', 88000.00, 'set', 10, 'ACTIVE'),
  (21, 3, 'Bottled Water 500ml', 'FB-WAT-001', '300000000021', 'Drinking water 500ml bottle', 6000.00, 'bottle', 120, 'ACTIVE'),
  (22, 3, 'Sparkling Water 330ml', 'FB-SPW-002', '300000000022', 'Sparkling water 330ml can', 12000.00, 'can', 80, 'ACTIVE'),
  (23, 3, 'Instant Noodles (Cup)', 'FB-NOO-003', '300000000023', 'Instant noodles cup', 12000.00, 'cup', 100, 'ACTIVE'),
  (24, 3, 'Chocolate Bar 40g', 'FB-CHO-004', '300000000024', 'Milk chocolate bar 40g', 18000.00, 'piece', 60, 'ACTIVE'),
  (25, 3, 'Potato Chips 60g', 'FB-CHP-005', '300000000025', 'Potato chips 60g bag', 17000.00, 'bag', 60, 'ACTIVE'),
  (26, 3, 'Green Tea Bottle 450ml', 'FB-TEA-006', '300000000026', 'Bottled green tea 450ml', 13000.00, 'bottle', 80, 'ACTIVE'),
  (27, 3, 'Coffee Drip Bag', 'FB-COF-007', '300000000027', 'Single-serve drip coffee bag', 15000.00, 'bag', 70, 'ACTIVE'),
  (28, 3, 'Energy Drink 250ml', 'FB-ENG-008', '300000000028', 'Energy drink 250ml can', 14000.00, 'can', 70, 'ACTIVE'),
  (29, 3, 'Assorted Cookies 200g', 'FB-COO-009', '300000000029', 'Butter cookies 200g tin', 65000.00, 'tin', 25, 'ACTIVE'),
  (30, 3, 'Instant Oatmeal 500g', 'FB-OAT-010', '300000000030', 'Instant oats 500g bag', 59000.00, 'bag', 25, 'ACTIVE'),
  (31, 4, 'Hand Soap 500ml', 'CL-SOP-001', '400000000031', 'Antibacterial hand soap 500ml', 42000.00, 'bottle', 40, 'ACTIVE'),
  (32, 4, 'Floor Cleaner 1L', 'CL-FLR-002', '400000000032', 'Multi-surface floor cleaner 1L', 52000.00, 'bottle', 30, 'ACTIVE'),
  (33, 4, 'Disinfectant Spray 500ml', 'CL-DSP-003', '400000000033', 'Surface disinfectant spray 500ml', 68000.00, 'bottle', 25, 'ACTIVE'),
  (34, 4, 'Toilet Tissue (Pack 10)', 'CL-TIS-004', '400000000034', '2-ply toilet tissue, pack of 10', 98000.00, 'pack', 35, 'ACTIVE'),
  (35, 4, 'Garbage Bag 55x65 (Roll)', 'CL-GBG-005', '400000000035', 'Garbage bag roll 55x65cm', 38000.00, 'roll', 30, 'ACTIVE'),
  (36, 4, 'Latex Gloves (Box 100)', 'CL-GLV-006', '400000000036', 'Latex gloves, box of 100', 125000.00, 'box', 15, 'ACTIVE'),
  (37, 4, 'Microfiber Cloth (Pack 10)', 'CL-CLT-007', '400000000037', 'Microfiber cleaning cloths, pack of 10', 75000.00, 'pack', 15, 'ACTIVE'),
  (38, 5, 'Phillips Screwdriver Set (6 pcs)', 'HW-SDR-001', '500000000038', 'Screwdriver set (Phillips & flat)', 165000.00, 'set', 8, 'ACTIVE'),
  (39, 5, 'Measuring Tape 5m', 'HW-TME-002', '500000000039', 'Measuring tape 5 metres', 65000.00, 'piece', 15, 'ACTIVE'),
  (40, 5, 'Adjustable Wrench 10in', 'HW-WRN-003', '500000000040', 'Adjustable wrench 10 inch', 110000.00, 'piece', 10, 'ACTIVE'),
  (41, 5, 'Hex Key Set (Metric)', 'HW-HEX-004', '500000000041', 'Metric hex key set', 80000.00, 'set', 12, 'ACTIVE'),
  (42, 5, 'Wood Screws M4 (Box 200)', 'HW-SCR-005', '500000000042', 'M4 wood screws, box of 200', 52000.00, 'box', 20, 'ACTIVE'),
  (43, 5, 'Duct Tape 48mm (Roll)', 'HW-DUC-006', '500000000043', 'High-strength duct tape 48mm', 45000.00, 'roll', 25, 'ACTIVE'),
  (44, 5, 'Cable Ties 200mm (Pack 100)', 'HW-CTY-007', '500000000044', 'Nylon cable ties 200mm, pack of 100', 32000.00, 'pack', 30, 'ACTIVE'),
  (45, 6, 'Safety Vest Reflective (L)', 'AP-VES-001', '600000000045', 'Reflective safety vest size L', 75000.00, 'piece', 20, 'ACTIVE'),
  (46, 6, 'Cotton Uniform Shirt (M)', 'AP-SHI-002', '600000000046', 'Cotton uniform shirt size M', 120000.00, 'piece', 15, 'ACTIVE'),
  (47, 6, 'Safety Shoes (Pair)', 'AP-SHO-003', '600000000047', 'Steel-toe safety shoes', 450000.00, 'pair', 6, 'ACTIVE'),
  (48, 6, 'Work Gloves (Pair)', 'AP-WGL-004', '600000000048', 'Durable work gloves', 38000.00, 'pair', 25, 'ACTIVE'),
  (49, 7, 'Medical Mask 3-ply (Box 50)', 'HC-MSK-001', '700000000049', '3-ply disposable masks, box of 50', 65000.00, 'box', 30, 'ACTIVE'),
  (50, 7, 'First Aid Kit (Small)', 'HC-FAK-002', '700000000050', 'Basic first aid kit (small)', 185000.00, 'kit', 8, 'ACTIVE'),
  (51, 7, 'Digital Thermometer', 'HC-THM-003', '700000000051', 'Digital thermometer', 95000.00, 'piece', 10, 'ACTIVE'),
  (52, 7, 'Alcohol Swab (Box 100)', 'HC-SWB-004', '700000000052', '70% alcohol swabs, box of 100', 42000.00, 'box', 20, 'ACTIVE'),
  (53, 8, 'Wi-Fi Router AC1200', 'IT-RTR-001', '800000000053', 'Dual-band Wi-Fi router AC1200', 520000.00, 'piece', 6, 'ACTIVE'),
  (54, 8, 'Gigabit Switch 8-Port', 'IT-SWT-002', '800000000054', '8-port gigabit ethernet switch', 420000.00, 'piece', 6, 'ACTIVE'),
  (55, 8, 'Cat6 Ethernet Cable 5m', 'IT-CAT-003', '800000000055', 'Cat6 network cable 5m', 65000.00, 'piece', 20, 'ACTIVE'),
  (56, 8, 'USB Flash Drive 64GB', 'IT-UFD-004', '800000000056', 'USB 3.0 flash drive 64GB', 135000.00, 'piece', 20, 'ACTIVE'),
  (57, 8, 'External SSD 1TB', 'IT-SSD-005', '800000000057', 'Portable external SSD 1TB', 1850000.00, 'piece', 3, 'ACTIVE'),
  (58, 8, 'Laptop Stand Aluminum', 'IT-LST-006', '800000000058', 'Adjustable aluminum laptop stand', 210000.00, 'piece', 8, 'INACTIVE'),
  (59, 8, 'HD Webcam 1080p', 'IT-CAM-007', '800000000059', '1080p webcam with microphone', 320000.00, 'piece', 8, 'ACTIVE'),
  (60, 8, 'Surge Protector 6-Outlet', 'IT-SRG-008', '800000000060', 'Power strip with surge protection', 165000.00, 'piece', 10, 'INACTIVE');

-- =========================
-- InventoryLevel (initial stock)
-- =========================
INSERT INTO inventory_level (product_id, location_id, quantity_on_hand) VALUES
  (1, 1, 226),
  (1, 2, 102),
  (1, 3, 10),
  (1, 4, 29),
  (1, 5, 24),
  (1, 6, 17),
  (1, 7, 59),
  (1, 8, 40),
  (2, 1, 216),
  (2, 2, 182),
  (2, 3, 14),
  (2, 4, 43),
  (2, 5, 20),
  (2, 6, 53),
  (2, 7, 49),
  (2, 8, 49),
  (3, 1, 54),
  (3, 2, 98),
  (3, 3, 52),
  (3, 4, 2),
  (3, 5, 51),
  (3, 6, 20),
  (3, 7, 25),
  (3, 8, 17),
  (4, 1, 56),
  (4, 2, 94),
  (4, 3, 58),
  (4, 4, 60),
  (4, 5, 36),
  (4, 6, 56),
  (4, 7, 45),
  (4, 8, 20),
  (5, 1, 94),
  (5, 2, 207),
  (5, 3, 31),
  (5, 4, 25),
  (5, 5, 56),
  (5, 6, 58),
  (5, 7, 41),
  (5, 8, 29),
  (6, 1, 76),
  (6, 2, 107),
  (6, 3, 8),
  (6, 4, 15),
  (6, 5, 47),
  (6, 6, 35),
  (6, 7, 34),
  (6, 8, 16),
  (7, 1, 231),
  (7, 2, 189),
  (7, 3, 27),
  (7, 4, 57),
  (7, 5, 37),
  (7, 6, 25),
  (7, 7, 23),
  (7, 8, 14),
  (8, 1, 75),
  (8, 2, 170),
  (8, 3, 31),
  (8, 4, 5),
  (8, 5, 48),
  (8, 6, 3),
  (8, 7, 55),
  (8, 8, 7),
  (9, 1, 79),
  (9, 2, 200),
  (9, 3, 10),
  (9, 4, 50),
  (9, 5, 43),
  (9, 6, 27),
  (9, 7, 38),
  (9, 8, 4),
  (10, 1, 138),
  (10, 2, 137),
  (10, 3, 38),
  (10, 4, 29),
  (10, 5, 33),
  (10, 6, 16),
  (10, 7, 35),
  (10, 8, 55),
  (11, 1, 42),
  (11, 2, 214),
  (11, 3, 46),
  (11, 4, 7),
  (11, 5, 43),
  (11, 6, 56),
  (11, 7, 34),
  (11, 8, 48),
  (12, 1, 108),
  (12, 2, 236),
  (12, 3, 41),
  (12, 4, 21),
  (12, 5, 7),
  (12, 6, 18),
  (12, 7, 27),
  (12, 8, 10),
  (13, 1, 156),
  (13, 2, 40),
  (13, 3, 46),
  (13, 4, 56),
  (13, 5, 46),
  (13, 6, 16),
  (13, 7, 32),
  (13, 8, 48),
  (14, 1, 85),
  (14, 2, 169),
  (14, 3, 58),
  (14, 4, 6),
  (14, 5, 55),
  (14, 6, 40),
  (14, 7, 19),
  (14, 8, 53),
  (15, 1, 203),
  (15, 2, 169),
  (15, 3, 38),
  (15, 4, 12),
  (15, 5, 9),
  (15, 6, 23),
  (15, 7, 48),
  (15, 8, 10),
  (16, 1, 178),
  (16, 2, 239),
  (16, 3, 59),
  (16, 4, 33),
  (16, 5, 58),
  (16, 6, 0),
  (16, 7, 38),
  (16, 8, 20),
  (17, 1, 165),
  (17, 2, 44),
  (17, 3, 7),
  (17, 4, 59),
  (17, 5, 23),
  (17, 6, 56),
  (17, 7, 53),
  (17, 8, 51),
  (18, 1, 118),
  (18, 2, 101),
  (18, 3, 3),
  (18, 4, 15),
  (18, 5, 56),
  (18, 6, 36),
  (18, 7, 60),
  (18, 8, 5),
  (19, 1, 61),
  (19, 2, 227),
  (19, 3, 31),
  (19, 4, 52),
  (19, 5, 4),
  (19, 6, 48),
  (19, 7, 34),
  (19, 8, 49),
  (20, 1, 72),
  (20, 2, 72),
  (20, 3, 42),
  (20, 4, 30),
  (20, 5, 60),
  (20, 6, 35),
  (20, 7, 10),
  (20, 8, 16),
  (21, 1, 175),
  (21, 2, 195),
  (21, 3, 64),
  (21, 4, 37),
  (21, 5, 79),
  (21, 6, 106),
  (21, 7, 103),
  (21, 8, 98),
  (22, 1, 91),
  (22, 2, 222),
  (22, 3, 49),
  (22, 4, 61),
  (22, 5, 95),
  (22, 6, 93),
  (22, 7, 57),
  (22, 8, 66),
  (23, 1, 172),
  (23, 2, 155),
  (23, 3, 25),
  (23, 4, 41),
  (23, 5, 38),
  (23, 6, 18),
  (23, 7, 53),
  (23, 8, 12),
  (24, 1, 190),
  (24, 2, 181),
  (24, 3, 39),
  (24, 4, 85),
  (24, 5, 38),
  (24, 6, 10),
  (24, 7, 19),
  (24, 8, 100),
  (25, 1, 201),
  (25, 2, 55),
  (25, 3, 39),
  (25, 4, 18),
  (25, 5, 14),
  (25, 6, 120),
  (25, 7, 52),
  (25, 8, 19),
  (26, 1, 171),
  (26, 2, 100),
  (26, 3, 45),
  (26, 4, 95),
  (26, 5, 72),
  (26, 6, 37),
  (26, 7, 79),
  (26, 8, 26),
  (27, 1, 225),
  (27, 2, 186),
  (27, 3, 83),
  (27, 4, 70),
  (27, 5, 41),
  (27, 6, 110),
  (27, 7, 70),
  (27, 8, 113),
  (28, 1, 144),
  (28, 2, 88),
  (28, 3, 22),
  (28, 4, 22),
  (28, 5, 94),
  (28, 6, 65),
  (28, 7, 55),
  (28, 8, 64),
  (29, 1, 145),
  (29, 2, 159),
  (29, 3, 120),
  (29, 4, 103),
  (29, 5, 16),
  (29, 6, 96),
  (29, 7, 93),
  (29, 8, 92),
  (30, 1, 65),
  (30, 2, 55),
  (30, 3, 61),
  (30, 4, 103),
  (30, 5, 53),
  (30, 6, 112),
  (30, 7, 120),
  (30, 8, 23),
  (31, 1, 103),
  (31, 2, 89),
  (31, 3, 34),
  (31, 4, 78),
  (31, 5, 67),
  (31, 6, 27),
  (31, 7, 64),
  (31, 8, 33),
  (32, 1, 111),
  (32, 2, 158),
  (32, 3, 41),
  (32, 4, 19),
  (32, 5, 66),
  (32, 6, 113),
  (32, 7, 120),
  (32, 8, 119),
  (33, 1, 180),
  (33, 2, 65),
  (33, 3, 16),
  (33, 4, 93),
  (33, 5, 79),
  (33, 6, 117),
  (33, 7, 11),
  (33, 8, 21),
  (34, 1, 232),
  (34, 2, 257),
  (34, 3, 40),
  (34, 4, 31),
  (34, 5, 62),
  (34, 6, 72),
  (34, 7, 71),
  (34, 8, 37),
  (35, 1, 142),
  (35, 2, 55),
  (35, 3, 31),
  (35, 4, 58),
  (35, 5, 10),
  (35, 6, 59),
  (35, 7, 43),
  (35, 8, 110),
  (36, 1, 240),
  (36, 2, 156),
  (36, 3, 46),
  (36, 4, 64),
  (36, 5, 99),
  (36, 6, 103),
  (36, 7, 110),
  (36, 8, 81),
  (37, 1, 209),
  (37, 2, 223),
  (37, 3, 72),
  (37, 4, 29),
  (37, 5, 34),
  (37, 6, 47),
  (37, 7, 37),
  (37, 8, 17),
  (38, 1, 188),
  (38, 2, 228),
  (38, 3, 34),
  (38, 4, 3),
  (38, 5, 47),
  (38, 6, 20),
  (38, 7, 3),
  (38, 8, 3),
  (39, 1, 189),
  (39, 2, 162),
  (39, 3, 32),
  (39, 4, 58),
  (39, 5, 54),
  (39, 6, 33),
  (39, 7, 10),
  (39, 8, 3),
  (40, 1, 170),
  (40, 2, 60),
  (40, 3, 54),
  (40, 4, 11),
  (40, 5, 4),
  (40, 6, 38),
  (40, 7, 4),
  (40, 8, 43),
  (41, 1, 260),
  (41, 2, 100),
  (41, 3, 25),
  (41, 4, 7),
  (41, 5, 60),
  (41, 6, 56),
  (41, 7, 36),
  (41, 8, 15),
  (42, 1, 188),
  (42, 2, 192),
  (42, 3, 2),
  (42, 4, 39),
  (42, 5, 5),
  (42, 6, 26),
  (42, 7, 42),
  (42, 8, 37),
  (43, 1, 184),
  (43, 2, 173),
  (43, 3, 20),
  (43, 4, 59),
  (43, 5, 16),
  (43, 6, 13),
  (43, 7, 42),
  (43, 8, 45),
  (44, 1, 120),
  (44, 2, 101),
  (44, 3, 16),
  (44, 4, 25),
  (44, 5, 8),
  (44, 6, 42),
  (44, 7, 41),
  (44, 8, 19),
  (45, 1, 157),
  (45, 2, 120),
  (45, 3, 59),
  (45, 4, 48),
  (45, 5, 59),
  (45, 6, 4),
  (45, 7, 0),
  (45, 8, 29),
  (46, 1, 199),
  (46, 2, 184),
  (46, 3, 6),
  (46, 4, 4),
  (46, 5, 34),
  (46, 6, 13),
  (46, 7, 32),
  (46, 8, 16),
  (47, 1, 73),
  (47, 2, 129),
  (47, 3, 56),
  (47, 4, 4),
  (47, 5, 56),
  (47, 6, 15),
  (47, 7, 23),
  (47, 8, 18),
  (48, 1, 80),
  (48, 2, 152),
  (48, 3, 53),
  (48, 4, 34),
  (48, 5, 45),
  (48, 6, 19),
  (48, 7, 39),
  (48, 8, 51),
  (49, 1, 207),
  (49, 2, 175),
  (49, 3, 0),
  (49, 4, 42),
  (49, 5, 52),
  (49, 6, 35),
  (49, 7, 19),
  (49, 8, 59),
  (50, 1, 209),
  (50, 2, 66),
  (50, 3, 60),
  (50, 4, 56),
  (50, 5, 8),
  (50, 6, 16),
  (50, 7, 7),
  (50, 8, 56),
  (51, 1, 67),
  (51, 2, 230),
  (51, 3, 35),
  (51, 4, 9),
  (51, 5, 17),
  (51, 6, 18),
  (51, 7, 38),
  (51, 8, 13),
  (52, 1, 223),
  (52, 2, 127),
  (52, 3, 13),
  (52, 4, 43),
  (52, 5, 40),
  (52, 6, 54),
  (52, 7, 16),
  (52, 8, 32),
  (53, 1, 165),
  (53, 2, 104),
  (53, 3, 57),
  (53, 4, 58),
  (53, 5, 54),
  (53, 6, 3),
  (53, 7, 5),
  (53, 8, 40),
  (54, 1, 148),
  (54, 2, 252),
  (54, 3, 17),
  (54, 4, 2),
  (54, 5, 0),
  (54, 6, 21),
  (54, 7, 49),
  (54, 8, 8),
  (55, 1, 203),
  (55, 2, 107),
  (55, 3, 10),
  (55, 4, 47),
  (55, 5, 28),
  (55, 6, 35),
  (55, 7, 45),
  (55, 8, 27),
  (56, 1, 183),
  (56, 2, 42),
  (56, 3, 7),
  (56, 4, 4),
  (56, 5, 60),
  (56, 6, 56),
  (56, 7, 44),
  (56, 8, 57),
  (57, 1, 78),
  (57, 2, 179),
  (57, 3, 2),
  (57, 4, 53),
  (57, 5, 23),
  (57, 6, 37),
  (57, 7, 35),
  (57, 8, 9),
  (58, 1, 0),
  (58, 2, 0),
  (58, 3, 0),
  (58, 4, 0),
  (58, 5, 0),
  (58, 6, 0),
  (58, 7, 0),
  (58, 8, 0),
  (59, 1, 150),
  (59, 2, 72),
  (59, 3, 2),
  (59, 4, 19),
  (59, 5, 23),
  (59, 6, 57),
  (59, 7, 59),
  (59, 8, 50),
  (60, 1, 0),
  (60, 2, 0),
  (60, 3, 0),
  (60, 4, 0),
  (60, 5, 0),
  (60, 6, 0),
  (60, 7, 0),
  (60, 8, 0);

-- =========================
-- Purchase Orders
-- =========================
INSERT INTO purchase_order (po_id, supplier_id, location_id, order_date, expected_date, status, total_amount, created_by) VALUES
  (1, 3, 1, '2025-11-10', '2025-11-18', 'APPROVED', 44440121.55, 3),
  (2, 4, 1, '2025-04-14', '2025-04-22', 'DRAFT', 47497336.07, 4),
  (3, 7, 2, '2025-02-14', '2025-02-22', 'APPROVED', 40177508.91, 4),
  (4, 3, 2, '2025-10-12', '2025-10-23', 'CLOSED', 96187933.64, 5),
  (5, 8, 1, '2025-06-17', '2025-07-02', 'DRAFT', 85054292.15, 3),
  (6, 8, 1, '2025-10-14', '2025-11-04', 'CLOSED', 45738376.23, 3),
  (7, 11, 2, '2025-09-17', '2025-10-02', 'PARTIALLY_RECEIVED', 17451075.74, 3),
  (8, 8, 1, '2025-02-08', '2025-02-26', 'DRAFT', 75905350.53, 5),
  (9, 7, 1, '2025-09-16', '2025-09-25', 'CLOSED', 18561123.48, 2),
  (10, 3, 1, '2025-06-04', '2025-06-18', 'CLOSED', 8945256.73, 5),
  (11, 11, 2, '2025-09-22', '2025-10-12', 'APPROVED', 39675749.42, 4),
  (12, 5, 1, '2025-05-24', '2025-06-10', 'APPROVED', 31261247.03, 4),
  (13, 5, 2, '2025-05-01', '2025-05-11', 'DRAFT', 136787486.55, 5),
  (14, 9, 2, '2025-08-22', '2025-08-29', 'APPROVED', 6565842.56, 2),
  (15, 8, 1, '2025-05-25', '2025-06-11', 'DRAFT', 24703974.65, 4),
  (16, 7, 1, '2025-03-23', '2025-04-12', 'PARTIALLY_RECEIVED', 29896165.51, 5),
  (17, 2, 1, '2025-05-31', '2025-06-12', 'CLOSED', 17924373.03, 3),
  (18, 10, 1, '2025-10-16', '2025-10-26', 'CLOSED', 24910105.84, 5),
  (19, 11, 1, '2025-09-16', '2025-09-24', 'CLOSED', 62382690.04, 5),
  (20, 4, 2, '2025-05-28', '2025-06-10', 'APPROVED', 32496528.07, 5),
  (21, 3, 1, '2025-04-04', '2025-04-17', 'PARTIALLY_RECEIVED', 52605402.55, 4),
  (22, 2, 1, '2025-03-19', '2025-04-06', 'PARTIALLY_RECEIVED', 14986825.93, 2),
  (23, 5, 1, '2025-08-22', '2025-09-07', 'DRAFT', 22312283.22, 3),
  (24, 9, 1, '2025-03-09', '2025-03-22', 'CLOSED', 9039239.34, 4),
  (25, 7, 1, '2025-04-29', '2025-05-18', 'CLOSED', 60238841.08, 4);

INSERT INTO purchase_order_item (po_id, product_id, ordered_qty, received_qty, unit_price, line_total) VALUES
  (1, 29, 82, 0, 51759.19, 4244253.58),
  (1, 45, 63, 0, 66794.81, 4208073.03),
  (1, 39, 34, 0, 49675.34, 1688961.56),
  (1, 31, 160, 0, 39260.85, 6281736.00),
  (1, 19, 30, 0, 68814.46, 2064433.80),
  (1, 3, 74, 0, 350711.67, 25952663.58),
  (2, 39, 64, 0, 54458.99, 3485375.36),
  (2, 48, 56, 0, 33733.95, 1889101.20),
  (2, 53, 69, 0, 488038.33, 33674644.77),
  (2, 37, 122, 0, 64349.72, 7850665.84),
  (2, 19, 10, 0, 59754.89, 597548.90),
  (3, 54, 27, 0, 363404.75, 9811928.25),
  (3, 56, 61, 0, 113953.52, 6951164.72),
  (3, 37, 56, 0, 69991.09, 3919501.04),
  (3, 38, 60, 0, 156649.20, 9398952.00),
  (3, 2, 67, 0, 65771.77, 4406708.59),
  (3, 49, 65, 0, 61347.72, 3987601.80),
  (3, 44, 47, 0, 26226.95, 1232666.65),
  (3, 18, 18, 0, 26054.77, 468985.86),
  (4, 53, 46, 46, 422709.78, 19444649.88),
  (4, 49, 56, 56, 61362.40, 3436294.40),
  (4, 36, 10, 10, 106614.91, 1066149.10),
  (4, 3, 64, 64, 388026.87, 24833719.68),
  (4, 30, 142, 142, 44889.61, 6374324.62),
  (4, 6, 68, 68, 603423.47, 41032795.96),
  (5, 29, 71, 0, 49125.30, 3487896.30),
  (5, 57, 44, 0, 1650119.65, 72605264.60),
  (5, 45, 75, 0, 64512.59, 4838444.25),
  (5, 32, 67, 0, 43243.10, 2897287.70),
  (5, 8, 19, 0, 64494.70, 1225399.30),
  (6, 46, 23, 23, 100962.88, 2322146.24),
  (6, 18, 70, 70, 25219.91, 1765393.70),
  (6, 27, 27, 27, 13887.98, 374975.46),
  (6, 54, 58, 58, 379904.71, 22034473.18),
  (6, 31, 139, 139, 39347.69, 5469328.91),
  (6, 55, 41, 41, 59417.14, 2436102.74),
  (6, 16, 80, 80, 141699.45, 11335956.00),
  (7, 36, 58, 45, 117071.31, 6790135.98),
  (7, 49, 34, 24, 56183.37, 1910234.58),
  (7, 35, 131, 85, 28831.72, 3776955.32),
  (7, 25, 48, 26, 14046.19, 674217.12),
  (7, 30, 94, 69, 45739.71, 4299532.74),
  (8, 10, 15, 0, 78802.18, 1182032.70),
  (8, 5, 73, 0, 819114.22, 59795338.06),
  (8, 31, 91, 0, 34692.08, 3156979.28),
  (8, 51, 67, 0, 83159.18, 5571665.06),
  (8, 17, 9, 0, 41601.45, 374413.05),
  (8, 22, 70, 0, 10481.90, 733733.00),
  (8, 40, 41, 0, 96385.54, 3951807.14),
  (8, 45, 16, 0, 71211.39, 1139382.24),
  (9, 3, 50, 50, 319714.02, 15985701.00),
  (9, 21, 72, 72, 5016.82, 361211.04),
  (9, 51, 28, 28, 79078.98, 2214211.44),
  (10, 15, 6, 6, 23573.59, 141441.54),
  (10, 30, 83, 83, 53744.67, 4460807.61),
  (10, 41, 14, 14, 68745.57, 962437.98),
  (10, 17, 80, 80, 42257.12, 3380569.60),
  (11, 55, 42, 0, 53416.47, 2243491.74),
  (11, 31, 85, 0, 39838.61, 3386281.85),
  (11, 7, 55, 0, 241404.13, 13277227.15),
  (11, 16, 77, 0, 140856.81, 10845974.37),
  (11, 25, 22, 0, 15691.23, 345207.06),
  (11, 37, 137, 0, 69909.25, 9577567.25),
  (12, 44, 22, 0, 28357.47, 623864.34),
  (12, 49, 10, 0, 56917.23, 569172.30),
  (12, 47, 61, 0, 365303.96, 22283541.56),
  (12, 50, 51, 0, 139984.49, 7139208.99),
  (12, 43, 16, 0, 40341.24, 645459.84),
  (13, 57, 66, 0, 1725698.11, 113896075.26),
  (13, 24, 85, 0, 16982.58, 1443519.30),
  (13, 34, 96, 0, 88132.56, 8460725.76),
  (13, 33, 129, 0, 61937.56, 7989945.24),
  (13, 18, 23, 0, 30162.52, 693737.96),
  (13, 11, 33, 0, 61256.46, 2021463.18),
  (13, 17, 55, 0, 41491.27, 2282019.85),
  (14, 30, 77, 0, 53088.34, 4087802.18),
  (14, 24, 105, 0, 15604.42, 1638464.10),
  (14, 44, 34, 0, 24693.42, 839576.28),
  (15, 45, 9, 0, 56930.20, 512371.80),
  (15, 20, 68, 0, 71356.82, 4852263.76),
  (15, 42, 35, 0, 40207.65, 1407267.75),
  (15, 27, 44, 0, 13911.78, 612118.32),
  (15, 8, 52, 0, 56285.58, 2926850.16),
  (15, 9, 74, 0, 194501.39, 14393102.86),
  (16, 18, 35, 25, 26846.05, 939611.75),
  (16, 3, 52, 29, 397397.93, 20664692.36),
  (16, 45, 55, 24, 61630.11, 3389656.05),
  (16, 24, 126, 43, 16916.44, 2131471.44),
  (16, 14, 7, 2, 84320.73, 590245.11),
  (16, 29, 42, 29, 51916.40, 2180488.80),
  (17, 1, 19, 19, 50033.65, 950639.35),
  (17, 18, 21, 21, 29545.27, 620450.67),
  (17, 55, 35, 35, 53407.15, 1869250.25),
  (17, 10, 27, 27, 77401.66, 2089844.82),
  (17, 9, 58, 58, 167305.56, 9703722.48),
  (17, 35, 26, 26, 29363.73, 763456.98),
  (17, 17, 51, 51, 37784.48, 1927008.48),
  (18, 47, 43, 43, 396801.28, 17062455.04),
  (18, 51, 8, 8, 83473.47, 667787.76),
  (18, 56, 56, 56, 128211.84, 7179863.04),
  (19, 39, 79, 79, 56866.13, 4492424.27),
  (19, 10, 53, 53, 84780.90, 4493387.70),
  (19, 5, 63, 63, 761939.12, 48002164.56),
  (19, 9, 17, 17, 191638.78, 3257859.26),
  (19, 18, 75, 75, 28491.39, 2136854.25),
  (20, 26, 75, 0, 10562.56, 792192.00),
  (20, 27, 49, 0, 12372.90, 606272.10),
  (20, 47, 65, 0, 399313.89, 25955402.85),
  (20, 7, 15, 0, 244296.53, 3664447.95),
  (20, 21, 34, 0, 4611.88, 156803.92),
  (20, 28, 105, 0, 12584.85, 1321409.25),
  (21, 49, 78, 43, 53321.40, 4159069.20),
  (21, 28, 67, 48, 12338.86, 826703.62),
  (21, 56, 52, 18, 124075.08, 6451904.16),
  (21, 47, 59, 42, 389169.00, 22960971.00),
  (21, 4, 76, 23, 150758.09, 11457614.84),
  (21, 19, 39, 12, 68762.17, 2681724.63),
  (21, 39, 44, 33, 57885.08, 2546943.52),
  (21, 20, 23, 13, 66107.46, 1520471.58),
  (22, 27, 155, 92, 13414.79, 2079292.45),
  (22, 30, 50, 33, 44870.78, 2243539.00),
  (22, 22, 79, 41, 10617.52, 838784.08),
  (22, 11, 61, 30, 57605.00, 3513905.00),
  (22, 24, 39, 18, 16217.80, 632494.20),
  (22, 20, 80, 43, 70985.14, 5678811.20),
  (23, 20, 42, 0, 79449.23, 3336867.66),
  (23, 14, 5, 0, 78299.95, 391499.75),
  (23, 50, 60, 0, 157153.26, 9429195.60),
  (23, 9, 53, 0, 172730.57, 9154720.21),
  (24, 28, 90, 90, 13079.25, 1177132.50),
  (24, 2, 56, 56, 62689.26, 3510598.56),
  (24, 30, 84, 84, 51803.67, 4351508.28),
  (25, 54, 80, 80, 335438.58, 26835086.40),
  (25, 45, 55, 55, 64109.44, 3526019.20),
  (25, 24, 96, 96, 14616.99, 1403231.04),
  (25, 6, 26, 26, 563463.47, 14650050.22),
  (25, 28, 39, 39, 11929.35, 465244.65),
  (25, 7, 49, 49, 272636.93, 13359209.57);

-- =========================
-- Sales Orders
-- =========================
INSERT INTO sales_order (so_id, location_id, order_date, customer_name, status, total_amount, created_by) VALUES
  (1, 8, '2025-05-15', 'Guest Customer', 'CONFIRMED', 2168000.00, 16),
  (2, 6, '2025-10-27', 'Event Team', 'CONFIRMED', 3222000.00, 7),
  (3, 7, '2025-09-13', 'Event Team', 'CONFIRMED', 1537400.00, 14),
  (4, 3, '2025-04-22', 'Library', 'REFUNDED', 803200.00, 13),
  (5, 7, '2025-05-21', 'Library', 'CONFIRMED', 2012400.00, 15),
  (6, 5, '2025-05-16', 'Library', 'CONFIRMED', 802200.00, 16),
  (7, 8, '2025-11-25', 'CECS Office', 'CONFIRMED', 1120400.00, 16),
  (8, 4, '2025-09-09', 'Student Services', 'CONFIRMED', 6378250.00, 15),
  (9, 7, '2025-05-22', 'Guest Customer', 'CANCELLED', 1491000.00, 12),
  (10, 3, '2025-07-18', 'Event Team', 'REFUNDED', 5956300.00, 8),
  (11, 4, '2025-04-11', 'Library', 'CONFIRMED', 2734000.00, 12),
  (12, 5, '2025-05-16', 'External Customer', 'REFUNDED', 3732600.00, 9),
  (13, 6, '2025-08-28', 'Guest Customer', 'CONFIRMED', 1111700.00, 6),
  (14, 5, '2025-08-30', 'CECS Office', 'CONFIRMED', 2001000.00, 6),
  (15, 8, '2025-10-24', 'Event Team', 'CONFIRMED', 7785000.00, 8),
  (16, 7, '2025-12-04', 'Event Team', 'CONFIRMED', 1023750.00, 12),
  (17, 5, '2025-11-10', 'Event Team', 'CONFIRMED', 5387600.00, 8),
  (18, 3, '2025-10-09', 'Cafeteria', 'CONFIRMED', 6365000.00, 11),
  (19, 7, '2025-10-11', 'VinUni Campus Store', 'CONFIRMED', 1477500.00, 16),
  (20, 5, '2025-04-09', 'Student Services', 'CONFIRMED', 2216600.00, 13),
  (21, 3, '2025-04-07', 'Event Team', 'CONFIRMED', 4736000.00, 8),
  (22, 3, '2025-12-09', 'Library', 'CONFIRMED', 6811700.00, 11),
  (23, 4, '2025-11-13', 'VinUni Campus Store', 'CANCELLED', 2177000.00, 12),
  (24, 8, '2025-05-18', 'Student Services', 'CONFIRMED', 6365000.00, 8),
  (25, 6, '2025-03-31', 'Student Services', 'CONFIRMED', 2084600.00, 7),
  (26, 4, '2025-04-19', 'VinUni Campus Store', 'CONFIRMED', 3001000.00, 8),
  (27, 7, '2025-07-02', 'Guest Customer', 'CONFIRMED', 1812000.00, 13),
  (28, 3, '2025-10-07', 'Student Services', 'CANCELLED', 2903300.00, 7),
  (29, 6, '2025-10-17', 'External Customer', 'CONFIRMED', 3519400.00, 14),
  (30, 7, '2025-08-15', 'Library', 'CONFIRMED', 6708600.00, 8),
  (31, 4, '2025-11-01', 'Student Services', 'CONFIRMED', 4337750.00, 6),
  (32, 4, '2025-06-15', 'External Customer', 'CONFIRMED', 3143500.00, 14),
  (33, 8, '2025-11-06', 'Library', 'CONFIRMED', 3645250.00, 9),
  (34, 5, '2025-04-25', 'Guest Customer', 'CONFIRMED', 3995600.00, 8),
  (35, 8, '2025-06-27', 'External Customer', 'DRAFT', 590250.00, 15);

INSERT INTO sales_order_item (so_id, product_id, quantity, unit_price, discount, line_total) VALUES
  (1, 13, 2, 52000.00, 0.00, 104000.00),
  (1, 12, 8, 135000.00, 5.00, 1026000.00),
  (1, 39, 8, 65000.00, 10.00, 468000.00),
  (1, 10, 6, 95000.00, 0.00, 570000.00),
  (2, 38, 2, 165000.00, 0.00, 330000.00),
  (2, 4, 8, 165000.00, 0.00, 1320000.00),
  (2, 23, 12, 12000.00, 0.00, 144000.00),
  (2, 33, 21, 68000.00, 0.00, 1428000.00),
  (3, 29, 19, 65000.00, 0.00, 1235000.00),
  (3, 52, 8, 42000.00, 10.00, 302400.00),
  (4, 33, 6, 68000.00, 0.00, 408000.00),
  (4, 42, 8, 52000.00, 5.00, 395200.00),
  (5, 25, 22, 17000.00, 10.00, 336600.00),
  (5, 27, 21, 15000.00, 0.00, 315000.00),
  (5, 50, 6, 185000.00, 0.00, 1110000.00),
  (5, 22, 22, 12000.00, 5.00, 250800.00),
  (6, 23, 23, 12000.00, 5.00, 262200.00),
  (6, 20, 2, 88000.00, 0.00, 176000.00),
  (6, 42, 7, 52000.00, 0.00, 364000.00),
  (7, 33, 7, 68000.00, 0.00, 476000.00),
  (7, 24, 7, 18000.00, 0.00, 126000.00),
  (7, 2, 3, 75000.00, 0.00, 225000.00),
  (7, 20, 2, 88000.00, 10.00, 158400.00),
  (7, 12, 1, 135000.00, 0.00, 135000.00),
  (8, 52, 6, 42000.00, 0.00, 252000.00),
  (8, 11, 5, 68000.00, 5.00, 323000.00),
  (8, 47, 4, 450000.00, 0.00, 1800000.00),
  (8, 29, 7, 65000.00, 0.00, 455000.00),
  (8, 3, 8, 420000.00, 5.00, 3192000.00),
  (8, 27, 25, 15000.00, 5.00, 356250.00),
  (9, 56, 8, 135000.00, 0.00, 1080000.00),
  (9, 17, 2, 45000.00, 10.00, 81000.00),
  (9, 4, 2, 165000.00, 0.00, 330000.00),
  (10, 54, 4, 420000.00, 5.00, 1596000.00),
  (10, 28, 1, 14000.00, 5.00, 13300.00),
  (10, 6, 7, 690000.00, 10.00, 4347000.00),
  (11, 7, 6, 320000.00, 0.00, 1920000.00),
  (11, 54, 1, 420000.00, 0.00, 420000.00),
  (11, 46, 3, 120000.00, 5.00, 342000.00),
  (11, 42, 1, 52000.00, 0.00, 52000.00),
  (12, 34, 10, 98000.00, 0.00, 980000.00),
  (12, 28, 8, 14000.00, 5.00, 106400.00),
  (12, 8, 8, 68000.00, 0.00, 544000.00),
  (12, 50, 8, 185000.00, 10.00, 1332000.00),
  (12, 19, 1, 78000.00, 10.00, 70200.00),
  (12, 16, 4, 175000.00, 0.00, 700000.00),
  (13, 43, 6, 45000.00, 0.00, 270000.00),
  (13, 6, 1, 690000.00, 5.00, 655500.00),
  (13, 34, 2, 98000.00, 5.00, 186200.00),
  (14, 50, 6, 185000.00, 0.00, 1110000.00),
  (14, 38, 6, 165000.00, 10.00, 891000.00),
  (15, 5, 8, 890000.00, 0.00, 7120000.00),
  (15, 46, 4, 120000.00, 0.00, 480000.00),
  (15, 50, 1, 185000.00, 0.00, 185000.00),
  (16, 19, 1, 78000.00, 0.00, 78000.00),
  (16, 23, 4, 12000.00, 0.00, 48000.00),
  (16, 56, 7, 135000.00, 5.00, 897750.00),
  (17, 18, 7, 32000.00, 10.00, 201600.00),
  (17, 52, 5, 42000.00, 0.00, 210000.00),
  (17, 6, 2, 690000.00, 0.00, 1380000.00),
  (17, 47, 5, 450000.00, 0.00, 2250000.00),
  (17, 28, 20, 14000.00, 5.00, 266000.00),
  (17, 56, 8, 135000.00, 0.00, 1080000.00),
  (18, 5, 7, 890000.00, 0.00, 6230000.00),
  (18, 43, 3, 45000.00, 0.00, 135000.00),
  (19, 50, 6, 185000.00, 5.00, 1054500.00),
  (19, 42, 1, 52000.00, 10.00, 46800.00),
  (19, 24, 22, 18000.00, 5.00, 376200.00),
  (20, 21, 1, 6000.00, 0.00, 6000.00),
  (20, 42, 7, 52000.00, 10.00, 327600.00),
  (20, 18, 5, 32000.00, 0.00, 160000.00),
  (20, 16, 8, 175000.00, 0.00, 1400000.00),
  (20, 8, 5, 68000.00, 5.00, 323000.00),
  (21, 6, 6, 690000.00, 0.00, 4140000.00),
  (21, 52, 5, 42000.00, 0.00, 210000.00),
  (21, 44, 3, 32000.00, 0.00, 96000.00),
  (21, 55, 4, 65000.00, 0.00, 260000.00),
  (21, 21, 5, 6000.00, 0.00, 30000.00),
  (22, 9, 8, 220000.00, 10.00, 1584000.00),
  (22, 40, 7, 110000.00, 10.00, 693000.00),
  (22, 6, 3, 690000.00, 0.00, 2070000.00),
  (22, 5, 2, 890000.00, 5.00, 1691000.00),
  (22, 20, 6, 88000.00, 0.00, 528000.00),
  (22, 26, 21, 13000.00, 10.00, 245700.00),
  (23, 10, 4, 95000.00, 0.00, 380000.00),
  (23, 20, 5, 88000.00, 0.00, 440000.00),
  (23, 11, 5, 68000.00, 0.00, 340000.00),
  (23, 56, 5, 135000.00, 0.00, 675000.00),
  (23, 21, 21, 6000.00, 0.00, 126000.00),
  (23, 46, 2, 120000.00, 10.00, 216000.00),
  (24, 22, 3, 12000.00, 0.00, 36000.00),
  (24, 54, 5, 420000.00, 0.00, 2100000.00),
  (24, 37, 14, 75000.00, 10.00, 945000.00),
  (24, 3, 1, 420000.00, 5.00, 399000.00),
  (24, 53, 5, 520000.00, 0.00, 2600000.00),
  (24, 2, 4, 75000.00, 5.00, 285000.00),
  (25, 30, 11, 59000.00, 0.00, 649000.00),
  (25, 14, 7, 96000.00, 0.00, 672000.00),
  (25, 22, 17, 12000.00, 10.00, 183600.00),
  (25, 39, 6, 65000.00, 0.00, 390000.00),
  (25, 10, 2, 95000.00, 0.00, 190000.00),
  (26, 56, 3, 135000.00, 0.00, 405000.00),
  (26, 40, 6, 110000.00, 0.00, 660000.00),
  (26, 27, 16, 15000.00, 10.00, 216000.00),
  (26, 16, 8, 175000.00, 0.00, 1400000.00),
  (26, 59, 1, 320000.00, 0.00, 320000.00),
  (27, 4, 8, 165000.00, 10.00, 1188000.00),
  (27, 19, 8, 78000.00, 0.00, 624000.00),
  (28, 49, 7, 65000.00, 0.00, 455000.00),
  (28, 26, 19, 13000.00, 10.00, 222300.00),
  (28, 24, 7, 18000.00, 0.00, 126000.00),
  (28, 3, 5, 420000.00, 0.00, 2100000.00),
  (29, 44, 6, 32000.00, 0.00, 192000.00),
  (29, 40, 6, 110000.00, 0.00, 660000.00),
  (29, 8, 7, 68000.00, 10.00, 428400.00),
  (29, 9, 1, 220000.00, 0.00, 220000.00),
  (29, 7, 6, 320000.00, 5.00, 1824000.00),
  (29, 26, 15, 13000.00, 0.00, 195000.00),
  (30, 48, 8, 38000.00, 10.00, 273600.00),
  (30, 54, 8, 420000.00, 0.00, 3360000.00),
  (30, 20, 6, 88000.00, 0.00, 528000.00),
  (30, 38, 5, 165000.00, 0.00, 825000.00),
  (30, 22, 16, 12000.00, 0.00, 192000.00),
  (30, 33, 25, 68000.00, 10.00, 1530000.00),
  (31, 50, 4, 185000.00, 0.00, 740000.00),
  (31, 54, 2, 420000.00, 0.00, 840000.00),
  (31, 25, 15, 17000.00, 0.00, 255000.00),
  (31, 10, 3, 95000.00, 5.00, 270750.00),
  (31, 53, 4, 520000.00, 5.00, 1976000.00),
  (31, 44, 8, 32000.00, 0.00, 256000.00),
  (32, 34, 18, 98000.00, 0.00, 1764000.00),
  (32, 25, 12, 17000.00, 0.00, 204000.00),
  (32, 21, 16, 6000.00, 0.00, 96000.00),
  (32, 12, 5, 135000.00, 10.00, 607500.00),
  (32, 30, 8, 59000.00, 0.00, 472000.00),
  (33, 51, 7, 95000.00, 5.00, 631750.00),
  (33, 47, 3, 450000.00, 0.00, 1350000.00),
  (33, 18, 5, 32000.00, 0.00, 160000.00),
  (33, 19, 8, 78000.00, 0.00, 624000.00),
  (33, 8, 4, 68000.00, 0.00, 272000.00),
  (33, 37, 9, 75000.00, 10.00, 607500.00),
  (34, 15, 6, 28000.00, 5.00, 159600.00),
  (34, 41, 3, 80000.00, 0.00, 240000.00),
  (34, 59, 3, 320000.00, 5.00, 912000.00),
  (34, 4, 8, 165000.00, 5.00, 1254000.00),
  (34, 7, 4, 320000.00, 0.00, 1280000.00),
  (34, 27, 10, 15000.00, 0.00, 150000.00),
  (35, 12, 3, 135000.00, 0.00, 405000.00),
  (35, 27, 13, 15000.00, 5.00, 185250.00);

-- =========================
-- Stock Movements (INITIAL_LOAD + PO receipts + SO issues + TRANSFERS)
-- =========================
INSERT INTO stock_movement (movement_id, product_id, location_id, quantity, movement_type, related_document_type, related_document_id, movement_date, created_by) VALUES
  (1, 1, 1, 226, 'ADJUSTMENT', 'INITIAL_LOAD', NULL, '2025-01-05 09:00:00', 2),
  (2, 1, 2, 102, 'ADJUSTMENT', 'INITIAL_LOAD', NULL, '2025-01-05 09:01:00', 4),
  (3, 1, 3, 10, 'ADJUSTMENT', 'INITIAL_LOAD', NULL, '2025-01-05 09:02:00', 9),
  (4, 1, 4, 29, 'ADJUSTMENT', 'INITIAL_LOAD', NULL, '2025-01-05 09:03:00', 16),
  (5, 1, 5, 24, 'ADJUSTMENT', 'INITIAL_LOAD', NULL, '2025-01-05 09:04:00', 9),
  (6, 1, 6, 17, 'ADJUSTMENT', 'INITIAL_LOAD', NULL, '2025-01-05 09:05:00', 16),
  (7, 1, 7, 59, 'ADJUSTMENT', 'INITIAL_LOAD', NULL, '2025-01-05 09:06:00', 7),
  (8, 1, 8, 40, 'ADJUSTMENT', 'INITIAL_LOAD', NULL, '2025-01-05 09:07:00', 11),
  (9, 2, 1, 216, 'ADJUSTMENT', 'INITIAL_LOAD', NULL, '2025-01-05 09:08:00', 5),
  (10, 2, 2, 182, 'ADJUSTMENT', 'INITIAL_LOAD', NULL, '2025-01-05 09:09:00', 3),
  (11, 2, 3, 14, 'ADJUSTMENT', 'INITIAL_LOAD', NULL, '2025-01-05 09:10:00', 9),
  (12, 2, 4, 43, 'ADJUSTMENT', 'INITIAL_LOAD', NULL, '2025-01-05 09:11:00', 8),
  (13, 2, 5, 20, 'ADJUSTMENT', 'INITIAL_LOAD', NULL, '2025-01-05 09:12:00', 8),
  (14, 2, 6, 53, 'ADJUSTMENT', 'INITIAL_LOAD', NULL, '2025-01-05 09:13:00', 12),
  (15, 2, 7, 49, 'ADJUSTMENT', 'INITIAL_LOAD', NULL, '2025-01-05 09:14:00', 6),
  (16, 2, 8, 49, 'ADJUSTMENT', 'INITIAL_LOAD', NULL, '2025-01-05 09:15:00', 8),
  (17, 3, 1, 54, 'ADJUSTMENT', 'INITIAL_LOAD', NULL, '2025-01-05 09:16:00', 4),
  (18, 3, 2, 98, 'ADJUSTMENT', 'INITIAL_LOAD', NULL, '2025-01-05 09:17:00', 5),
  (19, 3, 3, 52, 'ADJUSTMENT', 'INITIAL_LOAD', NULL, '2025-01-05 09:18:00', 16),
  (20, 3, 4, 2, 'ADJUSTMENT', 'INITIAL_LOAD', NULL, '2025-01-05 09:19:00', 9),
  (21, 3, 5, 51, 'ADJUSTMENT', 'INITIAL_LOAD', NULL, '2025-01-05 09:20:00', 10),
  (22, 3, 6, 20, 'ADJUSTMENT', 'INITIAL_LOAD', NULL, '2025-01-05 09:21:00', 8),
  (23, 3, 7, 25, 'ADJUSTMENT', 'INITIAL_LOAD', NULL, '2025-01-05 09:22:00', 7),
  (24, 3, 8, 17, 'ADJUSTMENT', 'INITIAL_LOAD', NULL, '2025-01-05 09:23:00', 12),
  (25, 4, 1, 56, 'ADJUSTMENT', 'INITIAL_LOAD', NULL, '2025-01-05 09:24:00', 2),
  (26, 4, 2, 94, 'ADJUSTMENT', 'INITIAL_LOAD', NULL, '2025-01-05 09:25:00', 5),
  (27, 4, 3, 58, 'ADJUSTMENT', 'INITIAL_LOAD', NULL, '2025-01-05 09:26:00', 9),
  (28, 4, 4, 60, 'ADJUSTMENT', 'INITIAL_LOAD', NULL, '2025-01-05 09:27:00', 9),
  (29, 4, 5, 36, 'ADJUSTMENT', 'INITIAL_LOAD', NULL, '2025-01-05 09:28:00', 13),
  (30, 4, 6, 56, 'ADJUSTMENT', 'INITIAL_LOAD', NULL, '2025-01-05 09:29:00', 11),
  (31, 4, 7, 45, 'ADJUSTMENT', 'INITIAL_LOAD', NULL, '2025-01-05 09:30:00', 10),
  (32, 4, 8, 20, 'ADJUSTMENT', 'INITIAL_LOAD', NULL, '2025-01-05 09:31:00', 9),
  (33, 5, 1, 94, 'ADJUSTMENT', 'INITIAL_LOAD', NULL, '2025-01-05 09:32:00', 3),
  (34, 5, 2, 207, 'ADJUSTMENT', 'INITIAL_LOAD', NULL, '2025-01-05 09:33:00', 2),
  (35, 5, 3, 31, 'ADJUSTMENT', 'INITIAL_LOAD', NULL, '2025-01-05 09:34:00', 16),
  (36, 5, 4, 25, 'ADJUSTMENT', 'INITIAL_LOAD', NULL, '2025-01-05 09:35:00', 9),
  (37, 5, 5, 56, 'ADJUSTMENT', 'INITIAL_LOAD', NULL, '2025-01-05 09:36:00', 12),
  (38, 5, 6, 58, 'ADJUSTMENT', 'INITIAL_LOAD', NULL, '2025-01-05 09:37:00', 11),
  (39, 5, 7, 41, 'ADJUSTMENT', 'INITIAL_LOAD', NULL, '2025-01-05 09:38:00', 10),
  (40, 5, 8, 29, 'ADJUSTMENT', 'INITIAL_LOAD', NULL, '2025-01-05 09:39:00', 7),
  (41, 6, 1, 76, 'ADJUSTMENT', 'INITIAL_LOAD', NULL, '2025-01-05 09:40:00', 4),
  (42, 6, 2, 107, 'ADJUSTMENT', 'INITIAL_LOAD', NULL, '2025-01-05 09:41:00', 4),
  (43, 6, 3, 8, 'ADJUSTMENT', 'INITIAL_LOAD', NULL, '2025-01-05 09:42:00', 16),
  (44, 6, 4, 15, 'ADJUSTMENT', 'INITIAL_LOAD', NULL, '2025-01-05 09:43:00', 14),
  (45, 6, 5, 47, 'ADJUSTMENT', 'INITIAL_LOAD', NULL, '2025-01-05 09:44:00', 12),
  (46, 6, 6, 35, 'ADJUSTMENT', 'INITIAL_LOAD', NULL, '2025-01-05 09:45:00', 16),
  (47, 6, 7, 34, 'ADJUSTMENT', 'INITIAL_LOAD', NULL, '2025-01-05 09:46:00', 14),
  (48, 6, 8, 16, 'ADJUSTMENT', 'INITIAL_LOAD', NULL, '2025-01-05 09:47:00', 11),
  (49, 7, 1, 231, 'ADJUSTMENT', 'INITIAL_LOAD', NULL, '2025-01-05 09:48:00', 2),
  (50, 7, 2, 189, 'ADJUSTMENT', 'INITIAL_LOAD', NULL, '2025-01-05 09:49:00', 2),
  (51, 7, 3, 27, 'ADJUSTMENT', 'INITIAL_LOAD', NULL, '2025-01-05 09:50:00', 10),
  (52, 7, 4, 57, 'ADJUSTMENT', 'INITIAL_LOAD', NULL, '2025-01-05 09:51:00', 8),
  (53, 7, 5, 37, 'ADJUSTMENT', 'INITIAL_LOAD', NULL, '2025-01-05 09:52:00', 15),
  (54, 7, 6, 25, 'ADJUSTMENT', 'INITIAL_LOAD', NULL, '2025-01-05 09:53:00', 10),
  (55, 7, 7, 23, 'ADJUSTMENT', 'INITIAL_LOAD', NULL, '2025-01-05 09:54:00', 6),
  (56, 7, 8, 14, 'ADJUSTMENT', 'INITIAL_LOAD', NULL, '2025-01-05 09:55:00', 7),
  (57, 8, 1, 75, 'ADJUSTMENT', 'INITIAL_LOAD', NULL, '2025-01-05 09:56:00', 5),
  (58, 8, 2, 170, 'ADJUSTMENT', 'INITIAL_LOAD', NULL, '2025-01-05 09:57:00', 4),
  (59, 8, 3, 31, 'ADJUSTMENT', 'INITIAL_LOAD', NULL, '2025-01-05 09:58:00', 11),
  (60, 8, 4, 5, 'ADJUSTMENT', 'INITIAL_LOAD', NULL, '2025-01-05 09:59:00', 12),
  (61, 8, 5, 48, 'ADJUSTMENT', 'INITIAL_LOAD', NULL, '2025-01-05 10:00:00', 15),
  (62, 8, 6, 3, 'ADJUSTMENT', 'INITIAL_LOAD', NULL, '2025-01-05 10:01:00', 14),
  (63, 8, 7, 55, 'ADJUSTMENT', 'INITIAL_LOAD', NULL, '2025-01-05 10:02:00', 7),
  (64, 8, 8, 7, 'ADJUSTMENT', 'INITIAL_LOAD', NULL, '2025-01-05 10:03:00', 12),
  (65, 9, 1, 79, 'ADJUSTMENT', 'INITIAL_LOAD', NULL, '2025-01-05 10:04:00', 3),
  (66, 9, 2, 200, 'ADJUSTMENT', 'INITIAL_LOAD', NULL, '2025-01-05 10:05:00', 4),
  (67, 9, 3, 10, 'ADJUSTMENT', 'INITIAL_LOAD', NULL, '2025-01-05 10:06:00', 6),
  (68, 9, 4, 50, 'ADJUSTMENT', 'INITIAL_LOAD', NULL, '2025-01-05 10:07:00', 12),
  (69, 9, 5, 43, 'ADJUSTMENT', 'INITIAL_LOAD', NULL, '2025-01-05 10:08:00', 6),
  (70, 9, 6, 27, 'ADJUSTMENT', 'INITIAL_LOAD', NULL, '2025-01-05 10:09:00', 14),
  (71, 9, 7, 38, 'ADJUSTMENT', 'INITIAL_LOAD', NULL, '2025-01-05 10:10:00', 14),
  (72, 9, 8, 4, 'ADJUSTMENT', 'INITIAL_LOAD', NULL, '2025-01-05 10:11:00', 16),
  (73, 10, 1, 138, 'ADJUSTMENT', 'INITIAL_LOAD', NULL, '2025-01-05 10:12:00', 3),
  (74, 10, 2, 137, 'ADJUSTMENT', 'INITIAL_LOAD', NULL, '2025-01-05 10:13:00', 4),
  (75, 10, 3, 38, 'ADJUSTMENT', 'INITIAL_LOAD', NULL, '2025-01-05 10:14:00', 12),
  (76, 10, 4, 29, 'ADJUSTMENT', 'INITIAL_LOAD', NULL, '2025-01-05 10:15:00', 7),
  (77, 10, 5, 33, 'ADJUSTMENT', 'INITIAL_LOAD', NULL, '2025-01-05 10:16:00', 16),
  (78, 10, 6, 16, 'ADJUSTMENT', 'INITIAL_LOAD', NULL, '2025-01-05 10:17:00', 11),
  (79, 10, 7, 35, 'ADJUSTMENT', 'INITIAL_LOAD', NULL, '2025-01-05 10:18:00', 15),
  (80, 10, 8, 55, 'ADJUSTMENT', 'INITIAL_LOAD', NULL, '2025-01-05 10:19:00', 11),
  (81, 11, 1, 42, 'ADJUSTMENT', 'INITIAL_LOAD', NULL, '2025-01-05 10:20:00', 2),
  (82, 11, 2, 214, 'ADJUSTMENT', 'INITIAL_LOAD', NULL, '2025-01-05 10:21:00', 4),
  (83, 11, 3, 46, 'ADJUSTMENT', 'INITIAL_LOAD', NULL, '2025-01-05 10:22:00', 14),
  (84, 11, 4, 7, 'ADJUSTMENT', 'INITIAL_LOAD', NULL, '2025-01-05 10:23:00', 10),
  (85, 11, 5, 43, 'ADJUSTMENT', 'INITIAL_LOAD', NULL, '2025-01-05 10:24:00', 16),
  (86, 11, 6, 56, 'ADJUSTMENT', 'INITIAL_LOAD', NULL, '2025-01-05 10:25:00', 12),
  (87, 11, 7, 34, 'ADJUSTMENT', 'INITIAL_LOAD', NULL, '2025-01-05 10:26:00', 11),
  (88, 11, 8, 48, 'ADJUSTMENT', 'INITIAL_LOAD', NULL, '2025-01-05 10:27:00', 12),
  (89, 12, 1, 108, 'ADJUSTMENT', 'INITIAL_LOAD', NULL, '2025-01-05 10:28:00', 4),
  (90, 12, 2, 236, 'ADJUSTMENT', 'INITIAL_LOAD', NULL, '2025-01-05 10:29:00', 3),
  (91, 12, 3, 41, 'ADJUSTMENT', 'INITIAL_LOAD', NULL, '2025-01-05 10:30:00', 9),
  (92, 12, 4, 21, 'ADJUSTMENT', 'INITIAL_LOAD', NULL, '2025-01-05 10:31:00', 12),
  (93, 12, 5, 7, 'ADJUSTMENT', 'INITIAL_LOAD', NULL, '2025-01-05 10:32:00', 16),
  (94, 12, 6, 18, 'ADJUSTMENT', 'INITIAL_LOAD', NULL, '2025-01-05 10:33:00', 12),
  (95, 12, 7, 27, 'ADJUSTMENT', 'INITIAL_LOAD', NULL, '2025-01-05 10:34:00', 16),
  (96, 12, 8, 10, 'ADJUSTMENT', 'INITIAL_LOAD', NULL, '2025-01-05 10:35:00', 8),
  (97, 13, 1, 156, 'ADJUSTMENT', 'INITIAL_LOAD', NULL, '2025-01-05 10:36:00', 4),
  (98, 13, 2, 40, 'ADJUSTMENT', 'INITIAL_LOAD', NULL, '2025-01-05 10:37:00', 5),
  (99, 13, 3, 46, 'ADJUSTMENT', 'INITIAL_LOAD', NULL, '2025-01-05 10:38:00', 14),
  (100, 13, 4, 56, 'ADJUSTMENT', 'INITIAL_LOAD', NULL, '2025-01-05 10:39:00', 6),
  (101, 13, 5, 46, 'ADJUSTMENT', 'INITIAL_LOAD', NULL, '2025-01-05 10:40:00', 10),
  (102, 13, 6, 16, 'ADJUSTMENT', 'INITIAL_LOAD', NULL, '2025-01-05 10:41:00', 10),
  (103, 13, 7, 32, 'ADJUSTMENT', 'INITIAL_LOAD', NULL, '2025-01-05 10:42:00', 9),
  (104, 13, 8, 48, 'ADJUSTMENT', 'INITIAL_LOAD', NULL, '2025-01-05 10:43:00', 12),
  (105, 14, 1, 85, 'ADJUSTMENT', 'INITIAL_LOAD', NULL, '2025-01-05 10:44:00', 4),
  (106, 14, 2, 169, 'ADJUSTMENT', 'INITIAL_LOAD', NULL, '2025-01-05 10:45:00', 5),
  (107, 14, 3, 58, 'ADJUSTMENT', 'INITIAL_LOAD', NULL, '2025-01-05 10:46:00', 13),
  (108, 14, 4, 6, 'ADJUSTMENT', 'INITIAL_LOAD', NULL, '2025-01-05 10:47:00', 13),
  (109, 14, 5, 55, 'ADJUSTMENT', 'INITIAL_LOAD', NULL, '2025-01-05 10:48:00', 16),
  (110, 14, 6, 40, 'ADJUSTMENT', 'INITIAL_LOAD', NULL, '2025-01-05 10:49:00', 9),
  (111, 14, 7, 19, 'ADJUSTMENT', 'INITIAL_LOAD', NULL, '2025-01-05 10:50:00', 14),
  (112, 14, 8, 53, 'ADJUSTMENT', 'INITIAL_LOAD', NULL, '2025-01-05 10:51:00', 13),
  (113, 15, 1, 203, 'ADJUSTMENT', 'INITIAL_LOAD', NULL, '2025-01-05 10:52:00', 3),
  (114, 15, 2, 169, 'ADJUSTMENT', 'INITIAL_LOAD', NULL, '2025-01-05 10:53:00', 2),
  (115, 15, 3, 38, 'ADJUSTMENT', 'INITIAL_LOAD', NULL, '2025-01-05 10:54:00', 10),
  (116, 15, 4, 12, 'ADJUSTMENT', 'INITIAL_LOAD', NULL, '2025-01-05 10:55:00', 14),
  (117, 15, 5, 9, 'ADJUSTMENT', 'INITIAL_LOAD', NULL, '2025-01-05 10:56:00', 16),
  (118, 15, 6, 23, 'ADJUSTMENT', 'INITIAL_LOAD', NULL, '2025-01-05 10:57:00', 16),
  (119, 15, 7, 48, 'ADJUSTMENT', 'INITIAL_LOAD', NULL, '2025-01-05 10:58:00', 15),
  (120, 15, 8, 10, 'ADJUSTMENT', 'INITIAL_LOAD', NULL, '2025-01-05 10:59:00', 11),
  (121, 16, 1, 178, 'ADJUSTMENT', 'INITIAL_LOAD', NULL, '2025-01-05 11:00:00', 2),
  (122, 16, 2, 239, 'ADJUSTMENT', 'INITIAL_LOAD', NULL, '2025-01-05 11:01:00', 3),
  (123, 16, 3, 59, 'ADJUSTMENT', 'INITIAL_LOAD', NULL, '2025-01-05 11:02:00', 16),
  (124, 16, 4, 33, 'ADJUSTMENT', 'INITIAL_LOAD', NULL, '2025-01-05 11:03:00', 10),
  (125, 16, 5, 58, 'ADJUSTMENT', 'INITIAL_LOAD', NULL, '2025-01-05 11:04:00', 9),
  (126, 16, 7, 38, 'ADJUSTMENT', 'INITIAL_LOAD', NULL, '2025-01-05 11:05:00', 9),
  (127, 16, 8, 20, 'ADJUSTMENT', 'INITIAL_LOAD', NULL, '2025-01-05 11:06:00', 8),
  (128, 17, 1, 165, 'ADJUSTMENT', 'INITIAL_LOAD', NULL, '2025-01-05 11:07:00', 2),
  (129, 17, 2, 44, 'ADJUSTMENT', 'INITIAL_LOAD', NULL, '2025-01-05 11:08:00', 2),
  (130, 17, 3, 7, 'ADJUSTMENT', 'INITIAL_LOAD', NULL, '2025-01-05 11:09:00', 9),
  (131, 17, 4, 59, 'ADJUSTMENT', 'INITIAL_LOAD', NULL, '2025-01-05 11:10:00', 13),
  (132, 17, 5, 23, 'ADJUSTMENT', 'INITIAL_LOAD', NULL, '2025-01-05 11:11:00', 15),
  (133, 17, 6, 56, 'ADJUSTMENT', 'INITIAL_LOAD', NULL, '2025-01-05 11:12:00', 7),
  (134, 17, 7, 53, 'ADJUSTMENT', 'INITIAL_LOAD', NULL, '2025-01-05 11:13:00', 13),
  (135, 17, 8, 51, 'ADJUSTMENT', 'INITIAL_LOAD', NULL, '2025-01-05 11:14:00', 12),
  (136, 18, 1, 118, 'ADJUSTMENT', 'INITIAL_LOAD', NULL, '2025-01-05 11:15:00', 3),
  (137, 18, 2, 101, 'ADJUSTMENT', 'INITIAL_LOAD', NULL, '2025-01-05 11:16:00', 5),
  (138, 18, 3, 3, 'ADJUSTMENT', 'INITIAL_LOAD', NULL, '2025-01-05 11:17:00', 13),
  (139, 18, 4, 15, 'ADJUSTMENT', 'INITIAL_LOAD', NULL, '2025-01-05 11:18:00', 12),
  (140, 18, 5, 56, 'ADJUSTMENT', 'INITIAL_LOAD', NULL, '2025-01-05 11:19:00', 9),
  (141, 18, 6, 36, 'ADJUSTMENT', 'INITIAL_LOAD', NULL, '2025-01-05 11:20:00', 8),
  (142, 18, 7, 60, 'ADJUSTMENT', 'INITIAL_LOAD', NULL, '2025-01-05 11:21:00', 16),
  (143, 18, 8, 5, 'ADJUSTMENT', 'INITIAL_LOAD', NULL, '2025-01-05 11:22:00', 6),
  (144, 19, 1, 61, 'ADJUSTMENT', 'INITIAL_LOAD', NULL, '2025-01-05 11:23:00', 2),
  (145, 19, 2, 227, 'ADJUSTMENT', 'INITIAL_LOAD', NULL, '2025-01-05 11:24:00', 5),
  (146, 19, 3, 31, 'ADJUSTMENT', 'INITIAL_LOAD', NULL, '2025-01-05 11:25:00', 9),
  (147, 19, 4, 52, 'ADJUSTMENT', 'INITIAL_LOAD', NULL, '2025-01-05 11:26:00', 8),
  (148, 19, 5, 4, 'ADJUSTMENT', 'INITIAL_LOAD', NULL, '2025-01-05 11:27:00', 14),
  (149, 19, 6, 48, 'ADJUSTMENT', 'INITIAL_LOAD', NULL, '2025-01-05 11:28:00', 13),
  (150, 19, 7, 34, 'ADJUSTMENT', 'INITIAL_LOAD', NULL, '2025-01-05 11:29:00', 6),
  (151, 19, 8, 49, 'ADJUSTMENT', 'INITIAL_LOAD', NULL, '2025-01-05 11:30:00', 14),
  (152, 20, 1, 72, 'ADJUSTMENT', 'INITIAL_LOAD', NULL, '2025-01-05 11:31:00', 3),
  (153, 20, 2, 72, 'ADJUSTMENT', 'INITIAL_LOAD', NULL, '2025-01-05 11:32:00', 2),
  (154, 20, 3, 42, 'ADJUSTMENT', 'INITIAL_LOAD', NULL, '2025-01-05 11:33:00', 13),
  (155, 20, 4, 30, 'ADJUSTMENT', 'INITIAL_LOAD', NULL, '2025-01-05 11:34:00', 8),
  (156, 20, 5, 60, 'ADJUSTMENT', 'INITIAL_LOAD', NULL, '2025-01-05 11:35:00', 13),
  (157, 20, 6, 35, 'ADJUSTMENT', 'INITIAL_LOAD', NULL, '2025-01-05 11:36:00', 16),
  (158, 20, 7, 10, 'ADJUSTMENT', 'INITIAL_LOAD', NULL, '2025-01-05 11:37:00', 14),
  (159, 20, 8, 16, 'ADJUSTMENT', 'INITIAL_LOAD', NULL, '2025-01-05 11:38:00', 14),
  (160, 21, 1, 175, 'ADJUSTMENT', 'INITIAL_LOAD', NULL, '2025-01-05 11:39:00', 4),
  (161, 21, 2, 195, 'ADJUSTMENT', 'INITIAL_LOAD', NULL, '2025-01-05 11:40:00', 5),
  (162, 21, 3, 64, 'ADJUSTMENT', 'INITIAL_LOAD', NULL, '2025-01-05 11:41:00', 15),
  (163, 21, 4, 37, 'ADJUSTMENT', 'INITIAL_LOAD', NULL, '2025-01-05 11:42:00', 14),
  (164, 21, 5, 79, 'ADJUSTMENT', 'INITIAL_LOAD', NULL, '2025-01-05 11:43:00', 12),
  (165, 21, 6, 106, 'ADJUSTMENT', 'INITIAL_LOAD', NULL, '2025-01-05 11:44:00', 14),
  (166, 21, 7, 103, 'ADJUSTMENT', 'INITIAL_LOAD', NULL, '2025-01-05 11:45:00', 13),
  (167, 21, 8, 98, 'ADJUSTMENT', 'INITIAL_LOAD', NULL, '2025-01-05 11:46:00', 8),
  (168, 22, 1, 91, 'ADJUSTMENT', 'INITIAL_LOAD', NULL, '2025-01-05 11:47:00', 5),
  (169, 22, 2, 222, 'ADJUSTMENT', 'INITIAL_LOAD', NULL, '2025-01-05 11:48:00', 5),
  (170, 22, 3, 49, 'ADJUSTMENT', 'INITIAL_LOAD', NULL, '2025-01-05 11:49:00', 10),
  (171, 22, 4, 61, 'ADJUSTMENT', 'INITIAL_LOAD', NULL, '2025-01-05 11:50:00', 9),
  (172, 22, 5, 95, 'ADJUSTMENT', 'INITIAL_LOAD', NULL, '2025-01-05 11:51:00', 16),
  (173, 22, 6, 93, 'ADJUSTMENT', 'INITIAL_LOAD', NULL, '2025-01-05 11:52:00', 10),
  (174, 22, 7, 57, 'ADJUSTMENT', 'INITIAL_LOAD', NULL, '2025-01-05 11:53:00', 14),
  (175, 22, 8, 66, 'ADJUSTMENT', 'INITIAL_LOAD', NULL, '2025-01-05 11:54:00', 13),
  (176, 23, 1, 172, 'ADJUSTMENT', 'INITIAL_LOAD', NULL, '2025-01-05 11:55:00', 3),
  (177, 23, 2, 155, 'ADJUSTMENT', 'INITIAL_LOAD', NULL, '2025-01-05 11:56:00', 4),
  (178, 23, 3, 25, 'ADJUSTMENT', 'INITIAL_LOAD', NULL, '2025-01-05 11:57:00', 13),
  (179, 23, 4, 41, 'ADJUSTMENT', 'INITIAL_LOAD', NULL, '2025-01-05 11:58:00', 7),
  (180, 23, 5, 38, 'ADJUSTMENT', 'INITIAL_LOAD', NULL, '2025-01-05 11:59:00', 10),
  (181, 23, 6, 18, 'ADJUSTMENT', 'INITIAL_LOAD', NULL, '2025-01-05 12:00:00', 9),
  (182, 23, 7, 53, 'ADJUSTMENT', 'INITIAL_LOAD', NULL, '2025-01-05 12:01:00', 10),
  (183, 23, 8, 12, 'ADJUSTMENT', 'INITIAL_LOAD', NULL, '2025-01-05 12:02:00', 11),
  (184, 24, 1, 190, 'ADJUSTMENT', 'INITIAL_LOAD', NULL, '2025-01-05 12:03:00', 4),
  (185, 24, 2, 181, 'ADJUSTMENT', 'INITIAL_LOAD', NULL, '2025-01-05 12:04:00', 2),
  (186, 24, 3, 39, 'ADJUSTMENT', 'INITIAL_LOAD', NULL, '2025-01-05 12:05:00', 8),
  (187, 24, 4, 85, 'ADJUSTMENT', 'INITIAL_LOAD', NULL, '2025-01-05 12:06:00', 8),
  (188, 24, 5, 38, 'ADJUSTMENT', 'INITIAL_LOAD', NULL, '2025-01-05 12:07:00', 9),
  (189, 24, 6, 10, 'ADJUSTMENT', 'INITIAL_LOAD', NULL, '2025-01-05 12:08:00', 12),
  (190, 24, 7, 19, 'ADJUSTMENT', 'INITIAL_LOAD', NULL, '2025-01-05 12:09:00', 8),
  (191, 24, 8, 100, 'ADJUSTMENT', 'INITIAL_LOAD', NULL, '2025-01-05 12:10:00', 9),
  (192, 25, 1, 201, 'ADJUSTMENT', 'INITIAL_LOAD', NULL, '2025-01-05 12:11:00', 2),
  (193, 25, 2, 55, 'ADJUSTMENT', 'INITIAL_LOAD', NULL, '2025-01-05 12:12:00', 5),
  (194, 25, 3, 39, 'ADJUSTMENT', 'INITIAL_LOAD', NULL, '2025-01-05 12:13:00', 12),
  (195, 25, 4, 18, 'ADJUSTMENT', 'INITIAL_LOAD', NULL, '2025-01-05 12:14:00', 11),
  (196, 25, 5, 14, 'ADJUSTMENT', 'INITIAL_LOAD', NULL, '2025-01-05 12:15:00', 14),
  (197, 25, 6, 120, 'ADJUSTMENT', 'INITIAL_LOAD', NULL, '2025-01-05 12:16:00', 13),
  (198, 25, 7, 52, 'ADJUSTMENT', 'INITIAL_LOAD', NULL, '2025-01-05 12:17:00', 12),
  (199, 25, 8, 19, 'ADJUSTMENT', 'INITIAL_LOAD', NULL, '2025-01-05 12:18:00', 6),
  (200, 26, 1, 171, 'ADJUSTMENT', 'INITIAL_LOAD', NULL, '2025-01-05 12:19:00', 3),
  (201, 26, 2, 100, 'ADJUSTMENT', 'INITIAL_LOAD', NULL, '2025-01-05 12:20:00', 5),
  (202, 26, 3, 45, 'ADJUSTMENT', 'INITIAL_LOAD', NULL, '2025-01-05 12:21:00', 12),
  (203, 26, 4, 95, 'ADJUSTMENT', 'INITIAL_LOAD', NULL, '2025-01-05 12:22:00', 15),
  (204, 26, 5, 72, 'ADJUSTMENT', 'INITIAL_LOAD', NULL, '2025-01-05 12:23:00', 6),
  (205, 26, 6, 37, 'ADJUSTMENT', 'INITIAL_LOAD', NULL, '2025-01-05 12:24:00', 15),
  (206, 26, 7, 79, 'ADJUSTMENT', 'INITIAL_LOAD', NULL, '2025-01-05 12:25:00', 12),
  (207, 26, 8, 26, 'ADJUSTMENT', 'INITIAL_LOAD', NULL, '2025-01-05 12:26:00', 13),
  (208, 27, 1, 225, 'ADJUSTMENT', 'INITIAL_LOAD', NULL, '2025-01-05 12:27:00', 2),
  (209, 27, 2, 186, 'ADJUSTMENT', 'INITIAL_LOAD', NULL, '2025-01-05 12:28:00', 4),
  (210, 27, 3, 83, 'ADJUSTMENT', 'INITIAL_LOAD', NULL, '2025-01-05 12:29:00', 10),
  (211, 27, 4, 70, 'ADJUSTMENT', 'INITIAL_LOAD', NULL, '2025-01-05 12:30:00', 12),
  (212, 27, 5, 41, 'ADJUSTMENT', 'INITIAL_LOAD', NULL, '2025-01-05 12:31:00', 12),
  (213, 27, 6, 110, 'ADJUSTMENT', 'INITIAL_LOAD', NULL, '2025-01-05 12:32:00', 14),
  (214, 27, 7, 70, 'ADJUSTMENT', 'INITIAL_LOAD', NULL, '2025-01-05 12:33:00', 14),
  (215, 27, 8, 113, 'ADJUSTMENT', 'INITIAL_LOAD', NULL, '2025-01-05 12:34:00', 15),
  (216, 28, 1, 144, 'ADJUSTMENT', 'INITIAL_LOAD', NULL, '2025-01-05 12:35:00', 3),
  (217, 28, 2, 88, 'ADJUSTMENT', 'INITIAL_LOAD', NULL, '2025-01-05 12:36:00', 5),
  (218, 28, 3, 22, 'ADJUSTMENT', 'INITIAL_LOAD', NULL, '2025-01-05 12:37:00', 9),
  (219, 28, 4, 22, 'ADJUSTMENT', 'INITIAL_LOAD', NULL, '2025-01-05 12:38:00', 10),
  (220, 28, 5, 94, 'ADJUSTMENT', 'INITIAL_LOAD', NULL, '2025-01-05 12:39:00', 12),
  (221, 28, 6, 65, 'ADJUSTMENT', 'INITIAL_LOAD', NULL, '2025-01-05 12:40:00', 13),
  (222, 28, 7, 55, 'ADJUSTMENT', 'INITIAL_LOAD', NULL, '2025-01-05 12:41:00', 6),
  (223, 28, 8, 64, 'ADJUSTMENT', 'INITIAL_LOAD', NULL, '2025-01-05 12:42:00', 12),
  (224, 29, 1, 145, 'ADJUSTMENT', 'INITIAL_LOAD', NULL, '2025-01-05 12:43:00', 4),
  (225, 29, 2, 159, 'ADJUSTMENT', 'INITIAL_LOAD', NULL, '2025-01-05 12:44:00', 5),
  (226, 29, 3, 120, 'ADJUSTMENT', 'INITIAL_LOAD', NULL, '2025-01-05 12:45:00', 8),
  (227, 29, 4, 103, 'ADJUSTMENT', 'INITIAL_LOAD', NULL, '2025-01-05 12:46:00', 13),
  (228, 29, 5, 16, 'ADJUSTMENT', 'INITIAL_LOAD', NULL, '2025-01-05 12:47:00', 8),
  (229, 29, 6, 96, 'ADJUSTMENT', 'INITIAL_LOAD', NULL, '2025-01-05 12:48:00', 15),
  (230, 29, 7, 93, 'ADJUSTMENT', 'INITIAL_LOAD', NULL, '2025-01-05 12:49:00', 14),
  (231, 29, 8, 92, 'ADJUSTMENT', 'INITIAL_LOAD', NULL, '2025-01-05 12:50:00', 6),
  (232, 30, 1, 65, 'ADJUSTMENT', 'INITIAL_LOAD', NULL, '2025-01-05 12:51:00', 5),
  (233, 30, 2, 55, 'ADJUSTMENT', 'INITIAL_LOAD', NULL, '2025-01-05 12:52:00', 2),
  (234, 30, 3, 61, 'ADJUSTMENT', 'INITIAL_LOAD', NULL, '2025-01-05 12:53:00', 7),
  (235, 30, 4, 103, 'ADJUSTMENT', 'INITIAL_LOAD', NULL, '2025-01-05 12:54:00', 16),
  (236, 30, 5, 53, 'ADJUSTMENT', 'INITIAL_LOAD', NULL, '2025-01-05 12:55:00', 12),
  (237, 30, 6, 112, 'ADJUSTMENT', 'INITIAL_LOAD', NULL, '2025-01-05 12:56:00', 8),
  (238, 30, 7, 120, 'ADJUSTMENT', 'INITIAL_LOAD', NULL, '2025-01-05 12:57:00', 13),
  (239, 30, 8, 23, 'ADJUSTMENT', 'INITIAL_LOAD', NULL, '2025-01-05 12:58:00', 8),
  (240, 31, 1, 103, 'ADJUSTMENT', 'INITIAL_LOAD', NULL, '2025-01-05 12:59:00', 2),
  (241, 31, 2, 89, 'ADJUSTMENT', 'INITIAL_LOAD', NULL, '2025-01-05 13:00:00', 4),
  (242, 31, 3, 34, 'ADJUSTMENT', 'INITIAL_LOAD', NULL, '2025-01-05 13:01:00', 12),
  (243, 31, 4, 78, 'ADJUSTMENT', 'INITIAL_LOAD', NULL, '2025-01-05 13:02:00', 11),
  (244, 31, 5, 67, 'ADJUSTMENT', 'INITIAL_LOAD', NULL, '2025-01-05 13:03:00', 9),
  (245, 31, 6, 27, 'ADJUSTMENT', 'INITIAL_LOAD', NULL, '2025-01-05 13:04:00', 13),
  (246, 31, 7, 64, 'ADJUSTMENT', 'INITIAL_LOAD', NULL, '2025-01-05 13:05:00', 11),
  (247, 31, 8, 33, 'ADJUSTMENT', 'INITIAL_LOAD', NULL, '2025-01-05 13:06:00', 11),
  (248, 32, 1, 111, 'ADJUSTMENT', 'INITIAL_LOAD', NULL, '2025-01-05 13:07:00', 5),
  (249, 32, 2, 158, 'ADJUSTMENT', 'INITIAL_LOAD', NULL, '2025-01-05 13:08:00', 4),
  (250, 32, 3, 41, 'ADJUSTMENT', 'INITIAL_LOAD', NULL, '2025-01-05 13:09:00', 12);

INSERT INTO stock_movement (movement_id, product_id, location_id, quantity, movement_type, related_document_type, related_document_id, movement_date, created_by) VALUES
  (251, 32, 4, 19, 'ADJUSTMENT', 'INITIAL_LOAD', NULL, '2025-01-05 13:10:00', 10),
  (252, 32, 5, 66, 'ADJUSTMENT', 'INITIAL_LOAD', NULL, '2025-01-05 13:11:00', 7),
  (253, 32, 6, 113, 'ADJUSTMENT', 'INITIAL_LOAD', NULL, '2025-01-05 13:12:00', 13),
  (254, 32, 7, 120, 'ADJUSTMENT', 'INITIAL_LOAD', NULL, '2025-01-05 13:13:00', 6),
  (255, 32, 8, 119, 'ADJUSTMENT', 'INITIAL_LOAD', NULL, '2025-01-05 13:14:00', 14),
  (256, 33, 1, 180, 'ADJUSTMENT', 'INITIAL_LOAD', NULL, '2025-01-05 13:15:00', 2),
  (257, 33, 2, 65, 'ADJUSTMENT', 'INITIAL_LOAD', NULL, '2025-01-05 13:16:00', 4),
  (258, 33, 3, 16, 'ADJUSTMENT', 'INITIAL_LOAD', NULL, '2025-01-05 13:17:00', 9),
  (259, 33, 4, 93, 'ADJUSTMENT', 'INITIAL_LOAD', NULL, '2025-01-05 13:18:00', 16),
  (260, 33, 5, 79, 'ADJUSTMENT', 'INITIAL_LOAD', NULL, '2025-01-05 13:19:00', 7),
  (261, 33, 6, 117, 'ADJUSTMENT', 'INITIAL_LOAD', NULL, '2025-01-05 13:20:00', 16),
  (262, 33, 7, 11, 'ADJUSTMENT', 'INITIAL_LOAD', NULL, '2025-01-05 13:21:00', 6),
  (263, 33, 8, 21, 'ADJUSTMENT', 'INITIAL_LOAD', NULL, '2025-01-05 13:22:00', 6),
  (264, 34, 1, 232, 'ADJUSTMENT', 'INITIAL_LOAD', NULL, '2025-01-05 13:23:00', 3),
  (265, 34, 2, 257, 'ADJUSTMENT', 'INITIAL_LOAD', NULL, '2025-01-05 13:24:00', 3),
  (266, 34, 3, 40, 'ADJUSTMENT', 'INITIAL_LOAD', NULL, '2025-01-05 13:25:00', 6),
  (267, 34, 4, 31, 'ADJUSTMENT', 'INITIAL_LOAD', NULL, '2025-01-05 13:26:00', 15),
  (268, 34, 5, 62, 'ADJUSTMENT', 'INITIAL_LOAD', NULL, '2025-01-05 13:27:00', 8),
  (269, 34, 6, 72, 'ADJUSTMENT', 'INITIAL_LOAD', NULL, '2025-01-05 13:28:00', 9),
  (270, 34, 7, 71, 'ADJUSTMENT', 'INITIAL_LOAD', NULL, '2025-01-05 13:29:00', 8),
  (271, 34, 8, 37, 'ADJUSTMENT', 'INITIAL_LOAD', NULL, '2025-01-05 13:30:00', 13),
  (272, 35, 1, 142, 'ADJUSTMENT', 'INITIAL_LOAD', NULL, '2025-01-05 13:31:00', 2),
  (273, 35, 2, 55, 'ADJUSTMENT', 'INITIAL_LOAD', NULL, '2025-01-05 13:32:00', 3),
  (274, 35, 3, 31, 'ADJUSTMENT', 'INITIAL_LOAD', NULL, '2025-01-05 13:33:00', 13),
  (275, 35, 4, 58, 'ADJUSTMENT', 'INITIAL_LOAD', NULL, '2025-01-05 13:34:00', 10),
  (276, 35, 5, 10, 'ADJUSTMENT', 'INITIAL_LOAD', NULL, '2025-01-05 13:35:00', 11),
  (277, 35, 6, 59, 'ADJUSTMENT', 'INITIAL_LOAD', NULL, '2025-01-05 13:36:00', 8),
  (278, 35, 7, 43, 'ADJUSTMENT', 'INITIAL_LOAD', NULL, '2025-01-05 13:37:00', 15),
  (279, 35, 8, 110, 'ADJUSTMENT', 'INITIAL_LOAD', NULL, '2025-01-05 13:38:00', 15),
  (280, 36, 1, 240, 'ADJUSTMENT', 'INITIAL_LOAD', NULL, '2025-01-05 13:39:00', 2),
  (281, 36, 2, 156, 'ADJUSTMENT', 'INITIAL_LOAD', NULL, '2025-01-05 13:40:00', 3),
  (282, 36, 3, 46, 'ADJUSTMENT', 'INITIAL_LOAD', NULL, '2025-01-05 13:41:00', 10),
  (283, 36, 4, 64, 'ADJUSTMENT', 'INITIAL_LOAD', NULL, '2025-01-05 13:42:00', 7),
  (284, 36, 5, 99, 'ADJUSTMENT', 'INITIAL_LOAD', NULL, '2025-01-05 13:43:00', 15),
  (285, 36, 6, 103, 'ADJUSTMENT', 'INITIAL_LOAD', NULL, '2025-01-05 13:44:00', 6),
  (286, 36, 7, 110, 'ADJUSTMENT', 'INITIAL_LOAD', NULL, '2025-01-05 13:45:00', 10),
  (287, 36, 8, 81, 'ADJUSTMENT', 'INITIAL_LOAD', NULL, '2025-01-05 13:46:00', 15),
  (288, 37, 1, 209, 'ADJUSTMENT', 'INITIAL_LOAD', NULL, '2025-01-05 13:47:00', 5),
  (289, 37, 2, 223, 'ADJUSTMENT', 'INITIAL_LOAD', NULL, '2025-01-05 13:48:00', 5),
  (290, 37, 3, 72, 'ADJUSTMENT', 'INITIAL_LOAD', NULL, '2025-01-05 13:49:00', 9),
  (291, 37, 4, 29, 'ADJUSTMENT', 'INITIAL_LOAD', NULL, '2025-01-05 13:50:00', 7),
  (292, 37, 5, 34, 'ADJUSTMENT', 'INITIAL_LOAD', NULL, '2025-01-05 13:51:00', 15),
  (293, 37, 6, 47, 'ADJUSTMENT', 'INITIAL_LOAD', NULL, '2025-01-05 13:52:00', 16),
  (294, 37, 7, 37, 'ADJUSTMENT', 'INITIAL_LOAD', NULL, '2025-01-05 13:53:00', 9),
  (295, 37, 8, 17, 'ADJUSTMENT', 'INITIAL_LOAD', NULL, '2025-01-05 13:54:00', 7),
  (296, 38, 1, 188, 'ADJUSTMENT', 'INITIAL_LOAD', NULL, '2025-01-05 13:55:00', 4),
  (297, 38, 2, 228, 'ADJUSTMENT', 'INITIAL_LOAD', NULL, '2025-01-05 13:56:00', 2),
  (298, 38, 3, 34, 'ADJUSTMENT', 'INITIAL_LOAD', NULL, '2025-01-05 13:57:00', 15),
  (299, 38, 4, 3, 'ADJUSTMENT', 'INITIAL_LOAD', NULL, '2025-01-05 13:58:00', 6),
  (300, 38, 5, 47, 'ADJUSTMENT', 'INITIAL_LOAD', NULL, '2025-01-05 13:59:00', 11),
  (301, 38, 6, 20, 'ADJUSTMENT', 'INITIAL_LOAD', NULL, '2025-01-05 14:00:00', 14),
  (302, 38, 7, 3, 'ADJUSTMENT', 'INITIAL_LOAD', NULL, '2025-01-05 14:01:00', 12),
  (303, 38, 8, 3, 'ADJUSTMENT', 'INITIAL_LOAD', NULL, '2025-01-05 14:02:00', 16),
  (304, 39, 1, 189, 'ADJUSTMENT', 'INITIAL_LOAD', NULL, '2025-01-05 14:03:00', 4),
  (305, 39, 2, 162, 'ADJUSTMENT', 'INITIAL_LOAD', NULL, '2025-01-05 14:04:00', 2),
  (306, 39, 3, 32, 'ADJUSTMENT', 'INITIAL_LOAD', NULL, '2025-01-05 14:05:00', 14),
  (307, 39, 4, 58, 'ADJUSTMENT', 'INITIAL_LOAD', NULL, '2025-01-05 14:06:00', 16),
  (308, 39, 5, 54, 'ADJUSTMENT', 'INITIAL_LOAD', NULL, '2025-01-05 14:07:00', 11),
  (309, 39, 6, 33, 'ADJUSTMENT', 'INITIAL_LOAD', NULL, '2025-01-05 14:08:00', 6),
  (310, 39, 7, 10, 'ADJUSTMENT', 'INITIAL_LOAD', NULL, '2025-01-05 14:09:00', 12),
  (311, 39, 8, 3, 'ADJUSTMENT', 'INITIAL_LOAD', NULL, '2025-01-05 14:10:00', 13),
  (312, 40, 1, 170, 'ADJUSTMENT', 'INITIAL_LOAD', NULL, '2025-01-05 14:11:00', 2),
  (313, 40, 2, 60, 'ADJUSTMENT', 'INITIAL_LOAD', NULL, '2025-01-05 14:12:00', 5),
  (314, 40, 3, 54, 'ADJUSTMENT', 'INITIAL_LOAD', NULL, '2025-01-05 14:13:00', 11),
  (315, 40, 4, 11, 'ADJUSTMENT', 'INITIAL_LOAD', NULL, '2025-01-05 14:14:00', 16),
  (316, 40, 5, 4, 'ADJUSTMENT', 'INITIAL_LOAD', NULL, '2025-01-05 14:15:00', 13),
  (317, 40, 6, 38, 'ADJUSTMENT', 'INITIAL_LOAD', NULL, '2025-01-05 14:16:00', 8),
  (318, 40, 7, 4, 'ADJUSTMENT', 'INITIAL_LOAD', NULL, '2025-01-05 14:17:00', 12),
  (319, 40, 8, 43, 'ADJUSTMENT', 'INITIAL_LOAD', NULL, '2025-01-05 14:18:00', 8),
  (320, 41, 1, 260, 'ADJUSTMENT', 'INITIAL_LOAD', NULL, '2025-01-05 14:19:00', 4),
  (321, 41, 2, 100, 'ADJUSTMENT', 'INITIAL_LOAD', NULL, '2025-01-05 14:20:00', 5),
  (322, 41, 3, 25, 'ADJUSTMENT', 'INITIAL_LOAD', NULL, '2025-01-05 14:21:00', 13),
  (323, 41, 4, 7, 'ADJUSTMENT', 'INITIAL_LOAD', NULL, '2025-01-05 14:22:00', 12),
  (324, 41, 5, 60, 'ADJUSTMENT', 'INITIAL_LOAD', NULL, '2025-01-05 14:23:00', 15),
  (325, 41, 6, 56, 'ADJUSTMENT', 'INITIAL_LOAD', NULL, '2025-01-05 14:24:00', 10),
  (326, 41, 7, 36, 'ADJUSTMENT', 'INITIAL_LOAD', NULL, '2025-01-05 14:25:00', 11),
  (327, 41, 8, 15, 'ADJUSTMENT', 'INITIAL_LOAD', NULL, '2025-01-05 14:26:00', 9),
  (328, 42, 1, 188, 'ADJUSTMENT', 'INITIAL_LOAD', NULL, '2025-01-05 14:27:00', 2),
  (329, 42, 2, 192, 'ADJUSTMENT', 'INITIAL_LOAD', NULL, '2025-01-05 14:28:00', 4),
  (330, 42, 3, 2, 'ADJUSTMENT', 'INITIAL_LOAD', NULL, '2025-01-05 14:29:00', 13),
  (331, 42, 4, 39, 'ADJUSTMENT', 'INITIAL_LOAD', NULL, '2025-01-05 14:30:00', 9),
  (332, 42, 5, 5, 'ADJUSTMENT', 'INITIAL_LOAD', NULL, '2025-01-05 14:31:00', 13),
  (333, 42, 6, 26, 'ADJUSTMENT', 'INITIAL_LOAD', NULL, '2025-01-05 14:32:00', 15),
  (334, 42, 7, 42, 'ADJUSTMENT', 'INITIAL_LOAD', NULL, '2025-01-05 14:33:00', 15),
  (335, 42, 8, 37, 'ADJUSTMENT', 'INITIAL_LOAD', NULL, '2025-01-05 14:34:00', 16),
  (336, 43, 1, 184, 'ADJUSTMENT', 'INITIAL_LOAD', NULL, '2025-01-05 14:35:00', 5),
  (337, 43, 2, 173, 'ADJUSTMENT', 'INITIAL_LOAD', NULL, '2025-01-05 14:36:00', 4),
  (338, 43, 3, 20, 'ADJUSTMENT', 'INITIAL_LOAD', NULL, '2025-01-05 14:37:00', 6),
  (339, 43, 4, 59, 'ADJUSTMENT', 'INITIAL_LOAD', NULL, '2025-01-05 14:38:00', 13),
  (340, 43, 5, 16, 'ADJUSTMENT', 'INITIAL_LOAD', NULL, '2025-01-05 14:39:00', 11),
  (341, 43, 6, 13, 'ADJUSTMENT', 'INITIAL_LOAD', NULL, '2025-01-05 14:40:00', 8),
  (342, 43, 7, 42, 'ADJUSTMENT', 'INITIAL_LOAD', NULL, '2025-01-05 14:41:00', 13),
  (343, 43, 8, 45, 'ADJUSTMENT', 'INITIAL_LOAD', NULL, '2025-01-05 14:42:00', 9),
  (344, 44, 1, 120, 'ADJUSTMENT', 'INITIAL_LOAD', NULL, '2025-01-05 14:43:00', 4),
  (345, 44, 2, 101, 'ADJUSTMENT', 'INITIAL_LOAD', NULL, '2025-01-05 14:44:00', 4),
  (346, 44, 3, 16, 'ADJUSTMENT', 'INITIAL_LOAD', NULL, '2025-01-05 14:45:00', 11),
  (347, 44, 4, 25, 'ADJUSTMENT', 'INITIAL_LOAD', NULL, '2025-01-05 14:46:00', 10),
  (348, 44, 5, 8, 'ADJUSTMENT', 'INITIAL_LOAD', NULL, '2025-01-05 14:47:00', 15),
  (349, 44, 6, 42, 'ADJUSTMENT', 'INITIAL_LOAD', NULL, '2025-01-05 14:48:00', 10),
  (350, 44, 7, 41, 'ADJUSTMENT', 'INITIAL_LOAD', NULL, '2025-01-05 14:49:00', 14),
  (351, 44, 8, 19, 'ADJUSTMENT', 'INITIAL_LOAD', NULL, '2025-01-05 14:50:00', 6),
  (352, 45, 1, 157, 'ADJUSTMENT', 'INITIAL_LOAD', NULL, '2025-01-05 14:51:00', 3),
  (353, 45, 2, 120, 'ADJUSTMENT', 'INITIAL_LOAD', NULL, '2025-01-05 14:52:00', 2),
  (354, 45, 3, 59, 'ADJUSTMENT', 'INITIAL_LOAD', NULL, '2025-01-05 14:53:00', 9),
  (355, 45, 4, 48, 'ADJUSTMENT', 'INITIAL_LOAD', NULL, '2025-01-05 14:54:00', 12),
  (356, 45, 5, 59, 'ADJUSTMENT', 'INITIAL_LOAD', NULL, '2025-01-05 14:55:00', 13),
  (357, 45, 6, 4, 'ADJUSTMENT', 'INITIAL_LOAD', NULL, '2025-01-05 14:56:00', 14),
  (358, 45, 8, 29, 'ADJUSTMENT', 'INITIAL_LOAD', NULL, '2025-01-05 14:57:00', 9),
  (359, 46, 1, 199, 'ADJUSTMENT', 'INITIAL_LOAD', NULL, '2025-01-05 14:58:00', 5),
  (360, 46, 2, 184, 'ADJUSTMENT', 'INITIAL_LOAD', NULL, '2025-01-05 14:59:00', 5),
  (361, 46, 3, 6, 'ADJUSTMENT', 'INITIAL_LOAD', NULL, '2025-01-05 15:00:00', 13),
  (362, 46, 4, 4, 'ADJUSTMENT', 'INITIAL_LOAD', NULL, '2025-01-05 15:01:00', 6),
  (363, 46, 5, 34, 'ADJUSTMENT', 'INITIAL_LOAD', NULL, '2025-01-05 15:02:00', 7),
  (364, 46, 6, 13, 'ADJUSTMENT', 'INITIAL_LOAD', NULL, '2025-01-05 15:03:00', 10),
  (365, 46, 7, 32, 'ADJUSTMENT', 'INITIAL_LOAD', NULL, '2025-01-05 15:04:00', 9),
  (366, 46, 8, 16, 'ADJUSTMENT', 'INITIAL_LOAD', NULL, '2025-01-05 15:05:00', 12),
  (367, 47, 1, 73, 'ADJUSTMENT', 'INITIAL_LOAD', NULL, '2025-01-05 15:06:00', 3),
  (368, 47, 2, 129, 'ADJUSTMENT', 'INITIAL_LOAD', NULL, '2025-01-05 15:07:00', 4),
  (369, 47, 3, 56, 'ADJUSTMENT', 'INITIAL_LOAD', NULL, '2025-01-05 15:08:00', 16),
  (370, 47, 4, 4, 'ADJUSTMENT', 'INITIAL_LOAD', NULL, '2025-01-05 15:09:00', 15),
  (371, 47, 5, 56, 'ADJUSTMENT', 'INITIAL_LOAD', NULL, '2025-01-05 15:10:00', 11),
  (372, 47, 6, 15, 'ADJUSTMENT', 'INITIAL_LOAD', NULL, '2025-01-05 15:11:00', 13),
  (373, 47, 7, 23, 'ADJUSTMENT', 'INITIAL_LOAD', NULL, '2025-01-05 15:12:00', 14),
  (374, 47, 8, 18, 'ADJUSTMENT', 'INITIAL_LOAD', NULL, '2025-01-05 15:13:00', 14),
  (375, 48, 1, 80, 'ADJUSTMENT', 'INITIAL_LOAD', NULL, '2025-01-05 15:14:00', 4),
  (376, 48, 2, 152, 'ADJUSTMENT', 'INITIAL_LOAD', NULL, '2025-01-05 15:15:00', 5),
  (377, 48, 3, 53, 'ADJUSTMENT', 'INITIAL_LOAD', NULL, '2025-01-05 15:16:00', 14),
  (378, 48, 4, 34, 'ADJUSTMENT', 'INITIAL_LOAD', NULL, '2025-01-05 15:17:00', 11),
  (379, 48, 5, 45, 'ADJUSTMENT', 'INITIAL_LOAD', NULL, '2025-01-05 15:18:00', 11),
  (380, 48, 6, 19, 'ADJUSTMENT', 'INITIAL_LOAD', NULL, '2025-01-05 15:19:00', 13),
  (381, 48, 7, 39, 'ADJUSTMENT', 'INITIAL_LOAD', NULL, '2025-01-05 15:20:00', 10),
  (382, 48, 8, 51, 'ADJUSTMENT', 'INITIAL_LOAD', NULL, '2025-01-05 15:21:00', 10),
  (383, 49, 1, 207, 'ADJUSTMENT', 'INITIAL_LOAD', NULL, '2025-01-05 15:22:00', 4),
  (384, 49, 2, 175, 'ADJUSTMENT', 'INITIAL_LOAD', NULL, '2025-01-05 15:23:00', 3),
  (385, 49, 4, 42, 'ADJUSTMENT', 'INITIAL_LOAD', NULL, '2025-01-05 15:24:00', 7),
  (386, 49, 5, 52, 'ADJUSTMENT', 'INITIAL_LOAD', NULL, '2025-01-05 15:25:00', 9),
  (387, 49, 6, 35, 'ADJUSTMENT', 'INITIAL_LOAD', NULL, '2025-01-05 15:26:00', 11),
  (388, 49, 7, 19, 'ADJUSTMENT', 'INITIAL_LOAD', NULL, '2025-01-05 15:27:00', 7),
  (389, 49, 8, 59, 'ADJUSTMENT', 'INITIAL_LOAD', NULL, '2025-01-05 15:28:00', 14),
  (390, 50, 1, 209, 'ADJUSTMENT', 'INITIAL_LOAD', NULL, '2025-01-05 15:29:00', 3),
  (391, 50, 2, 66, 'ADJUSTMENT', 'INITIAL_LOAD', NULL, '2025-01-05 15:30:00', 3),
  (392, 50, 3, 60, 'ADJUSTMENT', 'INITIAL_LOAD', NULL, '2025-01-05 15:31:00', 9),
  (393, 50, 4, 56, 'ADJUSTMENT', 'INITIAL_LOAD', NULL, '2025-01-05 15:32:00', 13),
  (394, 50, 5, 8, 'ADJUSTMENT', 'INITIAL_LOAD', NULL, '2025-01-05 15:33:00', 10),
  (395, 50, 6, 16, 'ADJUSTMENT', 'INITIAL_LOAD', NULL, '2025-01-05 15:34:00', 15),
  (396, 50, 7, 7, 'ADJUSTMENT', 'INITIAL_LOAD', NULL, '2025-01-05 15:35:00', 14),
  (397, 50, 8, 56, 'ADJUSTMENT', 'INITIAL_LOAD', NULL, '2025-01-05 15:36:00', 15),
  (398, 51, 1, 67, 'ADJUSTMENT', 'INITIAL_LOAD', NULL, '2025-01-05 15:37:00', 4),
  (399, 51, 2, 230, 'ADJUSTMENT', 'INITIAL_LOAD', NULL, '2025-01-05 15:38:00', 2),
  (400, 51, 3, 35, 'ADJUSTMENT', 'INITIAL_LOAD', NULL, '2025-01-05 15:39:00', 9),
  (401, 51, 4, 9, 'ADJUSTMENT', 'INITIAL_LOAD', NULL, '2025-01-05 15:40:00', 10),
  (402, 51, 5, 17, 'ADJUSTMENT', 'INITIAL_LOAD', NULL, '2025-01-05 15:41:00', 9),
  (403, 51, 6, 18, 'ADJUSTMENT', 'INITIAL_LOAD', NULL, '2025-01-05 15:42:00', 11),
  (404, 51, 7, 38, 'ADJUSTMENT', 'INITIAL_LOAD', NULL, '2025-01-05 15:43:00', 8),
  (405, 51, 8, 13, 'ADJUSTMENT', 'INITIAL_LOAD', NULL, '2025-01-05 15:44:00', 10),
  (406, 52, 1, 223, 'ADJUSTMENT', 'INITIAL_LOAD', NULL, '2025-01-05 15:45:00', 2),
  (407, 52, 2, 127, 'ADJUSTMENT', 'INITIAL_LOAD', NULL, '2025-01-05 15:46:00', 3),
  (408, 52, 3, 13, 'ADJUSTMENT', 'INITIAL_LOAD', NULL, '2025-01-05 15:47:00', 10),
  (409, 52, 4, 43, 'ADJUSTMENT', 'INITIAL_LOAD', NULL, '2025-01-05 15:48:00', 6),
  (410, 52, 5, 40, 'ADJUSTMENT', 'INITIAL_LOAD', NULL, '2025-01-05 15:49:00', 6),
  (411, 52, 6, 54, 'ADJUSTMENT', 'INITIAL_LOAD', NULL, '2025-01-05 15:50:00', 14),
  (412, 52, 7, 16, 'ADJUSTMENT', 'INITIAL_LOAD', NULL, '2025-01-05 15:51:00', 10),
  (413, 52, 8, 32, 'ADJUSTMENT', 'INITIAL_LOAD', NULL, '2025-01-05 15:52:00', 8),
  (414, 53, 1, 165, 'ADJUSTMENT', 'INITIAL_LOAD', NULL, '2025-01-05 15:53:00', 5),
  (415, 53, 2, 104, 'ADJUSTMENT', 'INITIAL_LOAD', NULL, '2025-01-05 15:54:00', 2),
  (416, 53, 3, 57, 'ADJUSTMENT', 'INITIAL_LOAD', NULL, '2025-01-05 15:55:00', 6),
  (417, 53, 4, 58, 'ADJUSTMENT', 'INITIAL_LOAD', NULL, '2025-01-05 15:56:00', 15),
  (418, 53, 5, 54, 'ADJUSTMENT', 'INITIAL_LOAD', NULL, '2025-01-05 15:57:00', 10),
  (419, 53, 6, 3, 'ADJUSTMENT', 'INITIAL_LOAD', NULL, '2025-01-05 15:58:00', 13),
  (420, 53, 7, 5, 'ADJUSTMENT', 'INITIAL_LOAD', NULL, '2025-01-05 15:59:00', 13),
  (421, 53, 8, 40, 'ADJUSTMENT', 'INITIAL_LOAD', NULL, '2025-01-05 16:00:00', 13),
  (422, 54, 1, 148, 'ADJUSTMENT', 'INITIAL_LOAD', NULL, '2025-01-05 16:01:00', 4),
  (423, 54, 2, 252, 'ADJUSTMENT', 'INITIAL_LOAD', NULL, '2025-01-05 16:02:00', 3),
  (424, 54, 3, 17, 'ADJUSTMENT', 'INITIAL_LOAD', NULL, '2025-01-05 16:03:00', 6),
  (425, 54, 4, 2, 'ADJUSTMENT', 'INITIAL_LOAD', NULL, '2025-01-05 16:04:00', 10),
  (426, 54, 6, 21, 'ADJUSTMENT', 'INITIAL_LOAD', NULL, '2025-01-05 16:05:00', 13),
  (427, 54, 7, 49, 'ADJUSTMENT', 'INITIAL_LOAD', NULL, '2025-01-05 16:06:00', 7),
  (428, 54, 8, 8, 'ADJUSTMENT', 'INITIAL_LOAD', NULL, '2025-01-05 16:07:00', 7),
  (429, 55, 1, 203, 'ADJUSTMENT', 'INITIAL_LOAD', NULL, '2025-01-05 16:08:00', 5),
  (430, 55, 2, 107, 'ADJUSTMENT', 'INITIAL_LOAD', NULL, '2025-01-05 16:09:00', 5),
  (431, 55, 3, 10, 'ADJUSTMENT', 'INITIAL_LOAD', NULL, '2025-01-05 16:10:00', 7),
  (432, 55, 4, 47, 'ADJUSTMENT', 'INITIAL_LOAD', NULL, '2025-01-05 16:11:00', 15),
  (433, 55, 5, 28, 'ADJUSTMENT', 'INITIAL_LOAD', NULL, '2025-01-05 16:12:00', 16),
  (434, 55, 6, 35, 'ADJUSTMENT', 'INITIAL_LOAD', NULL, '2025-01-05 16:13:00', 16),
  (435, 55, 7, 45, 'ADJUSTMENT', 'INITIAL_LOAD', NULL, '2025-01-05 16:14:00', 6),
  (436, 55, 8, 27, 'ADJUSTMENT', 'INITIAL_LOAD', NULL, '2025-01-05 16:15:00', 8),
  (437, 56, 1, 183, 'ADJUSTMENT', 'INITIAL_LOAD', NULL, '2025-01-05 16:16:00', 3),
  (438, 56, 2, 42, 'ADJUSTMENT', 'INITIAL_LOAD', NULL, '2025-01-05 16:17:00', 4),
  (439, 56, 3, 7, 'ADJUSTMENT', 'INITIAL_LOAD', NULL, '2025-01-05 16:18:00', 7),
  (440, 56, 4, 4, 'ADJUSTMENT', 'INITIAL_LOAD', NULL, '2025-01-05 16:19:00', 9),
  (441, 56, 5, 60, 'ADJUSTMENT', 'INITIAL_LOAD', NULL, '2025-01-05 16:20:00', 7),
  (442, 56, 6, 56, 'ADJUSTMENT', 'INITIAL_LOAD', NULL, '2025-01-05 16:21:00', 14),
  (443, 56, 7, 44, 'ADJUSTMENT', 'INITIAL_LOAD', NULL, '2025-01-05 16:22:00', 12),
  (444, 56, 8, 57, 'ADJUSTMENT', 'INITIAL_LOAD', NULL, '2025-01-05 16:23:00', 15),
  (445, 57, 1, 78, 'ADJUSTMENT', 'INITIAL_LOAD', NULL, '2025-01-05 16:24:00', 3),
  (446, 57, 2, 179, 'ADJUSTMENT', 'INITIAL_LOAD', NULL, '2025-01-05 16:25:00', 5),
  (447, 57, 3, 2, 'ADJUSTMENT', 'INITIAL_LOAD', NULL, '2025-01-05 16:26:00', 13),
  (448, 57, 4, 53, 'ADJUSTMENT', 'INITIAL_LOAD', NULL, '2025-01-05 16:27:00', 13),
  (449, 57, 5, 23, 'ADJUSTMENT', 'INITIAL_LOAD', NULL, '2025-01-05 16:28:00', 10),
  (450, 57, 6, 37, 'ADJUSTMENT', 'INITIAL_LOAD', NULL, '2025-01-05 16:29:00', 15),
  (451, 57, 7, 35, 'ADJUSTMENT', 'INITIAL_LOAD', NULL, '2025-01-05 16:30:00', 12),
  (452, 57, 8, 9, 'ADJUSTMENT', 'INITIAL_LOAD', NULL, '2025-01-05 16:31:00', 10),
  (453, 59, 1, 150, 'ADJUSTMENT', 'INITIAL_LOAD', NULL, '2025-01-05 16:32:00', 2),
  (454, 59, 2, 72, 'ADJUSTMENT', 'INITIAL_LOAD', NULL, '2025-01-05 16:33:00', 2),
  (455, 59, 3, 2, 'ADJUSTMENT', 'INITIAL_LOAD', NULL, '2025-01-05 16:34:00', 9),
  (456, 59, 4, 19, 'ADJUSTMENT', 'INITIAL_LOAD', NULL, '2025-01-05 16:35:00', 16),
  (457, 59, 5, 23, 'ADJUSTMENT', 'INITIAL_LOAD', NULL, '2025-01-05 16:36:00', 9),
  (458, 59, 6, 57, 'ADJUSTMENT', 'INITIAL_LOAD', NULL, '2025-01-05 16:37:00', 10),
  (459, 59, 7, 59, 'ADJUSTMENT', 'INITIAL_LOAD', NULL, '2025-01-05 16:38:00', 16),
  (460, 59, 8, 50, 'ADJUSTMENT', 'INITIAL_LOAD', NULL, '2025-01-05 16:39:00', 7),
  (461, 53, 2, 46, 'PURCHASE_RECEIPT', 'PURCHASE_ORDER', 4, '2025-10-23 10:29:00', 5),
  (462, 49, 2, 56, 'PURCHASE_RECEIPT', 'PURCHASE_ORDER', 4, '2025-10-23 13:41:00', 5),
  (463, 36, 2, 10, 'PURCHASE_RECEIPT', 'PURCHASE_ORDER', 4, '2025-10-23 12:48:00', 5),
  (464, 3, 2, 64, 'PURCHASE_RECEIPT', 'PURCHASE_ORDER', 4, '2025-10-23 11:45:00', 5),
  (465, 30, 2, 142, 'PURCHASE_RECEIPT', 'PURCHASE_ORDER', 4, '2025-10-23 11:32:00', 5),
  (466, 6, 2, 68, 'PURCHASE_RECEIPT', 'PURCHASE_ORDER', 4, '2025-10-23 12:40:00', 5),
  (467, 46, 1, 23, 'PURCHASE_RECEIPT', 'PURCHASE_ORDER', 6, '2025-11-04 11:38:00', 3),
  (468, 18, 1, 70, 'PURCHASE_RECEIPT', 'PURCHASE_ORDER', 6, '2025-11-04 13:11:00', 3),
  (469, 27, 1, 27, 'PURCHASE_RECEIPT', 'PURCHASE_ORDER', 6, '2025-11-04 11:10:00', 3),
  (470, 54, 1, 58, 'PURCHASE_RECEIPT', 'PURCHASE_ORDER', 6, '2025-11-04 11:27:00', 3),
  (471, 31, 1, 139, 'PURCHASE_RECEIPT', 'PURCHASE_ORDER', 6, '2025-11-04 11:08:00', 3),
  (472, 55, 1, 41, 'PURCHASE_RECEIPT', 'PURCHASE_ORDER', 6, '2025-11-04 13:05:00', 3),
  (473, 16, 1, 80, 'PURCHASE_RECEIPT', 'PURCHASE_ORDER', 6, '2025-11-04 12:28:00', 3),
  (474, 36, 2, 45, 'PURCHASE_RECEIPT', 'PURCHASE_ORDER', 7, '2025-10-02 11:01:00', 3),
  (475, 49, 2, 24, 'PURCHASE_RECEIPT', 'PURCHASE_ORDER', 7, '2025-10-02 11:45:00', 3),
  (476, 35, 2, 85, 'PURCHASE_RECEIPT', 'PURCHASE_ORDER', 7, '2025-10-02 13:27:00', 3),
  (477, 25, 2, 26, 'PURCHASE_RECEIPT', 'PURCHASE_ORDER', 7, '2025-10-02 10:09:00', 3),
  (478, 30, 2, 69, 'PURCHASE_RECEIPT', 'PURCHASE_ORDER', 7, '2025-10-02 13:43:00', 3),
  (479, 3, 1, 50, 'PURCHASE_RECEIPT', 'PURCHASE_ORDER', 9, '2025-09-25 11:35:00', 2),
  (480, 21, 1, 72, 'PURCHASE_RECEIPT', 'PURCHASE_ORDER', 9, '2025-09-25 12:15:00', 2),
  (481, 51, 1, 28, 'PURCHASE_RECEIPT', 'PURCHASE_ORDER', 9, '2025-09-25 10:43:00', 2),
  (482, 15, 1, 6, 'PURCHASE_RECEIPT', 'PURCHASE_ORDER', 10, '2025-06-18 13:50:00', 5),
  (483, 30, 1, 83, 'PURCHASE_RECEIPT', 'PURCHASE_ORDER', 10, '2025-06-18 12:53:00', 5),
  (484, 41, 1, 14, 'PURCHASE_RECEIPT', 'PURCHASE_ORDER', 10, '2025-06-18 11:53:00', 5),
  (485, 17, 1, 80, 'PURCHASE_RECEIPT', 'PURCHASE_ORDER', 10, '2025-06-18 11:16:00', 5),
  (486, 18, 1, 25, 'PURCHASE_RECEIPT', 'PURCHASE_ORDER', 16, '2025-04-12 10:25:00', 5),
  (487, 3, 1, 29, 'PURCHASE_RECEIPT', 'PURCHASE_ORDER', 16, '2025-04-12 12:45:00', 5),
  (488, 45, 1, 24, 'PURCHASE_RECEIPT', 'PURCHASE_ORDER', 16, '2025-04-12 10:31:00', 5),
  (489, 24, 1, 43, 'PURCHASE_RECEIPT', 'PURCHASE_ORDER', 16, '2025-04-12 10:54:00', 5),
  (490, 14, 1, 2, 'PURCHASE_RECEIPT', 'PURCHASE_ORDER', 16, '2025-04-12 11:25:00', 5),
  (491, 29, 1, 29, 'PURCHASE_RECEIPT', 'PURCHASE_ORDER', 16, '2025-04-12 10:52:00', 5),
  (492, 1, 1, 19, 'PURCHASE_RECEIPT', 'PURCHASE_ORDER', 17, '2025-06-12 12:49:00', 3),
  (493, 18, 1, 21, 'PURCHASE_RECEIPT', 'PURCHASE_ORDER', 17, '2025-06-12 10:03:00', 3),
  (494, 55, 1, 35, 'PURCHASE_RECEIPT', 'PURCHASE_ORDER', 17, '2025-06-12 12:30:00', 3),
  (495, 10, 1, 27, 'PURCHASE_RECEIPT', 'PURCHASE_ORDER', 17, '2025-06-12 11:07:00', 3),
  (496, 9, 1, 58, 'PURCHASE_RECEIPT', 'PURCHASE_ORDER', 17, '2025-06-12 12:14:00', 3),
  (497, 35, 1, 26, 'PURCHASE_RECEIPT', 'PURCHASE_ORDER', 17, '2025-06-12 12:01:00', 3),
  (498, 17, 1, 51, 'PURCHASE_RECEIPT', 'PURCHASE_ORDER', 17, '2025-06-12 12:11:00', 3),
  (499, 47, 1, 43, 'PURCHASE_RECEIPT', 'PURCHASE_ORDER', 18, '2025-10-26 11:57:00', 5),
  (500, 51, 1, 8, 'PURCHASE_RECEIPT', 'PURCHASE_ORDER', 18, '2025-10-26 10:15:00', 5);

INSERT INTO stock_movement (movement_id, product_id, location_id, quantity, movement_type, related_document_type, related_document_id, movement_date, created_by) VALUES
  (501, 56, 1, 56, 'PURCHASE_RECEIPT', 'PURCHASE_ORDER', 18, '2025-10-26 11:49:00', 5),
  (502, 39, 1, 79, 'PURCHASE_RECEIPT', 'PURCHASE_ORDER', 19, '2025-09-24 12:20:00', 5),
  (503, 10, 1, 53, 'PURCHASE_RECEIPT', 'PURCHASE_ORDER', 19, '2025-09-24 12:32:00', 5),
  (504, 5, 1, 63, 'PURCHASE_RECEIPT', 'PURCHASE_ORDER', 19, '2025-09-24 12:09:00', 5),
  (505, 9, 1, 17, 'PURCHASE_RECEIPT', 'PURCHASE_ORDER', 19, '2025-09-24 13:23:00', 5),
  (506, 18, 1, 75, 'PURCHASE_RECEIPT', 'PURCHASE_ORDER', 19, '2025-09-24 13:04:00', 5),
  (507, 49, 1, 43, 'PURCHASE_RECEIPT', 'PURCHASE_ORDER', 21, '2025-04-17 10:39:00', 4),
  (508, 28, 1, 48, 'PURCHASE_RECEIPT', 'PURCHASE_ORDER', 21, '2025-04-17 11:29:00', 4),
  (509, 56, 1, 18, 'PURCHASE_RECEIPT', 'PURCHASE_ORDER', 21, '2025-04-17 11:11:00', 4),
  (510, 47, 1, 42, 'PURCHASE_RECEIPT', 'PURCHASE_ORDER', 21, '2025-04-17 13:16:00', 4),
  (511, 4, 1, 23, 'PURCHASE_RECEIPT', 'PURCHASE_ORDER', 21, '2025-04-17 13:57:00', 4),
  (512, 19, 1, 12, 'PURCHASE_RECEIPT', 'PURCHASE_ORDER', 21, '2025-04-17 11:09:00', 4),
  (513, 39, 1, 33, 'PURCHASE_RECEIPT', 'PURCHASE_ORDER', 21, '2025-04-17 11:29:00', 4),
  (514, 20, 1, 13, 'PURCHASE_RECEIPT', 'PURCHASE_ORDER', 21, '2025-04-17 11:42:00', 4),
  (515, 27, 1, 92, 'PURCHASE_RECEIPT', 'PURCHASE_ORDER', 22, '2025-04-06 13:46:00', 2),
  (516, 30, 1, 33, 'PURCHASE_RECEIPT', 'PURCHASE_ORDER', 22, '2025-04-06 10:12:00', 2),
  (517, 22, 1, 41, 'PURCHASE_RECEIPT', 'PURCHASE_ORDER', 22, '2025-04-06 11:48:00', 2),
  (518, 11, 1, 30, 'PURCHASE_RECEIPT', 'PURCHASE_ORDER', 22, '2025-04-06 10:55:00', 2),
  (519, 24, 1, 18, 'PURCHASE_RECEIPT', 'PURCHASE_ORDER', 22, '2025-04-06 10:28:00', 2),
  (520, 20, 1, 43, 'PURCHASE_RECEIPT', 'PURCHASE_ORDER', 22, '2025-04-06 12:50:00', 2),
  (521, 28, 1, 90, 'PURCHASE_RECEIPT', 'PURCHASE_ORDER', 24, '2025-03-22 12:27:00', 4),
  (522, 2, 1, 56, 'PURCHASE_RECEIPT', 'PURCHASE_ORDER', 24, '2025-03-22 13:01:00', 4),
  (523, 30, 1, 84, 'PURCHASE_RECEIPT', 'PURCHASE_ORDER', 24, '2025-03-22 10:29:00', 4),
  (524, 54, 1, 80, 'PURCHASE_RECEIPT', 'PURCHASE_ORDER', 25, '2025-05-18 11:42:00', 4),
  (525, 45, 1, 55, 'PURCHASE_RECEIPT', 'PURCHASE_ORDER', 25, '2025-05-18 13:42:00', 4),
  (526, 24, 1, 96, 'PURCHASE_RECEIPT', 'PURCHASE_ORDER', 25, '2025-05-18 10:56:00', 4),
  (527, 6, 1, 26, 'PURCHASE_RECEIPT', 'PURCHASE_ORDER', 25, '2025-05-18 10:19:00', 4),
  (528, 28, 1, 39, 'PURCHASE_RECEIPT', 'PURCHASE_ORDER', 25, '2025-05-18 12:15:00', 4),
  (529, 7, 1, 49, 'PURCHASE_RECEIPT', 'PURCHASE_ORDER', 25, '2025-05-18 11:29:00', 4),
  (530, 13, 8, -2, 'SALES_ISSUE', 'SALES_ORDER', 1, '2025-05-15 16:40:00', 16),
  (531, 12, 8, -8, 'SALES_ISSUE', 'SALES_ORDER', 1, '2025-05-15 16:24:00', 16),
  (532, 39, 8, -8, 'SALES_ISSUE', 'SALES_ORDER', 1, '2025-05-15 16:44:00', 16),
  (533, 10, 8, -6, 'SALES_ISSUE', 'SALES_ORDER', 1, '2025-05-15 14:38:00', 16),
  (534, 38, 6, -2, 'SALES_ISSUE', 'SALES_ORDER', 2, '2025-10-27 15:58:00', 7),
  (535, 4, 6, -8, 'SALES_ISSUE', 'SALES_ORDER', 2, '2025-10-27 14:14:00', 7),
  (536, 23, 6, -12, 'SALES_ISSUE', 'SALES_ORDER', 2, '2025-10-27 14:19:00', 7),
  (537, 33, 6, -21, 'SALES_ISSUE', 'SALES_ORDER', 2, '2025-10-27 16:37:00', 7),
  (538, 29, 7, -19, 'SALES_ISSUE', 'SALES_ORDER', 3, '2025-09-13 15:22:00', 14),
  (539, 52, 7, -8, 'SALES_ISSUE', 'SALES_ORDER', 3, '2025-09-13 14:38:00', 14),
  (540, 33, 3, -6, 'SALES_ISSUE', 'SALES_ORDER', 4, '2025-04-22 15:03:00', 13),
  (541, 42, 3, -8, 'SALES_ISSUE', 'SALES_ORDER', 4, '2025-04-22 16:14:00', 13),
  (542, 25, 7, -22, 'SALES_ISSUE', 'SALES_ORDER', 5, '2025-05-21 14:13:00', 15),
  (543, 27, 7, -21, 'SALES_ISSUE', 'SALES_ORDER', 5, '2025-05-21 14:16:00', 15),
  (544, 50, 7, -6, 'SALES_ISSUE', 'SALES_ORDER', 5, '2025-05-21 16:22:00', 15),
  (545, 22, 7, -22, 'SALES_ISSUE', 'SALES_ORDER', 5, '2025-05-21 15:12:00', 15),
  (546, 23, 5, -23, 'SALES_ISSUE', 'SALES_ORDER', 6, '2025-05-16 14:33:00', 16),
  (547, 20, 5, -2, 'SALES_ISSUE', 'SALES_ORDER', 6, '2025-05-16 16:23:00', 16),
  (548, 42, 5, -7, 'SALES_ISSUE', 'SALES_ORDER', 6, '2025-05-16 14:32:00', 16),
  (549, 33, 8, -7, 'SALES_ISSUE', 'SALES_ORDER', 7, '2025-11-25 16:04:00', 16),
  (550, 24, 8, -7, 'SALES_ISSUE', 'SALES_ORDER', 7, '2025-11-25 14:35:00', 16),
  (551, 2, 8, -3, 'SALES_ISSUE', 'SALES_ORDER', 7, '2025-11-25 15:15:00', 16),
  (552, 20, 8, -2, 'SALES_ISSUE', 'SALES_ORDER', 7, '2025-11-25 16:18:00', 16),
  (553, 12, 8, -1, 'SALES_ISSUE', 'SALES_ORDER', 7, '2025-11-25 16:38:00', 16),
  (554, 52, 4, -6, 'SALES_ISSUE', 'SALES_ORDER', 8, '2025-09-09 15:53:00', 15),
  (555, 11, 4, -5, 'SALES_ISSUE', 'SALES_ORDER', 8, '2025-09-09 14:59:00', 15),
  (556, 47, 4, -4, 'SALES_ISSUE', 'SALES_ORDER', 8, '2025-09-09 16:00:00', 15),
  (557, 29, 4, -7, 'SALES_ISSUE', 'SALES_ORDER', 8, '2025-09-09 16:53:00', 15),
  (558, 3, 4, -8, 'SALES_ISSUE', 'SALES_ORDER', 8, '2025-09-09 15:12:00', 15),
  (559, 27, 4, -25, 'SALES_ISSUE', 'SALES_ORDER', 8, '2025-09-09 16:08:00', 15),
  (560, 54, 3, -4, 'SALES_ISSUE', 'SALES_ORDER', 10, '2025-07-18 15:29:00', 8),
  (561, 28, 3, -1, 'SALES_ISSUE', 'SALES_ORDER', 10, '2025-07-18 14:13:00', 8),
  (562, 6, 3, -7, 'SALES_ISSUE', 'SALES_ORDER', 10, '2025-07-18 15:35:00', 8),
  (563, 7, 4, -6, 'SALES_ISSUE', 'SALES_ORDER', 11, '2025-04-11 14:35:00', 12),
  (564, 54, 4, -1, 'SALES_ISSUE', 'SALES_ORDER', 11, '2025-04-11 16:00:00', 12),
  (565, 46, 4, -3, 'SALES_ISSUE', 'SALES_ORDER', 11, '2025-04-11 15:54:00', 12),
  (566, 42, 4, -1, 'SALES_ISSUE', 'SALES_ORDER', 11, '2025-04-11 14:04:00', 12),
  (567, 34, 5, -10, 'SALES_ISSUE', 'SALES_ORDER', 12, '2025-05-16 14:12:00', 9),
  (568, 28, 5, -8, 'SALES_ISSUE', 'SALES_ORDER', 12, '2025-05-16 16:43:00', 9),
  (569, 8, 5, -8, 'SALES_ISSUE', 'SALES_ORDER', 12, '2025-05-16 14:28:00', 9),
  (570, 50, 5, -8, 'SALES_ISSUE', 'SALES_ORDER', 12, '2025-05-16 16:17:00', 9),
  (571, 19, 5, -1, 'SALES_ISSUE', 'SALES_ORDER', 12, '2025-05-16 16:27:00', 9),
  (572, 16, 5, -4, 'SALES_ISSUE', 'SALES_ORDER', 12, '2025-05-16 15:14:00', 9),
  (573, 43, 6, -6, 'SALES_ISSUE', 'SALES_ORDER', 13, '2025-08-28 16:14:00', 6),
  (574, 6, 6, -1, 'SALES_ISSUE', 'SALES_ORDER', 13, '2025-08-28 16:00:00', 6),
  (575, 34, 6, -2, 'SALES_ISSUE', 'SALES_ORDER', 13, '2025-08-28 15:35:00', 6),
  (576, 50, 5, -6, 'SALES_ISSUE', 'SALES_ORDER', 14, '2025-08-30 14:11:00', 6),
  (577, 38, 5, -6, 'SALES_ISSUE', 'SALES_ORDER', 14, '2025-08-30 15:26:00', 6),
  (578, 5, 8, -8, 'SALES_ISSUE', 'SALES_ORDER', 15, '2025-10-24 15:15:00', 8),
  (579, 46, 8, -4, 'SALES_ISSUE', 'SALES_ORDER', 15, '2025-10-24 14:51:00', 8),
  (580, 50, 8, -1, 'SALES_ISSUE', 'SALES_ORDER', 15, '2025-10-24 15:19:00', 8),
  (581, 19, 7, -1, 'SALES_ISSUE', 'SALES_ORDER', 16, '2025-12-04 15:09:00', 12),
  (582, 23, 7, -4, 'SALES_ISSUE', 'SALES_ORDER', 16, '2025-12-04 15:51:00', 12),
  (583, 56, 7, -7, 'SALES_ISSUE', 'SALES_ORDER', 16, '2025-12-04 15:38:00', 12),
  (584, 18, 5, -7, 'SALES_ISSUE', 'SALES_ORDER', 17, '2025-11-10 14:46:00', 8),
  (585, 52, 5, -5, 'SALES_ISSUE', 'SALES_ORDER', 17, '2025-11-10 14:26:00', 8),
  (586, 6, 5, -2, 'SALES_ISSUE', 'SALES_ORDER', 17, '2025-11-10 16:49:00', 8),
  (587, 47, 5, -5, 'SALES_ISSUE', 'SALES_ORDER', 17, '2025-11-10 15:54:00', 8),
  (588, 28, 5, -20, 'SALES_ISSUE', 'SALES_ORDER', 17, '2025-11-10 14:42:00', 8),
  (589, 56, 5, -8, 'SALES_ISSUE', 'SALES_ORDER', 17, '2025-11-10 15:54:00', 8),
  (590, 5, 3, -7, 'SALES_ISSUE', 'SALES_ORDER', 18, '2025-10-09 16:11:00', 11),
  (591, 43, 3, -3, 'SALES_ISSUE', 'SALES_ORDER', 18, '2025-10-09 14:36:00', 11),
  (592, 50, 7, -6, 'SALES_ISSUE', 'SALES_ORDER', 19, '2025-10-11 16:25:00', 16),
  (593, 42, 7, -1, 'SALES_ISSUE', 'SALES_ORDER', 19, '2025-10-11 14:39:00', 16),
  (594, 24, 7, -22, 'SALES_ISSUE', 'SALES_ORDER', 19, '2025-10-11 15:34:00', 16),
  (595, 21, 5, -1, 'SALES_ISSUE', 'SALES_ORDER', 20, '2025-04-09 16:07:00', 13),
  (596, 42, 5, -7, 'SALES_ISSUE', 'SALES_ORDER', 20, '2025-04-09 14:30:00', 13),
  (597, 18, 5, -5, 'SALES_ISSUE', 'SALES_ORDER', 20, '2025-04-09 17:00:00', 13),
  (598, 16, 5, -8, 'SALES_ISSUE', 'SALES_ORDER', 20, '2025-04-09 16:36:00', 13),
  (599, 8, 5, -5, 'SALES_ISSUE', 'SALES_ORDER', 20, '2025-04-09 14:51:00', 13),
  (600, 6, 3, -6, 'SALES_ISSUE', 'SALES_ORDER', 21, '2025-04-07 16:20:00', 8),
  (601, 52, 3, -5, 'SALES_ISSUE', 'SALES_ORDER', 21, '2025-04-07 14:40:00', 8),
  (602, 44, 3, -3, 'SALES_ISSUE', 'SALES_ORDER', 21, '2025-04-07 16:10:00', 8),
  (603, 55, 3, -4, 'SALES_ISSUE', 'SALES_ORDER', 21, '2025-04-07 14:51:00', 8),
  (604, 21, 3, -5, 'SALES_ISSUE', 'SALES_ORDER', 21, '2025-04-07 16:06:00', 8),
  (605, 9, 3, -8, 'SALES_ISSUE', 'SALES_ORDER', 22, '2025-12-09 15:45:00', 11),
  (606, 40, 3, -7, 'SALES_ISSUE', 'SALES_ORDER', 22, '2025-12-09 14:18:00', 11),
  (607, 6, 3, -3, 'SALES_ISSUE', 'SALES_ORDER', 22, '2025-12-09 16:44:00', 11),
  (608, 5, 3, -2, 'SALES_ISSUE', 'SALES_ORDER', 22, '2025-12-09 15:59:00', 11),
  (609, 20, 3, -6, 'SALES_ISSUE', 'SALES_ORDER', 22, '2025-12-09 16:21:00', 11),
  (610, 26, 3, -21, 'SALES_ISSUE', 'SALES_ORDER', 22, '2025-12-09 14:46:00', 11),
  (611, 22, 8, -3, 'SALES_ISSUE', 'SALES_ORDER', 24, '2025-05-18 16:44:00', 8),
  (612, 54, 8, -5, 'SALES_ISSUE', 'SALES_ORDER', 24, '2025-05-18 16:26:00', 8),
  (613, 37, 8, -14, 'SALES_ISSUE', 'SALES_ORDER', 24, '2025-05-18 16:43:00', 8),
  (614, 3, 8, -1, 'SALES_ISSUE', 'SALES_ORDER', 24, '2025-05-18 16:40:00', 8),
  (615, 53, 8, -5, 'SALES_ISSUE', 'SALES_ORDER', 24, '2025-05-18 16:03:00', 8),
  (616, 2, 8, -4, 'SALES_ISSUE', 'SALES_ORDER', 24, '2025-05-18 15:16:00', 8),
  (617, 30, 6, -11, 'SALES_ISSUE', 'SALES_ORDER', 25, '2025-03-31 15:28:00', 7),
  (618, 14, 6, -7, 'SALES_ISSUE', 'SALES_ORDER', 25, '2025-03-31 15:34:00', 7),
  (619, 22, 6, -17, 'SALES_ISSUE', 'SALES_ORDER', 25, '2025-03-31 14:27:00', 7),
  (620, 39, 6, -6, 'SALES_ISSUE', 'SALES_ORDER', 25, '2025-03-31 15:59:00', 7),
  (621, 10, 6, -2, 'SALES_ISSUE', 'SALES_ORDER', 25, '2025-03-31 15:55:00', 7),
  (622, 56, 4, -3, 'SALES_ISSUE', 'SALES_ORDER', 26, '2025-04-19 16:27:00', 8),
  (623, 40, 4, -6, 'SALES_ISSUE', 'SALES_ORDER', 26, '2025-04-19 14:40:00', 8),
  (624, 27, 4, -16, 'SALES_ISSUE', 'SALES_ORDER', 26, '2025-04-19 15:59:00', 8),
  (625, 16, 4, -8, 'SALES_ISSUE', 'SALES_ORDER', 26, '2025-04-19 16:07:00', 8),
  (626, 59, 4, -1, 'SALES_ISSUE', 'SALES_ORDER', 26, '2025-04-19 15:40:00', 8),
  (627, 4, 7, -8, 'SALES_ISSUE', 'SALES_ORDER', 27, '2025-07-02 16:47:00', 13),
  (628, 19, 7, -8, 'SALES_ISSUE', 'SALES_ORDER', 27, '2025-07-02 16:17:00', 13),
  (629, 44, 6, -6, 'SALES_ISSUE', 'SALES_ORDER', 29, '2025-10-17 16:22:00', 14),
  (630, 40, 6, -6, 'SALES_ISSUE', 'SALES_ORDER', 29, '2025-10-17 14:50:00', 14),
  (631, 8, 6, -7, 'SALES_ISSUE', 'SALES_ORDER', 29, '2025-10-17 14:10:00', 14),
  (632, 9, 6, -1, 'SALES_ISSUE', 'SALES_ORDER', 29, '2025-10-17 14:35:00', 14),
  (633, 7, 6, -6, 'SALES_ISSUE', 'SALES_ORDER', 29, '2025-10-17 16:12:00', 14),
  (634, 26, 6, -15, 'SALES_ISSUE', 'SALES_ORDER', 29, '2025-10-17 16:35:00', 14),
  (635, 48, 7, -8, 'SALES_ISSUE', 'SALES_ORDER', 30, '2025-08-15 15:16:00', 8),
  (636, 54, 7, -8, 'SALES_ISSUE', 'SALES_ORDER', 30, '2025-08-15 15:34:00', 8),
  (637, 20, 7, -6, 'SALES_ISSUE', 'SALES_ORDER', 30, '2025-08-15 15:46:00', 8),
  (638, 38, 7, -5, 'SALES_ISSUE', 'SALES_ORDER', 30, '2025-08-15 16:32:00', 8),
  (639, 22, 7, -16, 'SALES_ISSUE', 'SALES_ORDER', 30, '2025-08-15 16:47:00', 8),
  (640, 33, 7, -25, 'SALES_ISSUE', 'SALES_ORDER', 30, '2025-08-15 16:27:00', 8),
  (641, 50, 4, -4, 'SALES_ISSUE', 'SALES_ORDER', 31, '2025-11-01 16:26:00', 6),
  (642, 54, 4, -2, 'SALES_ISSUE', 'SALES_ORDER', 31, '2025-11-01 14:04:00', 6),
  (643, 25, 4, -15, 'SALES_ISSUE', 'SALES_ORDER', 31, '2025-11-01 15:47:00', 6),
  (644, 10, 4, -3, 'SALES_ISSUE', 'SALES_ORDER', 31, '2025-11-01 16:56:00', 6),
  (645, 53, 4, -4, 'SALES_ISSUE', 'SALES_ORDER', 31, '2025-11-01 16:08:00', 6),
  (646, 44, 4, -8, 'SALES_ISSUE', 'SALES_ORDER', 31, '2025-11-01 17:00:00', 6),
  (647, 34, 4, -18, 'SALES_ISSUE', 'SALES_ORDER', 32, '2025-06-15 16:19:00', 14),
  (648, 25, 4, -12, 'SALES_ISSUE', 'SALES_ORDER', 32, '2025-06-15 16:36:00', 14),
  (649, 21, 4, -16, 'SALES_ISSUE', 'SALES_ORDER', 32, '2025-06-15 15:03:00', 14),
  (650, 12, 4, -5, 'SALES_ISSUE', 'SALES_ORDER', 32, '2025-06-15 15:16:00', 14),
  (651, 30, 4, -8, 'SALES_ISSUE', 'SALES_ORDER', 32, '2025-06-15 15:13:00', 14),
  (652, 51, 8, -7, 'SALES_ISSUE', 'SALES_ORDER', 33, '2025-11-06 15:28:00', 9),
  (653, 47, 8, -3, 'SALES_ISSUE', 'SALES_ORDER', 33, '2025-11-06 14:10:00', 9),
  (654, 18, 8, -5, 'SALES_ISSUE', 'SALES_ORDER', 33, '2025-11-06 15:28:00', 9),
  (655, 19, 8, -8, 'SALES_ISSUE', 'SALES_ORDER', 33, '2025-11-06 16:02:00', 9),
  (656, 8, 8, -4, 'SALES_ISSUE', 'SALES_ORDER', 33, '2025-11-06 16:17:00', 9),
  (657, 37, 8, -9, 'SALES_ISSUE', 'SALES_ORDER', 33, '2025-11-06 16:58:00', 9),
  (658, 15, 5, -6, 'SALES_ISSUE', 'SALES_ORDER', 34, '2025-04-25 14:25:00', 8),
  (659, 41, 5, -3, 'SALES_ISSUE', 'SALES_ORDER', 34, '2025-04-25 16:20:00', 8),
  (660, 59, 5, -3, 'SALES_ISSUE', 'SALES_ORDER', 34, '2025-04-25 16:47:00', 8),
  (661, 4, 5, -8, 'SALES_ISSUE', 'SALES_ORDER', 34, '2025-04-25 16:46:00', 8),
  (662, 7, 5, -4, 'SALES_ISSUE', 'SALES_ORDER', 34, '2025-04-25 15:22:00', 8),
  (663, 27, 5, -10, 'SALES_ISSUE', 'SALES_ORDER', 34, '2025-04-25 14:22:00', 8),
  (664, 12, 1, -21, 'TRANSFER_OUT', 'TRANSFER', 1, '2025-10-24 11:54:00', 4),
  (665, 12, 8, 21, 'TRANSFER_IN', 'TRANSFER', 1, '2025-10-24 12:06:00', 4),
  (666, 19, 8, -32, 'TRANSFER_OUT', 'TRANSFER', 2, '2025-09-28 13:19:00', 14),
  (667, 19, 2, 32, 'TRANSFER_IN', 'TRANSFER', 2, '2025-09-28 13:27:00', 14),
  (668, 52, 6, -10, 'TRANSFER_OUT', 'TRANSFER', 3, '2025-11-13 13:11:00', 13),
  (669, 52, 2, 10, 'TRANSFER_IN', 'TRANSFER', 3, '2025-11-13 13:18:00', 13),
  (670, 1, 5, -24, 'TRANSFER_OUT', 'TRANSFER', 4, '2025-07-20 12:29:00', 16),
  (671, 1, 8, 24, 'TRANSFER_IN', 'TRANSFER', 4, '2025-07-20 12:43:00', 16),
  (672, 53, 6, -30, 'TRANSFER_OUT', 'TRANSFER', 5, '2025-11-19 11:48:00', 12),
  (673, 53, 1, 30, 'TRANSFER_IN', 'TRANSFER', 5, '2025-11-19 11:55:00', 12),
  (674, 9, 6, -33, 'TRANSFER_OUT', 'TRANSFER', 6, '2025-08-06 14:16:00', 6),
  (675, 9, 2, 33, 'TRANSFER_IN', 'TRANSFER', 6, '2025-08-06 14:25:00', 6),
  (676, 29, 6, -20, 'TRANSFER_OUT', 'TRANSFER', 7, '2025-12-03 15:53:00', 15),
  (677, 29, 3, 20, 'TRANSFER_IN', 'TRANSFER', 7, '2025-12-03 15:55:00', 15),
  (678, 17, 4, -26, 'TRANSFER_OUT', 'TRANSFER', 8, '2025-07-01 14:58:00', 16),
  (679, 17, 1, 26, 'TRANSFER_IN', 'TRANSFER', 8, '2025-07-01 15:09:00', 16),
  (680, 11, 5, -28, 'TRANSFER_OUT', 'TRANSFER', 9, '2025-11-11 13:31:00', 7),
  (681, 11, 6, 28, 'TRANSFER_IN', 'TRANSFER', 9, '2025-11-11 13:44:00', 7),
  (682, 40, 4, -17, 'TRANSFER_OUT', 'TRANSFER', 10, '2025-07-10 14:52:00', 13),
  (683, 40, 2, 17, 'TRANSFER_IN', 'TRANSFER', 10, '2025-07-10 15:05:00', 13),
  (684, 27, 8, -38, 'TRANSFER_OUT', 'TRANSFER', 11, '2025-11-18 12:51:00', 14),
  (685, 27, 7, 38, 'TRANSFER_IN', 'TRANSFER', 11, '2025-11-18 13:00:00', 14),
  (686, 44, 8, -8, 'TRANSFER_OUT', 'TRANSFER', 12, '2025-06-20 15:48:00', 11),
  (687, 44, 5, 8, 'TRANSFER_IN', 'TRANSFER', 12, '2025-06-20 15:53:00', 11),
  (688, 4, 4, -38, 'TRANSFER_OUT', 'TRANSFER', 13, '2025-07-09 12:24:00', 14),
  (689, 4, 5, 38, 'TRANSFER_IN', 'TRANSFER', 13, '2025-07-09 12:36:00', 14),
  (690, 55, 8, -36, 'TRANSFER_OUT', 'TRANSFER', 14, '2025-07-23 15:58:00', 16),
  (691, 55, 1, 36, 'TRANSFER_IN', 'TRANSFER', 14, '2025-07-23 16:15:00', 16),
  (692, 6, 8, -35, 'TRANSFER_OUT', 'TRANSFER', 15, '2025-09-25 12:07:00', 6),
  (693, 6, 7, 35, 'TRANSFER_IN', 'TRANSFER', 15, '2025-09-25 12:25:00', 6),
  (694, 27, 1, -32, 'TRANSFER_OUT', 'TRANSFER', 16, '2025-11-20 13:37:00', 5),
  (695, 27, 5, 32, 'TRANSFER_IN', 'TRANSFER', 16, '2025-11-20 13:39:00', 5),
  (696, 26, 1, -19, 'TRANSFER_OUT', 'TRANSFER', 17, '2025-10-27 11:37:00', 3),
  (697, 26, 6, 19, 'TRANSFER_IN', 'TRANSFER', 17, '2025-10-27 11:40:00', 3),
  (698, 28, 2, -25, 'TRANSFER_OUT', 'TRANSFER', 18, '2025-06-18 15:01:00', 2),
  (699, 28, 5, 25, 'TRANSFER_IN', 'TRANSFER', 18, '2025-06-18 15:04:00', 2),
  (700, 19, 3, -29, 'TRANSFER_OUT', 'TRANSFER', 19, '2025-11-12 14:35:00', 8),
  (701, 19, 7, 29, 'TRANSFER_IN', 'TRANSFER', 19, '2025-11-12 14:48:00', 8),
  (702, 59, 8, -27, 'TRANSFER_OUT', 'TRANSFER', 20, '2025-09-05 11:41:00', 12),
  (703, 59, 7, 27, 'TRANSFER_IN', 'TRANSFER', 20, '2025-09-05 12:00:00', 12),
  (704, 9, 2, -25, 'TRANSFER_OUT', 'TRANSFER', 21, '2025-10-14 12:05:00', 5),
  (705, 9, 8, 25, 'TRANSFER_IN', 'TRANSFER', 21, '2025-10-14 12:14:00', 5),
  (706, 54, 1, -3, 'TRANSFER_OUT', 'TRANSFER', 22, '2025-11-20 15:38:00', 5),
  (707, 54, 3, 3, 'TRANSFER_IN', 'TRANSFER', 22, '2025-11-20 15:53:00', 5),
  (708, 35, 4, -27, 'TRANSFER_OUT', 'TRANSFER', 23, '2025-08-28 12:19:00', 13),
  (709, 35, 2, 27, 'TRANSFER_IN', 'TRANSFER', 23, '2025-08-28 12:29:00', 13),
  (710, 13, 1, -10, 'TRANSFER_OUT', 'TRANSFER', 24, '2025-11-05 11:08:00', 5),
  (711, 13, 7, 10, 'TRANSFER_IN', 'TRANSFER', 24, '2025-11-05 11:17:00', 5),
  (712, 14, 2, -7, 'TRANSFER_OUT', 'TRANSFER', 25, '2025-09-23 11:24:00', 2),
  (713, 14, 5, 7, 'TRANSFER_IN', 'TRANSFER', 25, '2025-09-23 11:33:00', 2),
  (714, 48, 7, -5, 'TRANSFER_OUT', 'TRANSFER', 26, '2025-10-17 12:51:00', 9),
  (715, 48, 4, 5, 'TRANSFER_IN', 'TRANSFER', 26, '2025-10-17 12:54:00', 9),
  (716, 9, 5, -35, 'TRANSFER_OUT', 'TRANSFER', 27, '2025-08-21 15:55:00', 15),
  (717, 9, 2, 35, 'TRANSFER_IN', 'TRANSFER', 27, '2025-08-21 16:07:00', 15),
  (718, 16, 3, -22, 'TRANSFER_OUT', 'TRANSFER', 28, '2025-07-27 14:31:00', 14),
  (719, 16, 6, 22, 'TRANSFER_IN', 'TRANSFER', 28, '2025-07-27 14:42:00', 14),
  (720, 18, 3, -6, 'TRANSFER_OUT', 'TRANSFER', 29, '2025-09-18 15:44:00', 16),
  (721, 18, 6, 6, 'TRANSFER_IN', 'TRANSFER', 29, '2025-09-18 16:01:00', 16),
  (722, 4, 7, -25, 'TRANSFER_OUT', 'TRANSFER', 30, '2025-08-21 14:33:00', 14),
  (723, 4, 8, 25, 'TRANSFER_IN', 'TRANSFER', 30, '2025-08-21 14:48:00', 14),
  (724, 10, 7, -22, 'TRANSFER_OUT', 'TRANSFER', 31, '2025-09-30 13:03:00', 14),
  (725, 10, 2, 22, 'TRANSFER_IN', 'TRANSFER', 31, '2025-09-30 13:12:00', 14),
  (726, 20, 8, -12, 'TRANSFER_OUT', 'TRANSFER', 32, '2025-09-14 14:33:00', 14),
  (727, 20, 1, 12, 'TRANSFER_IN', 'TRANSFER', 32, '2025-09-14 14:52:00', 14),
  (728, 34, 7, -11, 'TRANSFER_OUT', 'TRANSFER', 33, '2025-07-23 13:49:00', 10),
  (729, 34, 2, 11, 'TRANSFER_IN', 'TRANSFER', 33, '2025-07-23 13:53:00', 10),
  (730, 29, 2, -26, 'TRANSFER_OUT', 'TRANSFER', 34, '2025-06-14 13:17:00', 3),
  (731, 29, 5, 26, 'TRANSFER_IN', 'TRANSFER', 34, '2025-06-14 13:31:00', 3),
  (732, 44, 2, -5, 'TRANSFER_OUT', 'TRANSFER', 35, '2025-10-01 12:46:00', 3),
  (733, 44, 8, 5, 'TRANSFER_IN', 'TRANSFER', 35, '2025-10-01 12:58:00', 3),
  (734, 20, 4, -3, 'TRANSFER_OUT', 'TRANSFER', 36, '2025-12-09 15:05:00', 7),
  (735, 20, 2, 3, 'TRANSFER_IN', 'TRANSFER', 36, '2025-12-09 15:14:00', 7),
  (736, 45, 7, -16, 'TRANSFER_OUT', 'TRANSFER', 37, '2025-08-22 13:24:00', 14),
  (737, 45, 2, 16, 'TRANSFER_IN', 'TRANSFER', 37, '2025-08-22 13:38:00', 14),
  (738, 30, 6, -37, 'TRANSFER_OUT', 'TRANSFER', 38, '2025-09-01 15:22:00', 10),
  (739, 30, 3, 37, 'TRANSFER_IN', 'TRANSFER', 38, '2025-09-01 15:39:00', 10),
  (740, 30, 8, -9, 'TRANSFER_OUT', 'TRANSFER', 39, '2025-07-23 14:09:00', 11),
  (741, 30, 7, 9, 'TRANSFER_IN', 'TRANSFER', 39, '2025-07-23 14:21:00', 11),
  (742, 27, 4, -5, 'TRANSFER_OUT', 'TRANSFER', 40, '2025-06-05 13:13:00', 8),
  (743, 27, 6, 5, 'TRANSFER_IN', 'TRANSFER', 40, '2025-06-05 13:32:00', 8);

-- =========================
-- Audit Log
-- =========================
INSERT INTO audit_log (log_id, user_id, action_type, entity_name, entity_id, description) VALUES
  (1, 3, 'CREATE', 'PurchaseOrder', 1, 'Created purchase order PO-00001 for supplier #3'),
  (2, 3, 'UPDATE', 'PurchaseOrder', 1, 'Updated PO-00001 status to APPROVED'),
  (3, 4, 'CREATE', 'PurchaseOrder', 2, 'Created purchase order PO-00002 for supplier #4'),
  (4, 4, 'CREATE', 'PurchaseOrder', 3, 'Created purchase order PO-00003 for supplier #7'),
  (5, 4, 'UPDATE', 'PurchaseOrder', 3, 'Updated PO-00003 status to APPROVED'),
  (6, 5, 'CREATE', 'PurchaseOrder', 4, 'Created purchase order PO-00004 for supplier #3'),
  (7, 5, 'UPDATE', 'PurchaseOrder', 4, 'Updated PO-00004 status to CLOSED'),
  (8, 3, 'CREATE', 'PurchaseOrder', 5, 'Created purchase order PO-00005 for supplier #8'),
  (9, 3, 'CREATE', 'PurchaseOrder', 6, 'Created purchase order PO-00006 for supplier #8'),
  (10, 3, 'UPDATE', 'PurchaseOrder', 6, 'Updated PO-00006 status to CLOSED'),
  (11, 3, 'CREATE', 'PurchaseOrder', 7, 'Created purchase order PO-00007 for supplier #11'),
  (12, 3, 'UPDATE', 'PurchaseOrder', 7, 'Updated PO-00007 status to PARTIALLY_RECEIVED'),
  (13, 5, 'CREATE', 'PurchaseOrder', 8, 'Created purchase order PO-00008 for supplier #8'),
  (14, 2, 'CREATE', 'PurchaseOrder', 9, 'Created purchase order PO-00009 for supplier #7'),
  (15, 2, 'UPDATE', 'PurchaseOrder', 9, 'Updated PO-00009 status to CLOSED'),
  (16, 5, 'CREATE', 'PurchaseOrder', 10, 'Created purchase order PO-00010 for supplier #3'),
  (17, 5, 'UPDATE', 'PurchaseOrder', 10, 'Updated PO-00010 status to CLOSED'),
  (18, 4, 'CREATE', 'PurchaseOrder', 11, 'Created purchase order PO-00011 for supplier #11'),
  (19, 4, 'UPDATE', 'PurchaseOrder', 11, 'Updated PO-00011 status to APPROVED'),
  (20, 4, 'CREATE', 'PurchaseOrder', 12, 'Created purchase order PO-00012 for supplier #5'),
  (21, 4, 'UPDATE', 'PurchaseOrder', 12, 'Updated PO-00012 status to APPROVED'),
  (22, 5, 'CREATE', 'PurchaseOrder', 13, 'Created purchase order PO-00013 for supplier #5'),
  (23, 2, 'CREATE', 'PurchaseOrder', 14, 'Created purchase order PO-00014 for supplier #9'),
  (24, 2, 'UPDATE', 'PurchaseOrder', 14, 'Updated PO-00014 status to APPROVED'),
  (25, 4, 'CREATE', 'PurchaseOrder', 15, 'Created purchase order PO-00015 for supplier #8'),
  (26, 5, 'CREATE', 'PurchaseOrder', 16, 'Created purchase order PO-00016 for supplier #7'),
  (27, 5, 'UPDATE', 'PurchaseOrder', 16, 'Updated PO-00016 status to PARTIALLY_RECEIVED'),
  (28, 3, 'CREATE', 'PurchaseOrder', 17, 'Created purchase order PO-00017 for supplier #2'),
  (29, 3, 'UPDATE', 'PurchaseOrder', 17, 'Updated PO-00017 status to CLOSED'),
  (30, 5, 'CREATE', 'PurchaseOrder', 18, 'Created purchase order PO-00018 for supplier #10'),
  (31, 5, 'UPDATE', 'PurchaseOrder', 18, 'Updated PO-00018 status to CLOSED'),
  (32, 5, 'CREATE', 'PurchaseOrder', 19, 'Created purchase order PO-00019 for supplier #11'),
  (33, 5, 'UPDATE', 'PurchaseOrder', 19, 'Updated PO-00019 status to CLOSED'),
  (34, 5, 'CREATE', 'PurchaseOrder', 20, 'Created purchase order PO-00020 for supplier #4'),
  (35, 5, 'UPDATE', 'PurchaseOrder', 20, 'Updated PO-00020 status to APPROVED'),
  (36, 4, 'CREATE', 'PurchaseOrder', 21, 'Created purchase order PO-00021 for supplier #3'),
  (37, 4, 'UPDATE', 'PurchaseOrder', 21, 'Updated PO-00021 status to PARTIALLY_RECEIVED'),
  (38, 2, 'CREATE', 'PurchaseOrder', 22, 'Created purchase order PO-00022 for supplier #2'),
  (39, 2, 'UPDATE', 'PurchaseOrder', 22, 'Updated PO-00022 status to PARTIALLY_RECEIVED'),
  (40, 3, 'CREATE', 'PurchaseOrder', 23, 'Created purchase order PO-00023 for supplier #5'),
  (41, 4, 'CREATE', 'PurchaseOrder', 24, 'Created purchase order PO-00024 for supplier #9'),
  (42, 4, 'UPDATE', 'PurchaseOrder', 24, 'Updated PO-00024 status to CLOSED'),
  (43, 4, 'CREATE', 'PurchaseOrder', 25, 'Created purchase order PO-00025 for supplier #7'),
  (44, 4, 'UPDATE', 'PurchaseOrder', 25, 'Updated PO-00025 status to CLOSED'),
  (45, 16, 'CREATE', 'SalesOrder', 1, 'Created sales order SO-00001 for "Guest Customer"'),
  (46, 16, 'UPDATE', 'SalesOrder', 1, 'Updated SO-00001 status to CONFIRMED'),
  (47, 7, 'CREATE', 'SalesOrder', 2, 'Created sales order SO-00002 for "Event Team"'),
  (48, 7, 'UPDATE', 'SalesOrder', 2, 'Updated SO-00002 status to CONFIRMED'),
  (49, 14, 'CREATE', 'SalesOrder', 3, 'Created sales order SO-00003 for "Event Team"'),
  (50, 14, 'UPDATE', 'SalesOrder', 3, 'Updated SO-00003 status to CONFIRMED'),
  (51, 13, 'CREATE', 'SalesOrder', 4, 'Created sales order SO-00004 for "Library"'),
  (52, 13, 'UPDATE', 'SalesOrder', 4, 'Updated SO-00004 status to REFUNDED'),
  (53, 15, 'CREATE', 'SalesOrder', 5, 'Created sales order SO-00005 for "Library"'),
  (54, 15, 'UPDATE', 'SalesOrder', 5, 'Updated SO-00005 status to CONFIRMED'),
  (55, 16, 'CREATE', 'SalesOrder', 6, 'Created sales order SO-00006 for "Library"'),
  (56, 16, 'UPDATE', 'SalesOrder', 6, 'Updated SO-00006 status to CONFIRMED'),
  (57, 16, 'CREATE', 'SalesOrder', 7, 'Created sales order SO-00007 for "CECS Office"'),
  (58, 16, 'UPDATE', 'SalesOrder', 7, 'Updated SO-00007 status to CONFIRMED'),
  (59, 15, 'CREATE', 'SalesOrder', 8, 'Created sales order SO-00008 for "Student Services"'),
  (60, 15, 'UPDATE', 'SalesOrder', 8, 'Updated SO-00008 status to CONFIRMED'),
  (61, 12, 'CREATE', 'SalesOrder', 9, 'Created sales order SO-00009 for "Guest Customer"'),
  (62, 12, 'UPDATE', 'SalesOrder', 9, 'Updated SO-00009 status to CANCELLED'),
  (63, 8, 'CREATE', 'SalesOrder', 10, 'Created sales order SO-00010 for "Event Team"'),
  (64, 8, 'UPDATE', 'SalesOrder', 10, 'Updated SO-00010 status to REFUNDED'),
  (65, 12, 'CREATE', 'SalesOrder', 11, 'Created sales order SO-00011 for "Library"'),
  (66, 12, 'UPDATE', 'SalesOrder', 11, 'Updated SO-00011 status to CONFIRMED'),
  (67, 9, 'CREATE', 'SalesOrder', 12, 'Created sales order SO-00012 for "External Customer"'),
  (68, 9, 'UPDATE', 'SalesOrder', 12, 'Updated SO-00012 status to REFUNDED'),
  (69, 6, 'CREATE', 'SalesOrder', 13, 'Created sales order SO-00013 for "Guest Customer"'),
  (70, 6, 'UPDATE', 'SalesOrder', 13, 'Updated SO-00013 status to CONFIRMED'),
  (71, 6, 'CREATE', 'SalesOrder', 14, 'Created sales order SO-00014 for "CECS Office"'),
  (72, 6, 'UPDATE', 'SalesOrder', 14, 'Updated SO-00014 status to CONFIRMED'),
  (73, 8, 'CREATE', 'SalesOrder', 15, 'Created sales order SO-00015 for "Event Team"'),
  (74, 8, 'UPDATE', 'SalesOrder', 15, 'Updated SO-00015 status to CONFIRMED'),
  (75, 12, 'CREATE', 'SalesOrder', 16, 'Created sales order SO-00016 for "Event Team"'),
  (76, 12, 'UPDATE', 'SalesOrder', 16, 'Updated SO-00016 status to CONFIRMED'),
  (77, 8, 'CREATE', 'SalesOrder', 17, 'Created sales order SO-00017 for "Event Team"'),
  (78, 8, 'UPDATE', 'SalesOrder', 17, 'Updated SO-00017 status to CONFIRMED'),
  (79, 11, 'CREATE', 'SalesOrder', 18, 'Created sales order SO-00018 for "Cafeteria"'),
  (80, 11, 'UPDATE', 'SalesOrder', 18, 'Updated SO-00018 status to CONFIRMED'),
  (81, 16, 'CREATE', 'SalesOrder', 19, 'Created sales order SO-00019 for "VinUni Campus Store"'),
  (82, 16, 'UPDATE', 'SalesOrder', 19, 'Updated SO-00019 status to CONFIRMED'),
  (83, 13, 'CREATE', 'SalesOrder', 20, 'Created sales order SO-00020 for "Student Services"'),
  (84, 13, 'UPDATE', 'SalesOrder', 20, 'Updated SO-00020 status to CONFIRMED'),
  (85, 8, 'CREATE', 'SalesOrder', 21, 'Created sales order SO-00021 for "Event Team"'),
  (86, 8, 'UPDATE', 'SalesOrder', 21, 'Updated SO-00021 status to CONFIRMED'),
  (87, 11, 'CREATE', 'SalesOrder', 22, 'Created sales order SO-00022 for "Library"'),
  (88, 11, 'UPDATE', 'SalesOrder', 22, 'Updated SO-00022 status to CONFIRMED'),
  (89, 12, 'CREATE', 'SalesOrder', 23, 'Created sales order SO-00023 for "VinUni Campus Store"'),
  (90, 12, 'UPDATE', 'SalesOrder', 23, 'Updated SO-00023 status to CANCELLED'),
  (91, 8, 'CREATE', 'SalesOrder', 24, 'Created sales order SO-00024 for "Student Services"'),
  (92, 8, 'UPDATE', 'SalesOrder', 24, 'Updated SO-00024 status to CONFIRMED'),
  (93, 7, 'CREATE', 'SalesOrder', 25, 'Created sales order SO-00025 for "Student Services"'),
  (94, 7, 'UPDATE', 'SalesOrder', 25, 'Updated SO-00025 status to CONFIRMED'),
  (95, 8, 'CREATE', 'SalesOrder', 26, 'Created sales order SO-00026 for "VinUni Campus Store"'),
  (96, 8, 'UPDATE', 'SalesOrder', 26, 'Updated SO-00026 status to CONFIRMED'),
  (97, 13, 'CREATE', 'SalesOrder', 27, 'Created sales order SO-00027 for "Guest Customer"'),
  (98, 13, 'UPDATE', 'SalesOrder', 27, 'Updated SO-00027 status to CONFIRMED'),
  (99, 7, 'CREATE', 'SalesOrder', 28, 'Created sales order SO-00028 for "Student Services"'),
  (100, 7, 'UPDATE', 'SalesOrder', 28, 'Updated SO-00028 status to CANCELLED'),
  (101, 14, 'CREATE', 'SalesOrder', 29, 'Created sales order SO-00029 for "External Customer"'),
  (102, 14, 'UPDATE', 'SalesOrder', 29, 'Updated SO-00029 status to CONFIRMED'),
  (103, 8, 'CREATE', 'SalesOrder', 30, 'Created sales order SO-00030 for "Library"'),
  (104, 8, 'UPDATE', 'SalesOrder', 30, 'Updated SO-00030 status to CONFIRMED'),
  (105, 6, 'CREATE', 'SalesOrder', 31, 'Created sales order SO-00031 for "Student Services"'),
  (106, 6, 'UPDATE', 'SalesOrder', 31, 'Updated SO-00031 status to CONFIRMED'),
  (107, 14, 'CREATE', 'SalesOrder', 32, 'Created sales order SO-00032 for "External Customer"'),
  (108, 14, 'UPDATE', 'SalesOrder', 32, 'Updated SO-00032 status to CONFIRMED'),
  (109, 9, 'CREATE', 'SalesOrder', 33, 'Created sales order SO-00033 for "Library"'),
  (110, 9, 'UPDATE', 'SalesOrder', 33, 'Updated SO-00033 status to CONFIRMED'),
  (111, 8, 'CREATE', 'SalesOrder', 34, 'Created sales order SO-00034 for "Guest Customer"'),
  (112, 8, 'UPDATE', 'SalesOrder', 34, 'Updated SO-00034 status to CONFIRMED'),
  (113, 15, 'CREATE', 'SalesOrder', 35, 'Created sales order SO-00035 for "External Customer"'),
  (114, 4, 'CREATE', 'Transfer', 1, 'Transferred 21 units of product #12 from location #1 to #8'),
  (115, 14, 'CREATE', 'Transfer', 2, 'Transferred 32 units of product #19 from location #8 to #2'),
  (116, 13, 'CREATE', 'Transfer', 3, 'Transferred 10 units of product #52 from location #6 to #2'),
  (117, 16, 'CREATE', 'Transfer', 4, 'Transferred 24 units of product #1 from location #5 to #8'),
  (118, 12, 'CREATE', 'Transfer', 5, 'Transferred 30 units of product #53 from location #6 to #1'),
  (119, 6, 'CREATE', 'Transfer', 6, 'Transferred 33 units of product #9 from location #6 to #2'),
  (120, 15, 'CREATE', 'Transfer', 7, 'Transferred 20 units of product #29 from location #6 to #3'),
  (121, 16, 'CREATE', 'Transfer', 8, 'Transferred 26 units of product #17 from location #4 to #1'),
  (122, 7, 'CREATE', 'Transfer', 9, 'Transferred 28 units of product #11 from location #5 to #6'),
  (123, 13, 'CREATE', 'Transfer', 10, 'Transferred 17 units of product #40 from location #4 to #2'),
  (124, 14, 'CREATE', 'Transfer', 11, 'Transferred 38 units of product #27 from location #8 to #7'),
  (125, 11, 'CREATE', 'Transfer', 12, 'Transferred 8 units of product #44 from location #8 to #5'),
  (126, 14, 'CREATE', 'Transfer', 13, 'Transferred 38 units of product #4 from location #4 to #5'),
  (127, 16, 'CREATE', 'Transfer', 14, 'Transferred 36 units of product #55 from location #8 to #1'),
  (128, 6, 'CREATE', 'Transfer', 15, 'Transferred 35 units of product #6 from location #8 to #7'),
  (129, 5, 'CREATE', 'Transfer', 16, 'Transferred 32 units of product #27 from location #1 to #5'),
  (130, 3, 'CREATE', 'Transfer', 17, 'Transferred 19 units of product #26 from location #1 to #6'),
  (131, 2, 'CREATE', 'Transfer', 18, 'Transferred 25 units of product #28 from location #2 to #5'),
  (132, 8, 'CREATE', 'Transfer', 19, 'Transferred 29 units of product #19 from location #3 to #7'),
  (133, 12, 'CREATE', 'Transfer', 20, 'Transferred 27 units of product #59 from location #8 to #7'),
  (134, 5, 'CREATE', 'Transfer', 21, 'Transferred 25 units of product #9 from location #2 to #8'),
  (135, 5, 'CREATE', 'Transfer', 22, 'Transferred 3 units of product #54 from location #1 to #3'),
  (136, 13, 'CREATE', 'Transfer', 23, 'Transferred 27 units of product #35 from location #4 to #2'),
  (137, 5, 'CREATE', 'Transfer', 24, 'Transferred 10 units of product #13 from location #1 to #7'),
  (138, 2, 'CREATE', 'Transfer', 25, 'Transferred 7 units of product #14 from location #2 to #5'),
  (139, 9, 'CREATE', 'Transfer', 26, 'Transferred 5 units of product #48 from location #7 to #4'),
  (140, 15, 'CREATE', 'Transfer', 27, 'Transferred 35 units of product #9 from location #5 to #2'),
  (141, 14, 'CREATE', 'Transfer', 28, 'Transferred 22 units of product #16 from location #3 to #6'),
  (142, 16, 'CREATE', 'Transfer', 29, 'Transferred 6 units of product #18 from location #3 to #6'),
  (143, 14, 'CREATE', 'Transfer', 30, 'Transferred 25 units of product #4 from location #7 to #8'),
  (144, 14, 'CREATE', 'Transfer', 31, 'Transferred 22 units of product #10 from location #7 to #2'),
  (145, 14, 'CREATE', 'Transfer', 32, 'Transferred 12 units of product #20 from location #8 to #1'),
  (146, 10, 'CREATE', 'Transfer', 33, 'Transferred 11 units of product #34 from location #7 to #2'),
  (147, 3, 'CREATE', 'Transfer', 34, 'Transferred 26 units of product #29 from location #2 to #5'),
  (148, 3, 'CREATE', 'Transfer', 35, 'Transferred 5 units of product #44 from location #2 to #8'),
  (149, 7, 'CREATE', 'Transfer', 36, 'Transferred 3 units of product #20 from location #4 to #2'),
  (150, 14, 'CREATE', 'Transfer', 37, 'Transferred 16 units of product #45 from location #7 to #2'),
  (151, 10, 'CREATE', 'Transfer', 38, 'Transferred 37 units of product #30 from location #6 to #3'),
  (152, 11, 'CREATE', 'Transfer', 39, 'Transferred 9 units of product #30 from location #8 to #7'),
  (153, 8, 'CREATE', 'Transfer', 40, 'Transferred 5 units of product #27 from location #4 to #6');
